CAUSABAS,group,deaths_2014_2024
P03,delivery,2
P030,delivery,141
P031,delivery,365
P032,delivery,25
P033,delivery,17
P034,delivery,34
P035,delivery,1577
P036,delivery,166
P038,delivery,1956
P039,delivery,682
P100,delivery,5
P101,delivery,13
P102,delivery,6
P103,delivery,3
P108,delivery,7
P109,delivery,12
P110,delivery,9
P111,delivery,12
P112,delivery,24
P113,delivery,1
P114,delivery,1
P115,delivery,5
P119,delivery,11
P120,delivery,4
P128,delivery,1
P129,delivery,3
P130,delivery,11
P131,delivery,2
P132,delivery,1
P134,delivery,5
P138,delivery,7
P139,delivery,5
P140,delivery,1
P142,delivery,1
P143,delivery,3
P148,delivery,1
P149,delivery,4
P150,delivery,6
P151,delivery,1
P152,delivery,1
P154,delivery,1
P155,delivery,1
P156,delivery,1
P158,delivery,42
P159,delivery,313
P20,delivery,3
P200,delivery,744
P201,delivery,701
P208,delivery,1
P209,delivery,3687
P21,delivery,7
P210,delivery,2997
P211,delivery,132
P219,delivery,6210
A021,illdef,2
A022,illdef,2
A044,illdef,1
A047,illdef,5
A048,illdef,2
A049,illdef,13
A052,illdef,1
A059,illdef,2
A060,illdef,1
A072,illdef,1
A073,illdef,1
A079,illdef,1
A083,illdef,3
A084,illdef,1
A085,illdef,1
A09,illdef,194
A099,illdef,2
A210,illdef,1
A228,illdef,1
A310,illdef,1
A319,illdef,1
A33,illdef,5
A368,illdef,1
A369,illdef,4
A370,illdef,6
A379,illdef,14
A390,illdef,1
A392,illdef,2
A394,illdef,5
A399,illdef,6
A419,illdef,1
A421,illdef,1
A449,illdef,2
A483,illdef,30
A491,illdef,1
A498,illdef,1
A499,illdef,11
A530,illdef,1
A541,illdef,1
A599,illdef,2
A799,illdef,1
A86,illdef,5
A878,illdef,1
A879,illdef,2
A90,illdef,7
A91,illdef,4
A920,illdef,4
A928,illdef,4
A929,illdef,1
A968,illdef,1
A99,illdef,1
B200,illdef,1
B207,illdef,1
B208,illdef,1
B209,illdef,1
B24,illdef,7
B332,illdef,2
B333,illdef,2
B340,illdef,1
B342,illdef,98
B348,illdef,1
B349,illdef,1
B49,illdef,7
B528,illdef,1
B550,illdef,2
B59,illdef,1
B749,illdef,1
B829,illdef,1
B832,illdef,1
B89,illdef,1
B99,illdef,68
C050,illdef,3
C069,illdef,1
C109,illdef,2
C169,illdef,2
C229,illdef,6
C249,illdef,1
C259,illdef,2
C260,illdef,1
C329,illdef,1
C349,illdef,8
C380,illdef,10
C383,illdef,3
C398,illdef,1
C410,illdef,1
C414,illdef,10
C418,illdef,1
C448,illdef,1
C488,illdef,1
C490,illdef,2
C492,illdef,1
C495,illdef,1
C499,illdef,1
C509,illdef,1
C64,illdef,5
C699,illdef,1
C710,illdef,6
C711,illdef,1
C719,illdef,10
C728,illdef,1
C729,illdef,5
C749,illdef,6
C753,illdef,1
C760,illdef,4
C762,illdef,1
C763,illdef,2
C783,illdef,1
C790,illdef,1
C80,illdef,2
C819,illdef,1
C830,illdef,1
C900,illdef,1
C920,illdef,5
C950,illdef,2
C957,illdef,1
C959,illdef,5
C969,illdef,1
D000,illdef,1
D021,illdef,1
D022,illdef,1
D043,illdef,1
D071,illdef,1
D103,illdef,1
D137,illdef,1
D151,illdef,3
D168,illdef,4
D179,illdef,1
D180,illdef,8
D181,illdef,25
D210,illdef,1
D212,illdef,1
D220,illdef,1
D229,illdef,1
D332,illdef,1
D339,illdef,1
D360,illdef,1
D369,illdef,3
D381,illdef,2
D419,illdef,1
D430,illdef,5
D432,illdef,1
D439,illdef,1
D45,illdef,1
D464,illdef,1
D467,illdef,1
D477,illdef,1
D479,illdef,1
D480,illdef,3
D481,illdef,2
D487,illdef,6
D489,illdef,2
D508,illdef,1
D509,illdef,4
D539,illdef,1
D559,illdef,1
D571,illdef,3
D582,illdef,1
D588,illdef,1
D589,illdef,3
D590,illdef,1
D593,illdef,2
D599,illdef,2
D610,illdef,2
D62,illdef,2
D649,illdef,6
D65,illdef,10
D66,illdef,1
D683,illdef,1
D688,illdef,2
D689,illdef,51
D691,illdef,1
D692,illdef,1
D695,illdef,1
D696,illdef,2
D699,illdef,2
D70,illdef,4
D735,illdef,1
D740,illdef,1
D749,illdef,1
D761,illdef,1
D801,illdef,1
E031,illdef,1
E039,illdef,1
E15,illdef,1
E161,illdef,6
E162,illdef,1
E222,illdef,2
E230,illdef,1
E240,illdef,1
E250,illdef,10
E271,illdef,3
E274,illdef,1
E278,illdef,1
E343,illdef,3
E348,illdef,1
E349,illdef,1
E40,illdef,1
E43,illdef,30
E440,illdef,4
E441,illdef,3
E45,illdef,1
E46,illdef,37
E639,illdef,1
E672,illdef,1
E702,illdef,1
E703,illdef,2
E710,illdef,3
E711,illdef,1
E713,illdef,1
E722,illdef,4
E723,illdef,1
E728,illdef,4
E729,illdef,5
E740,illdef,1
E744,illdef,2
E749,illdef,2
E756,illdef,1
E780,illdef,1
E781,illdef,1
E788,illdef,1
E789,illdef,2
E807,illdef,1
E831,illdef,3
E833,illdef,1
E835,illdef,6
E839,illdef,1
E840,illdef,3
E841,illdef,16
E848,illdef,1
E849,illdef,2
E86,illdef,4
E870,illdef,1
E872,illdef,92
E874,illdef,7
E875,illdef,17
E876,illdef,2
E877,illdef,1
E878,illdef,28
E880,illdef,3
E888,illdef,5
E889,illdef,61
F199,illdef,1
F200,illdef,1
F99,illdef,1
G001,illdef,4
G002,illdef,11
G008,illdef,15
G009,illdef,59
G030,illdef,1
G039,illdef,51
G049,illdef,5
G128,illdef,1
G129,illdef,1
G249,illdef,1
G30,illdef,1
G402,illdef,1
G409,illdef,1
G410,illdef,2
G419,illdef,1
G474,illdef,1
G479,illdef,1
G600,illdef,1
G608,illdef,1
G609,illdef,1
G710,illdef,2
G712,illdef,1
G800,illdef,1
G809,illdef,2
G903,illdef,2
G909,illdef,3
G912,illdef,1
G913,illdef,1
G92,illdef,1
G932,illdef,1
G934,illdef,6
G935,illdef,1
G936,illdef,7
G938,illdef,1
G939,illdef,3
G950,illdef,1
G959,illdef,1
G968,illdef,1
G98,illdef,1
H351,illdef,13
H433,illdef,1
H669,illdef,1
I010,illdef,1
I018,illdef,1
I10,illdef,1
I209,illdef,1
I21,illdef,1
I219,illdef,4
I229,illdef,1
I25,illdef,1
I251,illdef,2
I255,illdef,3
I259,illdef,1
I260,illdef,4
I269,illdef,4
I288,illdef,1
I289,illdef,1
I309,illdef,1
I311,illdef,1
I313,illdef,15
I318,illdef,1
I319,illdef,13
I330,illdef,2
I339,illdef,1
I400,illdef,1
I409,illdef,1
I420,illdef,9
I421,illdef,3
I422,illdef,9
I424,illdef,79
I428,illdef,2
I429,illdef,24
I442,illdef,4
I443,illdef,1
I456,illdef,1
I46,illdef,6
I461,illdef,20
I471,illdef,3
I48,illdef,4
I49,illdef,1
I499,illdef,1
I509,illdef,1
I51,illdef,1
I61,illdef,1
I636,illdef,1
I639,illdef,1
I64,illdef,3
I671,illdef,1
I719,illdef,2
I739,illdef,2
I742,illdef,1
I749,illdef,3
I779,illdef,1
I808,illdef,1
I81,illdef,1
I820,illdef,1
I829,illdef,2
I832,illdef,1
I871,illdef,1
I898,illdef,2
I99,illdef,1
J028,illdef,1
J039,illdef,1
J042,illdef,1
J069,illdef,4
J100,illdef,2
J108,illdef,2
J110,illdef,3
J111,illdef,2
J118,illdef,3
J120,illdef,1
J121,illdef,2
J128,illdef,1
J129,illdef,10
J150,illdef,4
J152,illdef,2
J158,illdef,10
J159,illdef,58
J168,illdef,5
J180,illdef,142
J181,illdef,14
J182,illdef,1
J188,illdef,7
J189,illdef,331
J205,illdef,1
J208,illdef,1
J209,illdef,5
J210,illdef,29
J218,illdef,5
J219,illdef,63
J22,illdef,12
J384,illdef,1
J398,illdef,1
J399,illdef,3
J448,illdef,1
J449,illdef,1
J459,illdef,2
J46,illdef,5
J680,illdef,4
J698,illdef,1
J708,illdef,2
J709,illdef,3
J80,illdef,2
J81,illdef,39
J841,illdef,1
J849,illdef,6
J860,illdef,1
J869,illdef,3
J90,illdef,10
J940,illdef,2
J942,illdef,1
J948,illdef,1
J96,illdef,7
J969,illdef,1
J98,illdef,1
K092,illdef,1
K210,illdef,1
K219,illdef,6
K223,illdef,1
K226,illdef,1
K228,illdef,1
K229,illdef,1
K251,illdef,1
K269,illdef,1
K290,illdef,1
K30,illdef,1
K318,illdef,1
K37,illdef,1
K403,illdef,4
K409,illdef,1
K420,illdef,1
K429,illdef,7
K469,illdef,1
K529,illdef,3
K562,illdef,3
K565,illdef,1
K566,illdef,10
K579,illdef,2
K591,illdef,1
K593,illdef,1
K602,illdef,1
K605,illdef,1
K623,illdef,1
K631,illdef,5
K632,illdef,1
K633,illdef,1
K639,illdef,1
K668,illdef,5
K669,illdef,2
K710,illdef,1
K72,illdef,1
K720,illdef,1
K729,illdef,6
K750,illdef,3
K752,illdef,1
K760,illdef,1
K767,illdef,1
K768,illdef,2
K769,illdef,3
K830,illdef,1
K831,illdef,5
K859,illdef,1
K900,illdef,1
K928,illdef,1
K929,illdef,2
L00,illdef,5
L010,illdef,1
L029,illdef,1
L031,illdef,1
L033,illdef,1
L059,illdef,1
L080,illdef,2
L089,illdef,3
L88,illdef,1
L89,illdef,1
M303,illdef,4
M319,illdef,1
M321,illdef,2
M329,illdef,1
M622,illdef,5
M759,illdef,1
N049,illdef,1
N078,illdef,1
N10,illdef,2
N12,illdef,1
N133,illdef,3
N139,illdef,1
N17,illdef,1
N19,illdef,5
N270,illdef,1
N271,illdef,1
N279,illdef,1
N288,illdef,1
N300,illdef,1
N309,illdef,1
N359,illdef,1
N399,illdef,2
N47,illdef,1
N501,illdef,1
N719,illdef,1
N879,illdef,1
P96,illdef,4
P960,illdef,1592
P961,illdef,24
P962,illdef,7
P963,illdef,4
P964,illdef,195
P965,illdef,31
P968,illdef,1902
P969,illdef,4236
R042,illdef,1
R049,illdef,1
R062,illdef,1
R071,illdef,1
R072,illdef,3
R092,illdef,4
R098,illdef,1
R162,illdef,3
R229,illdef,1
R50,illdef,1
R570,illdef,35
R571,illdef,12
R578,illdef,11
R579,illdef,21
R58,illdef,1
R628,illdef,1
R630,illdef,2
R638,illdef,3
R688,illdef,54
R897,illdef,1
R899,illdef,2
R942,illdef,1
R95,illdef,627
R96,illdef,2
R98,illdef,400
R99,illdef,479
V031,illdef,2
V093,illdef,2
V099,illdef,1
V129,illdef,1
V235,illdef,1
V285,illdef,2
V295,illdef,1
V299,illdef,2
V409,illdef,1
V431,illdef,1
V434,illdef,1
V436,illdef,10
V439,illdef,1
V446,illdef,4
V476,illdef,3
V484,illdef,1
V486,illdef,5
V489,illdef,1
V496,illdef,1
V499,illdef,9
V536,illdef,1
V546,illdef,1
V581,illdef,1
V872,illdef,1
V877,illdef,1
V892,illdef,6
V899,illdef,1
V915,illdef,1
V919,illdef,1
V98,illdef,1
V99,illdef,2
W010,illdef,1
W040,illdef,6
W048,illdef,1
W049,illdef,1
W060,illdef,3
W065,illdef,1
W069,illdef,1
W109,illdef,1
W130,illdef,1
W170,illdef,2
W172,illdef,1
W178,illdef,2
W179,illdef,1
W180,illdef,3
W184,illdef,1
W188,illdef,1
W189,illdef,3
W190,illdef,4
W192,illdef,1
W199,illdef,8
W209,illdef,1
W269,illdef,1
W324,illdef,1
W340,illdef,1
W499,illdef,1
W500,illdef,2
W540,illdef,5
W550,illdef,1
W640,illdef,1
W650,illdef,2
W689,illdef,1
W690,illdef,1
W694,illdef,1
W698,illdef,1
W699,illdef,1
W730,illdef,4
W732,illdef,1
W740,illdef,3
W747,illdef,1
W748,illdef,1
W749,illdef,1
W750,illdef,80
W751,illdef,2
W752,illdef,4
W758,illdef,2
W759,illdef,7
W769,illdef,1
W779,illdef,2
W78,illdef,1
W780,illdef,180
W781,illdef,1
W782,illdef,12
W788,illdef,12
W789,illdef,127
W79,illdef,2
W790,illdef,115
W791,illdef,2
W792,illdef,13
W795,illdef,1
W797,illdef,1
W798,illdef,6
W799,illdef,70
W800,illdef,3
W802,illdef,1
W809,illdef,2
W819,illdef,1
W830,illdef,5
W831,illdef,1
W834,illdef,2
W840,illdef,62
W842,illdef,6
W848,illdef,3
W849,illdef,197
W899,illdef,1
X090,illdef,3
X092,illdef,1
X099,illdef,1
X120,illdef,1
X200,illdef,1
X229,illdef,1
X318,illdef,1
X370,illdef,1
X422,illdef,1
X432,illdef,1
X440,illdef,1
X470,illdef,1
X499,illdef,1
X580,illdef,1
X590,illdef,2
X599,illdef,10
X700,illdef,1
X870,illdef,1
X909,illdef,1
X910,illdef,19
X912,illdef,1
X914,illdef,4
X917,illdef,1
X918,illdef,3
X919,illdef,14
X920,illdef,4
X922,illdef,2
X928,illdef,3
X929,illdef,1
X934,illdef,1
X939,illdef,1
X950,illdef,2
X951,illdef,1
X954,illdef,4
X959,illdef,5
X979,illdef,1
X990,illdef,17
X992,illdef,1
X998,illdef,2
X999,illdef,8
Y000,illdef,5
Y002,illdef,2
Y009,illdef,9
Y014,illdef,1
Y019,illdef,1
Y040,illdef,3
Y042,illdef,1
Y061,illdef,11
Y068,illdef,2
Y069,illdef,4
Y071,illdef,10
Y079,illdef,4
Y080,illdef,1
Y088,illdef,1
Y089,illdef,1
Y090,illdef,35
Y094,illdef,1
Y098,illdef,54
Y099,illdef,201
Y149,illdef,1
Y190,illdef,1
Y200,illdef,17
Y202,illdef,4
Y204,illdef,1
Y209,illdef,13
Y210,illdef,4
Y212,illdef,1
Y218,illdef,1
Y219,illdef,1
Y249,illdef,1
Y289,illdef,1
Y290,illdef,9
Y294,illdef,1
Y299,illdef,11
Y300,illdef,1
Y301,illdef,1
Y309,illdef,2
Y330,illdef,6
Y338,illdef,1
Y339,illdef,1
Y340,illdef,34
Y342,illdef,5
Y344,illdef,4
Y346,illdef,1
Y348,illdef,3
Y349,illdef,121
Y484,illdef,1
Y606,illdef,1
Y651,illdef,1
Y832,illdef,1
Y834,illdef,4
Y838,illdef,23
Y839,illdef,3
Y848,illdef,2
Q00,malformation,7
Q000,malformation,4525
Q001,malformation,15
Q002,malformation,6
Q010,malformation,22
Q011,malformation,4
Q012,malformation,137
Q018,malformation,22
Q019,malformation,327
Q02,malformation,276
Q030,malformation,4
Q031,malformation,177
Q038,malformation,36
Q039,malformation,672
Q040,malformation,45
Q041,malformation,2
Q042,malformation,513
Q043,malformation,430
Q044,malformation,2
Q045,malformation,3
Q046,malformation,7
Q048,malformation,90
Q049,malformation,368
Q05,malformation,1
Q050,malformation,11
Q051,malformation,5
Q052,malformation,17
Q053,malformation,10
Q054,malformation,102
Q055,malformation,2
Q056,malformation,2
Q057,malformation,8
Q058,malformation,5
Q059,malformation,246
Q061,malformation,8
Q063,malformation,3
Q068,malformation,2
Q069,malformation,13
Q070,malformation,44
Q078,malformation,32
Q079,malformation,266
Q174,malformation,1
Q188,malformation,1
Q189,malformation,18
Q20,malformation,1
Q200,malformation,295
Q201,malformation,143
Q202,malformation,22
Q203,malformation,654
Q204,malformation,104
Q205,malformation,18
Q206,malformation,15
Q208,malformation,204
Q209,malformation,273
Q210,malformation,263
Q211,malformation,242
Q212,malformation,174
Q213,malformation,407
Q214,malformation,9
Q218,malformation,145
Q219,malformation,153
Q220,malformation,314
Q221,malformation,89
Q222,malformation,8
Q223,malformation,43
Q224,malformation,103
Q225,malformation,185
Q226,malformation,104
Q228,malformation,53
Q229,malformation,38
Q230,malformation,84
Q231,malformation,18
Q232,malformation,26
Q233,malformation,14
Q234,malformation,1535
Q238,malformation,25
Q239,malformation,28
Q24,malformation,4
Q240,malformation,54
Q241,malformation,4
Q242,malformation,5
Q243,malformation,4
Q244,malformation,15
Q245,malformation,41
Q246,malformation,105
Q248,malformation,1371
Q249,malformation,7819
Q25,malformation,1
Q250,malformation,917
Q251,malformation,453
Q252,malformation,20
Q253,malformation,18
Q254,malformation,156
Q255,malformation,105
Q256,malformation,59
Q257,malformation,182
Q258,malformation,181
Q259,malformation,204
Q260,malformation,1
Q261,malformation,2
Q262,malformation,75
Q263,malformation,2
Q264,malformation,24
Q266,malformation,1
Q268,malformation,50
Q269,malformation,32
Q270,malformation,28
Q271,malformation,2
Q272,malformation,1
Q273,malformation,13
Q278,malformation,16
Q279,malformation,16
Q280,malformation,3
Q282,malformation,39
Q283,malformation,14
Q288,malformation,21
Q289,malformation,124
Q300,malformation,13
Q301,malformation,11
Q302,malformation,1
Q308,malformation,7
Q309,malformation,13
Q310,malformation,2
Q311,malformation,8
Q312,malformation,1
Q315,malformation,10
Q318,malformation,9
Q319,malformation,15
Q320,malformation,7
Q321,malformation,124
Q324,malformation,10
Q33,malformation,1
Q330,malformation,65
Q331,malformation,3
Q332,malformation,11
Q333,malformation,58
Q334,malformation,2
Q335,malformation,7
Q336,malformation,3886
Q338,malformation,197
Q339,malformation,370
Q340,malformation,2
Q341,malformation,4
Q348,malformation,24
Q349,malformation,121
Q351,malformation,2
Q353,malformation,2
Q355,malformation,1
Q359,malformation,55
Q360,malformation,1
Q369,malformation,21
Q370,malformation,1
Q371,malformation,4
Q374,malformation,1
Q375,malformation,3
Q378,malformation,2
Q379,malformation,42
Q380,malformation,2
Q382,malformation,1
Q383,malformation,5
Q385,malformation,5
Q386,malformation,4
Q388,malformation,8
Q390,malformation,469
Q391,malformation,330
Q392,malformation,40
Q393,malformation,13
Q398,malformation,10
Q399,malformation,46
Q400,malformation,15
Q401,malformation,10
Q402,malformation,5
Q403,malformation,8
Q408,malformation,6
Q409,malformation,16
Q41,malformation,1
Q410,malformation,136
Q411,malformation,65
Q412,malformation,36
Q418,malformation,13
Q419,malformation,86
Q420,malformation,7
Q421,malformation,19
Q422,malformation,44
Q423,malformation,144
Q428,malformation,14
Q429,malformation,22
Q430,malformation,9
Q431,malformation,59
Q432,malformation,2
Q433,malformation,38
Q434,malformation,1
Q436,malformation,7
Q437,malformation,6
Q438,malformation,73
Q439,malformation,142
Q440,malformation,2
Q441,malformation,3
Q442,malformation,7
Q443,malformation,1
Q444,malformation,3
Q445,malformation,3
Q446,malformation,7
Q447,malformation,47
Q451,malformation,23
Q453,malformation,2
Q458,malformation,21
Q459,malformation,75
Q502,malformation,1
Q503,malformation,1
Q513,malformation,2
Q519,malformation,1
Q520,malformation,1
Q522,malformation,1
Q528,malformation,3
Q529,malformation,3
Q532,malformation,2
Q540,malformation,1
Q548,malformation,1
Q549,malformation,5
Q550,malformation,1
Q552,malformation,2
Q556,malformation,1
Q558,malformation,1
Q559,malformation,8
Q560,malformation,4
Q563,malformation,1
Q564,malformation,52
Q600,malformation,58
Q601,malformation,503
Q602,malformation,263
Q603,malformation,6
Q604,malformation,50
Q605,malformation,27
Q606,malformation,546
Q610,malformation,22
Q611,malformation,41
Q612,malformation,2
Q613,malformation,400
Q614,malformation,242
Q615,malformation,3
Q618,malformation,15
Q619,malformation,100
Q620,malformation,141
Q621,malformation,7
Q622,malformation,6
Q623,malformation,11
Q624,malformation,2
Q627,malformation,9
Q628,malformation,4
Q631,malformation,3
Q632,malformation,4
Q633,malformation,2
Q638,malformation,36
Q639,malformation,319
Q640,malformation,1
Q641,malformation,10
Q642,malformation,59
Q643,malformation,7
Q644,malformation,4
Q645,malformation,22
Q647,malformation,31
Q648,malformation,42
Q649,malformation,125
Q659,malformation,2
Q668,malformation,1
Q674,malformation,5
Q678,malformation,7
Q688,malformation,7
Q740,malformation,2
Q743,malformation,6
Q749,malformation,21
Q75,malformation,1
Q750,malformation,9
Q751,malformation,2
Q752,malformation,7
Q753,malformation,37
Q754,malformation,4
Q758,malformation,25
Q759,malformation,129
Q76,malformation,1
Q760,malformation,4
Q763,malformation,3
Q764,malformation,16
Q765,malformation,1
Q766,malformation,2
Q767,malformation,2
Q768,malformation,16
Q769,malformation,40
Q770,malformation,9
Q771,malformation,272
Q772,malformation,9
Q774,malformation,71
Q775,malformation,3
Q776,malformation,1
Q777,malformation,2
Q778,malformation,12
Q779,malformation,33
Q780,malformation,147
Q781,malformation,1
Q782,malformation,1
Q788,malformation,7
Q789,malformation,62
Q790,malformation,2371
Q791,malformation,46
Q792,malformation,490
Q793,malformation,1614
Q794,malformation,84
Q795,malformation,168
Q796,malformation,1
Q798,malformation,62
Q799,malformation,104
Q802,malformation,3
Q809,malformation,9
Q811,malformation,2
Q819,malformation,5
Q849,malformation,1
Q851,malformation,1
Q860,malformation,10
Q862,malformation,2
Q868,malformation,3
Q870,malformation,126
Q871,malformation,34
Q872,malformation,76
Q873,malformation,6
Q874,malformation,5
Q875,malformation,120
Q878,malformation,411
Q89,malformation,3
Q890,malformation,12
Q891,malformation,9
Q892,malformation,12
Q893,malformation,24
Q894,malformation,350
Q897,malformation,3863
Q898,malformation,382
Q899,malformation,2673
Q900,malformation,9
Q901,malformation,2
Q902,malformation,1
Q909,malformation,441
Q910,malformation,46
Q911,malformation,22
Q912,malformation,80
Q913,malformation,1317
Q914,malformation,16
Q915,malformation,14
Q916,malformation,39
Q917,malformation,901
Q920,malformation,2
Q921,malformation,3
Q922,malformation,1
Q925,malformation,1
Q927,malformation,24
Q928,malformation,29
Q929,malformation,14
Q930,malformation,2
Q931,malformation,2
Q932,malformation,1
Q933,malformation,7
Q934,malformation,2
Q935,malformation,4
Q938,malformation,2
Q939,malformation,3
Q968,malformation,2
Q969,malformation,18
Q978,malformation,1
Q979,malformation,3
Q980,malformation,1
Q984,malformation,2
Q985,malformation,1
Q987,malformation,4
Q988,malformation,1
Q989,malformation,1
Q990,malformation,2
Q998,malformation,43
Q999,malformation,593
P22,newborn,17
P220,newborn,18675
P221,newborn,159
P228,newborn,462
P229,newborn,3887
P230,newborn,22
P231,newborn,3
P232,newborn,5
P233,newborn,13
P234,newborn,3
P235,newborn,1
P236,newborn,44
P238,newborn,50
P239,newborn,2347
P24,newborn,2
P240,newborn,5117
P241,newborn,292
P242,newborn,29
P243,newborn,627
P248,newborn,117
P249,newborn,1598
P250,newborn,35
P251,newborn,1176
P252,newborn,29
P253,newborn,18
P258,newborn,40
P26,newborn,5
P260,newborn,38
P261,newborn,719
P268,newborn,121
P269,newborn,3490
P270,newborn,24
P271,newborn,176
P278,newborn,84
P279,newborn,60
P28,newborn,3
P280,newborn,2763
P281,newborn,146
P282,newborn,90
P283,newborn,72
P284,newborn,178
P285,newborn,3076
P288,newborn,358
P289,newborn,391
P29,newborn,1
P290,newborn,1068
P291,newborn,1818
P292,newborn,571
P293,newborn,1141
P294,newborn,20
P298,newborn,693
P299,newborn,447
P350,newborn,6
P351,newborn,65
P352,newborn,13
P353,newborn,8
P354,newborn,1
P358,newborn,46
P359,newborn,32
P36,newborn,14
P360,newborn,147
P361,newborn,282
P362,newborn,41
P363,newborn,96
P364,newborn,28
P365,newborn,37
P368,newborn,935
P369,newborn,25204
P370,newborn,2
P371,newborn,162
P372,newborn,7
P374,newborn,2
P375,newborn,88
P378,newborn,68
P379,newborn,84
P38,newborn,238
P390,newborn,41
P391,newborn,7
P392,newborn,145
P393,newborn,118
P394,newborn,29
P398,newborn,257
P399,newborn,2174
P500,newborn,11
P501,newborn,4
P502,newborn,10
P503,newborn,2
P504,newborn,2
P505,newborn,4
P508,newborn,19
P509,newborn,90
P510,newborn,14
P518,newborn,7
P519,newborn,45
P520,newborn,11
P521,newborn,12
P522,newborn,49
P523,newborn,116
P524,newborn,160
P525,newborn,19
P526,newborn,15
P528,newborn,52
P529,newborn,432
P53,newborn,375
P54,newborn,1
P540,newborn,20
P541,newborn,2
P542,newborn,4
P543,newborn,137
P544,newborn,2
P545,newborn,5
P546,newborn,1
P548,newborn,89
P549,newborn,182
P560,newborn,82
P569,newborn,234
P57,newborn,1
P570,newborn,56
P578,newborn,14
P579,newborn,241
P580,newborn,1
P581,newborn,3
P582,newborn,181
P583,newborn,1
P585,newborn,9
P588,newborn,11
P589,newborn,13
P590,newborn,98
P591,newborn,2
P592,newborn,22
P593,newborn,1
P598,newborn,35
P599,newborn,208
P60,newborn,830
P610,newborn,124
P611,newborn,10
P612,newborn,132
P613,newborn,26
P614,newborn,117
P615,newborn,11
P616,newborn,136
P618,newborn,36
P619,newborn,266
P700,newborn,383
P701,newborn,243
P702,newborn,23
P703,newborn,8
P704,newborn,111
P708,newborn,5
P709,newborn,33
P71,newborn,1
P72,newborn,1
P721,newborn,5
P728,newborn,1
P729,newborn,9
P740,newborn,141
P741,newborn,94
P742,newborn,10
P743,newborn,14
P744,newborn,26
P745,newborn,1
P748,newborn,54
P749,newborn,48
P760,newborn,44
P761,newborn,18
P762,newborn,2
P768,newborn,72
P769,newborn,184
P77,newborn,4941
P780,newborn,507
P781,newborn,126
P782,newborn,1
P783,newborn,26
P788,newborn,306
P789,newborn,85
P800,newborn,18
P808,newborn,15
P809,newborn,157
P810,newborn,6
P818,newborn,4
P819,newborn,50
P830,newborn,6
P831,newborn,3
P832,newborn,1172
P833,newborn,216
P835,newborn,6
P838,newborn,30
P839,newborn,28
P90,newborn,238
P910,newborn,28
P911,newborn,1
P912,newborn,6
P914,newborn,41
P915,newborn,23
P916,newborn,291
P918,newborn,53
P919,newborn,23
P920,newborn,16
P921,newborn,31
P922,newborn,2
P923,newborn,18
P924,newborn,1
P925,newborn,16
P928,newborn,23
P929,newborn,42
P93,newborn,3
P940,newborn,4
P941,newborn,2
P942,newborn,12
P948,newborn,2
P949,newborn,5
P95,newborn,1
A50,prenatal,1
A500,prenatal,182
A501,prenatal,15
A502,prenatal,1130
A509,prenatal,563
P00,prenatal,1
P000,prenatal,10849
P001,prenatal,5797
P002,prenatal,2643
P003,prenatal,393
P004,prenatal,127
P005,prenatal,251
P006,prenatal,23
P007,prenatal,38
P008,prenatal,1463
P009,prenatal,724
P010,prenatal,3961
P011,prenatal,6643
P012,prenatal,1403
P013,prenatal,350
P014,prenatal,9
P015,prenatal,2918
P016,prenatal,35
P017,prenatal,151
P018,prenatal,348
P019,prenatal,391
P02,prenatal,1
P020,prenatal,503
P021,prenatal,5663
P022,prenatal,913
P023,prenatal,473
P024,prenatal,455
P025,prenatal,508
P026,prenatal,182
P027,prenatal,5372
P028,prenatal,247
P029,prenatal,234
P040,prenatal,6
P041,prenatal,93
P042,prenatal,116
P043,prenatal,51
P044,prenatal,319
P045,prenatal,1
P046,prenatal,3
P048,prenatal,43
P049,prenatal,42
P05,prenatal,1
P050,prenatal,314
P051,prenatal,179
P052,prenatal,37
P059,prenatal,866
P07,prenatal,20
P070,prenatal,5816
P071,prenatal,1240
P072,prenatal,6283
P073,prenatal,2700
P080,prenatal,2
P081,prenatal,1
P082,prenatal,9
P550,prenatal,229
P551,prenatal,31
P558,prenatal,33
P559,prenatal,203
