UF,b_global,sd_global,classified_global,departs_global,b_exposure,sd_exposure,classified_exposure,departs_exposure,slope_own,se_own,slope_rest,contrast,t,p,departs_unpooled,contrast_se,contrast_lo,contrast_hi
AC,-0.0058629157981441,0.0036619402086926,False,False,-0.0036296102981349,0.0047765645732671,False,False,0.0098883726465002,0.0113399042324527,-0.0064574190036932,0.0163457916501935,1.430765957598439,0.1862871101286263,False,0.011424504170919851,-0.009498232291470808,0.04218981559185781
AL,-0.0072250816676589,0.0035225554821359,True,False,-0.0108715155583989,0.004088556070407,True,False,-0.0175749454723939,0.0057003659816906,-0.0061465735938547,-0.0114283718785392,-1.952342495012951,0.0826551560402999,False,0.005853671631761203,-0.02467029708899646,0.0018135533319180615
AM,-0.0062437967801147,0.0034188835371636,False,False,-0.0037412075655648,0.0035550500649028,False,False,-0.0003016843185931,0.0049596414027633,-0.0065870215629963,0.0062853372444031,1.2225117632853562,0.2525623402517236,False,0.005141330687495389,-0.005345160796628813,0.017915835285435014
AP,-0.0063503035849127,0.0035576403229037,False,False,-0.0055617014672592,0.0045294485903063,False,False,0.0005108104479593,0.006379346234709,-0.0064005577021938,0.0069113681501532,1.0583435266911947,0.3174763108944576,False,0.006530363701246326,-0.007861340872298572,0.02168407717260497
BA,-0.0068971638019219,0.0035065040842715,True,False,-0.0094808403966682,0.0027145555149184,True,False,-0.0108254788561715,0.0021363054097523,-0.0058627566130422,-0.0049627222431292,-1.928552667826592,0.0858715083251091,False,0.0025732884177449016,-0.010783905069276487,0.0008584605830180879
CE,-0.0070167644825157,0.00342121866672,True,False,-0.0105335603535272,0.0033458444169675,True,False,-0.01343967451715,0.0047160876871602,-0.0060372957338261,-0.0074023787833239,-1.505653286926189,0.1664184194796452,False,0.004916390013291807,-0.018524025667001523,0.003719268100353723
DF,-0.0071847157031332,0.0036051676688723,True,False,-0.0101137094542814,0.0043214186721526,True,False,-0.0172900303478721,0.0069206890486238,-0.006228821992686,-0.011061208355186,-1.568734760724076,0.1511550127202476,False,0.007051037965194647,-0.027011764393313147,0.0048893476829411486
ES,-0.0065932581955809,0.0034392863454685,False,False,-0.0066681134160327,0.0038425712495759,False,False,-0.0066380211826853,0.0055934809206638,-0.006326584087521,-0.0003114370951642,-0.0541774874562679,0.9579773278482776,False,0.005748459550022363,-0.013315356041303034,0.012692481850974633
GO,-0.0068463255772468,0.0034549869978181,False,False,-0.0084956222185661,0.0033948597493685,True,False,-0.0099421669388172,0.0039502747375497,-0.0062302167065582,-0.0037119502322589,-0.8856433458243882,0.3988543851743993,False,0.004191247243893291,-0.013193210206090343,0.005769309741572543
MA,-0.007188389395981,0.0035093915508531,True,False,-0.0114416979968621,0.0034372291545581,True,False,-0.0152170689246785,0.0040663234120823,-0.0059245307165445,-0.0092925382081339,-2.166181234571604,0.0584760083936479,False,0.004289824904688386,-0.01899679634342486,0.0004117199271570591
MG,-0.006474628302804,0.0034177129170143,False,False,-0.0049292416125196,0.0025469644184934,False,False,-0.0039949239543314,0.0014940969721636,-0.0065429605735049,0.0025480366191734,1.2395455013740655,0.2464909037700438,False,0.0020556216906510018,-0.0021021027123361196,0.00719817595068292
MS,-0.0066914138288425,0.003373069356881,False,False,-0.0070119021755039,0.0039088695428072,False,False,-0.0078508109725578,0.0076209944573301,-0.0063256714131003,-0.0015251395594575,-0.1971324834576382,0.8481039190699828,False,0.007736622258833549,-0.01902659501814184,0.01597631589922684
MT,-0.006352520948542,0.0034504930593384,False,False,-0.0049011937338327,0.0038093666031797,False,False,-0.0018979863924649,0.0056309561209285,-0.0064639602615871,0.0045659738691222,0.7902565113672083,0.4496980945999786,False,0.0057778377064210355,-0.008504403083943696,0.017636350822188097
PA,-0.0069844229747466,0.0034593086973031,True,False,-0.0102122104503789,0.0030406145346616,True,False,-0.0123220859075293,0.002073656200435,-0.0060427143935371,-0.0062793715139921,-2.4970850650285157,0.0340241697192784,True,0.002514680657833494,-0.011967974376260241,-0.0005907686517239606
PB,-0.0063841790671706,0.0033723276126981,False,False,-0.00491261331386,0.0038048868790898,False,False,-0.001910778240775,0.0074232644968613,-0.0064532389866169,0.0045424607458418,0.6019596164525277,0.5620568713837915,False,0.007546122068140482,-0.012528053341951794,0.021612974833635393
PE,-0.0067203681868666,0.003439320565729,False,False,-0.0072009350921057,0.0030413022370411,True,False,-0.0075004970031142,0.0039592933504258,-0.006289697374449,-0.0012107996286652,-0.2890272903858221,0.779107506722925,False,0.004189222502307327,-0.010687479318815139,0.008265880061484739
PI,-0.0076777557262282,0.0036196442570294,True,False,-0.0138685343896555,0.0045797016431698,True,False,-0.0252430710700874,0.0045998890669824,-0.0059920543659311,-0.0192510167041562,-4.018178032852452,0.0030263541655113,True,0.004790981521167233,-0.030088969869098498,-0.008413063539213905
PR,-0.0069088183769062,0.0034256138851435,True,False,-0.0090011452127241,0.0031132895344457,True,False,-0.0109443484030988,0.0045643718659027,-0.006111987293042,-0.0048323611100568,-1.0190732905317084,0.3347790868020917,False,0.004741917146641615,-0.015559322948727753,0.005894600728614154
RJ,-0.0059902594400139,0.0035504933631533,False,False,-0.0005498408192364,0.0030657610254349,False,True,0.0028808347988326,0.0019248539847282,-0.0070866848377584,0.0099675196365911,4.1321665855849155,0.0025512364810229,True,0.0024121775901685192,0.004510794823050072,0.01542424445013213
RN,-0.0067115807131999,0.0034794825606388,False,False,-0.0073245861189045,0.0038347782667122,False,False,-0.008531858921481,0.0074340925920146,-0.0063195665033949,-0.002212292418086,-0.2924348952165659,0.7765837276104879,False,0.007565076720572839,-0.019325684908647802,0.0149011000724758
RO,-0.0069557206990072,0.0035073485266183,True,False,-0.0086343179444384,0.0043820627065173,True,False,-0.0139477091767341,0.0083852712217132,-0.0062834549605518,-0.0076642542161822,-0.90172325219602,0.390696809169859,False,0.008499563693757468,-0.026891603106675224,0.011563094674310825
RR,-0.006096995179818,0.0035571480757336,False,False,-0.0047830433803351,0.004687719159209,False,False,0.0053210163648167,0.0130088090658052,-0.0064789643364263,0.0117999807012431,0.902040028721108,0.3905373054087331,False,0.013081437991141974,-0.017792287950119275,0.04139224935260548
RS,-0.0064144359174825,0.0034786478543032,False,False,-0.0042842266577509,0.0031840294325304,False,False,-0.0022033879927648,0.0037065546290937,-0.0065644660712448,0.0043610780784799,1.10445544820325,0.2980469294707926,False,0.003948622903327235,-0.004571327505470848,0.013293483662430647
SC,-0.0064661367084263,0.0035296319315984,False,False,-0.0052541304525018,0.0034181834455354,False,False,-0.0034445288728734,0.0051901547327325,-0.0062822763299595,0.002837747457086,0.526748198028999,0.6111028454561551,False,0.0053872940955552616,-0.009349158469274813,0.015024653383446811
SE,-0.0064471510004165,0.0034721161000297,False,False,-0.0056934034006244,0.0040418786979391,False,False,-0.0025396504364737,0.0085638644011932,-0.0064112556752448,0.0038716052387711,0.4461323495478935,0.6660416539572964,False,0.00867815401123579,-0.015759743017611915,0.023502953495154116
SP,-0.0063361719795951,0.0034896766321612,False,False,-0.0031131219055683,0.0020515194078831,False,False,-0.0022929239713558,0.0032962053671053,-0.0075241345277109,0.0052312105563551,1.516969162075286,0.1635839148068687,False,0.0034484620301697857,-0.0025697525258311198,0.01303217363854132
TO,-0.0063476696436231,0.0034191159991437,False,False,-0.0049583722760787,0.0043909240281585,False,False,0.0009251286169889,0.007200187320708,-0.0064152684955969,0.0073403971125858,1.0022638493067084,0.3424001353542329,False,0.007323817094334332,-0.009227228186386546,0.023908022411558146
