rgi_id,UF,births_2014_2024,neonatal_deaths_2014_2024,neonatal_deaths_per_unit_year,slope_per_year,posterior_sd,lo95,hi95,pct_change_per_decade,classified_95
110001,RO,107440,980,89.1,-0.00985,0.00746,-0.02462,0.00495,-9.4,False
110002,RO,33711,301,27.4,-0.00603,0.00843,-0.02173,0.01128,-5.9,False
110003,RO,18098,145,13.2,-0.00811,0.00861,-0.025,0.00925,-7.8,False
110004,RO,51221,408,37.1,-0.01377,0.0081,-0.03082,0.00125,-12.9,False
110005,RO,49760,397,36.1,-0.01207,0.00815,-0.02873,0.00362,-11.4,False
110006,RO,26224,213,19.4,-0.00972,0.00832,-0.0262,0.00685,-9.3,False
120001,AC,85845,755,68.6,-0.00105,0.00786,-0.01589,0.01506,-1.0,False
120002,AC,14912,137,12.5,-0.00545,0.00873,-0.02306,0.01212,-5.3,False
120003,AC,13176,150,13.6,-0.00221,0.00897,-0.01992,0.01663,-2.2,False
120004,AC,33278,305,27.7,-0.00121,0.00846,-0.01699,0.0163,-1.2,False
120005,AC,24350,307,27.9,-0.00716,0.00855,-0.02478,0.00957,-6.9,False
130001,AM,469161,4093,372.1,-0.0029,0.00689,-0.01567,0.01115,-2.9,False
130002,AM,23825,402,36.5,-0.00892,0.00799,-0.0257,0.00661,-8.5,False
130003,AM,30860,300,27.3,-0.00455,0.0082,-0.02037,0.01266,-4.4,False
130004,AM,29752,250,22.7,-0.00791,0.00812,-0.02441,0.00794,-7.6,False
130005,AM,55931,658,59.8,-0.00951,0.00758,-0.025,0.00494,-9.1,False
130006,AM,59060,674,61.3,-0.00708,0.00748,-0.02196,0.00778,-6.8,False
130007,AM,23278,359,32.6,-0.00796,0.00784,-0.02381,0.00727,-7.7,False
130008,AM,27243,313,28.5,-0.01082,0.00797,-0.02784,0.00431,-10.3,False
130009,AM,28299,284,25.8,-0.00772,0.00798,-0.02414,0.00799,-7.4,False
130010,AM,53003,699,63.5,-0.01017,0.00753,-0.02563,0.00388,-9.7,False
130011,AM,34000,340,30.9,-0.00421,0.008,-0.01891,0.01244,-4.1,False
140001,RR,102501,1027,93.4,-0.00333,0.00774,-0.0183,0.0126,-3.3,False
140002,RR,20523,267,24.3,-0.00106,0.00857,-0.01701,0.01719,-1.1,False
140003,RR,10458,102,9.3,-0.00708,0.00885,-0.02485,0.01032,-6.8,False
140004,RR,6019,173,15.7,-0.00754,0.00886,-0.02563,0.00996,-7.3,False
150001,PA,398893,3883,353.0,-0.01153,0.00627,-0.02398,0.00074,-10.9,False
150002,PA,43888,552,50.2,-0.01493,0.00775,-0.03107,-0.0001,-13.9,True
150003,PA,70070,700,63.6,-0.00678,0.00739,-0.02047,0.00878,-6.6,False
150004,PA,85935,818,74.4,-0.01026,0.00709,-0.02412,0.00449,-9.8,False
150005,PA,56222,540,49.1,-0.01272,0.00722,-0.02735,0.00134,-11.9,False
150006,PA,31497,288,26.2,-0.01423,0.00765,-0.03007,0.00053,-13.3,False
150007,PA,50551,437,39.7,-0.01918,0.00816,-0.03667,-0.00515,-17.4,True
150008,PA,21157,192,17.5,-0.01032,0.00787,-0.02601,0.00611,-9.8,False
150009,PA,96199,852,77.5,-0.01461,0.0072,-0.02958,-0.0008,-13.6,True
150010,PA,76966,733,66.6,-0.01325,0.00724,-0.02801,0.00078,-12.4,False
150011,PA,60981,587,53.4,-0.01156,0.00724,-0.02587,0.00301,-10.9,False
150012,PA,42475,494,44.9,-0.00929,0.00749,-0.02389,0.00603,-8.9,False
150013,PA,26237,295,26.8,-0.01194,0.00783,-0.02812,0.0037,-11.3,False
150014,PA,15978,158,14.4,-0.00855,0.00813,-0.02415,0.00841,-8.2,False
150015,PA,110473,1489,135.4,-0.01154,0.0069,-0.02529,0.00191,-10.9,False
150016,PA,51490,716,65.1,-0.00595,0.00758,-0.01975,0.00989,-5.8,False
150017,PA,46132,614,55.8,-0.01459,0.00737,-0.02999,-0.00034,-13.6,True
150018,PA,57700,559,50.8,-0.01697,0.00763,-0.03307,-0.0033,-15.6,True
150019,PA,15954,194,17.6,-0.00821,0.00796,-0.02294,0.00836,-7.9,False
150020,PA,104653,1029,93.5,-0.01157,0.00706,-0.02565,0.00258,-10.9,False
150021,PA,22950,280,25.5,-0.01305,0.00768,-0.02915,0.00205,-12.2,False
160001,AP,126142,1519,138.1,-0.0057,0.00735,-0.01985,0.00898,-5.5,False
160002,AP,11088,161,14.6,-0.00634,0.00875,-0.02371,0.01135,-6.1,False
160003,AP,15410,171,15.5,-0.00333,0.00849,-0.01972,0.01424,-3.3,False
160004,AP,10010,97,8.8,-0.00334,0.00891,-0.02024,0.01537,-3.3,False
170001,TO,60611,485,44.1,-0.00476,0.00791,-0.02023,0.01157,-4.6,False
170002,TO,20662,177,16.1,-0.00383,0.00845,-0.02012,0.01326,-3.8,False
170003,TO,19880,161,14.6,-0.00395,0.00838,-0.02054,0.0133,-3.9,False
170004,TO,8402,94,8.5,-0.00513,0.00877,-0.02225,0.01208,-5.0,False
170005,TO,56980,455,41.4,-0.00604,0.00792,-0.02176,0.00956,-5.9,False
170006,TO,13929,113,10.3,-0.00111,0.00859,-0.01707,0.01696,-1.1,False
170007,TO,11013,102,9.3,-0.00432,0.00845,-0.02084,0.01302,-4.2,False
170008,TO,8287,53,4.8,-0.00392,0.00863,-0.02046,0.01386,-3.8,False
170009,TO,22628,178,16.2,-0.00816,0.00843,-0.02543,0.00801,-7.8,False
170010,TO,29270,246,22.4,-0.00474,0.0081,-0.02052,0.01184,-4.6,False
170011,TO,12185,134,12.2,-0.00366,0.0085,-0.01968,0.01428,-3.6,False
210001,MA,257703,2821,256.5,-0.01096,0.00664,-0.02348,0.00258,-10.4,False
210002,MA,52811,582,52.9,-0.01345,0.00752,-0.02864,0.00124,-12.6,False
210003,MA,52650,499,45.4,-0.01572,0.00769,-0.03152,-0.00081,-14.5,True
210004,MA,40314,381,34.6,-0.01092,0.00778,-0.02559,0.00525,-10.3,False
210005,MA,43609,460,41.8,-0.01342,0.00755,-0.02845,0.00173,-12.6,False
210006,MA,22715,214,19.5,-0.00873,0.00815,-0.02395,0.00869,-8.4,False
210007,MA,30045,254,23.1,-0.00926,0.00805,-0.02438,0.0078,-8.8,False
210008,MA,19762,219,19.9,-0.01449,0.00804,-0.03093,0.00138,-13.5,False
210009,MA,78771,739,67.2,-0.01013,0.00742,-0.0242,0.00557,-9.6,False
210010,MA,66776,597,54.3,-0.01618,0.00747,-0.03172,-0.00168,-14.9,True
210011,MA,36850,318,28.9,-0.01182,0.00783,-0.02732,0.004,-11.1,False
210012,MA,31541,276,25.1,-0.0093,0.00789,-0.02382,0.0075,-8.9,False
210013,MA,46037,502,45.6,-0.01543,0.00744,-0.03075,-0.00106,-14.3,True
210014,MA,45764,458,41.6,-0.01908,0.00796,-0.03606,-0.00465,-17.4,True
210015,MA,41175,418,38.0,-0.01381,0.00758,-0.02908,0.00122,-12.9,False
210016,MA,40394,349,31.7,-0.01186,0.00761,-0.02648,0.0038,-11.2,False
210017,MA,23247,239,21.7,-0.00901,0.00808,-0.02386,0.00803,-8.6,False
210018,MA,14502,141,12.8,-0.01118,0.00823,-0.02662,0.00575,-10.6,False
210019,MA,101416,937,85.2,-0.01141,0.00715,-0.02522,0.00279,-10.8,False
210020,MA,56053,614,55.8,-0.01477,0.00745,-0.03035,-0.00048,-13.7,True
210021,MA,44528,465,42.3,-0.01993,0.0082,-0.03727,-0.00566,-18.1,True
210022,MA,43892,481,43.7,-0.02114,0.00825,-0.03888,-0.00665,-19.1,True
220001,PI,180057,1720,156.4,-0.01927,0.00732,-0.03402,-0.00543,-17.5,True
220002,PI,23009,224,20.4,-0.01405,0.00827,-0.0304,0.00245,-13.1,False
220003,PI,18538,172,15.6,-0.0155,0.00852,-0.03243,0.00154,-14.4,False
220004,PI,10361,106,9.6,-0.01253,0.0087,-0.02884,0.0054,-11.8,False
220005,PI,14953,159,14.5,-0.01895,0.00846,-0.03707,-0.00287,-17.3,True
220006,PI,45963,443,40.3,-0.01646,0.0079,-0.0324,-0.00098,-15.2,True
220007,PI,26494,254,23.1,-0.01647,0.00815,-0.03275,-0.00072,-15.2,True
220008,PI,23264,238,21.6,-0.01388,0.00824,-0.03,0.00276,-13.0,False
220009,PI,39422,443,40.3,-0.01577,0.00793,-0.0314,-0.00018,-14.6,True
220010,PI,12328,173,15.7,-0.01704,0.00837,-0.03403,-0.00064,-15.7,True
220011,PI,9380,85,7.7,-0.01671,0.00866,-0.03418,0.00034,-15.4,False
220012,PI,5686,59,5.4,-0.01619,0.00884,-0.03383,0.00165,-14.9,False
220013,PI,17471,181,16.5,-0.01523,0.00843,-0.03182,0.00147,-14.1,False
220014,PI,7486,87,7.9,-0.01185,0.00886,-0.02839,0.00702,-11.2,False
220015,PI,20415,224,20.4,-0.01817,0.00837,-0.03603,-0.00223,-16.6,True
220016,PI,13022,122,11.1,-0.01664,0.00854,-0.03357,-0.00016,-15.3,True
220017,PI,19612,206,18.7,-0.01575,0.00822,-0.03221,0.00061,-14.6,False
220018,PI,11313,120,10.9,-0.01687,0.00852,-0.03415,-0.00036,-15.5,True
220019,PI,6647,58,5.3,-0.01521,0.00858,-0.03238,0.00218,-14.1,False
230001,CE,607977,4803,436.6,-0.00909,0.00708,-0.02233,0.0054,-8.7,False
230002,CE,50846,436,39.6,-0.01331,0.00773,-0.02866,0.00234,-12.5,False
230003,CE,32938,260,23.6,-0.01414,0.00802,-0.0304,0.00179,-13.2,False
230004,CE,27885,223,20.3,-0.01631,0.00825,-0.03353,-0.00038,-15.1,True
230005,CE,21750,185,16.8,-0.01288,0.00841,-0.0289,0.00453,-12.1,False
230006,CE,47454,521,47.4,-0.01742,0.00781,-0.03372,-0.00289,-16.0,True
230007,CE,50432,433,39.4,-0.01204,0.00789,-0.02728,0.00427,-11.3,False
230008,CE,20009,152,13.8,-0.01166,0.00832,-0.02744,0.00592,-11.0,False
230009,CE,41268,366,33.3,-0.01263,0.00804,-0.02803,0.00436,-11.9,False
230010,CE,14595,110,10.0,-0.01559,0.00833,-0.03222,0.00095,-14.4,False
230011,CE,136131,1183,107.5,-0.02014,0.00756,-0.03594,-0.0064,-18.2,True
230012,CE,29428,269,24.5,-0.02033,0.00839,-0.03834,-0.00526,-18.4,True
230013,CE,34860,403,36.6,-0.01946,0.00819,-0.0365,-0.00465,-17.7,True
230014,CE,13633,112,10.2,-0.01238,0.00826,-0.02847,0.00459,-11.6,False
230015,CE,88557,676,61.5,-0.01826,0.00759,-0.03394,-0.00419,-16.7,True
230016,CE,68628,555,50.5,-0.01557,0.00756,-0.03106,-0.00074,-14.4,True
230017,CE,37220,302,27.5,-0.01545,0.00794,-0.03144,0.0001,-14.3,False
230018,CE,23308,200,18.2,-0.01815,0.00817,-0.03553,-0.00285,-16.6,True
240001,RN,242979,2103,191.2,-0.0087,0.00703,-0.02272,0.00518,-8.3,False
240002,RN,20013,174,15.8,-0.00871,0.00839,-0.02579,0.00804,-8.3,False
240003,RN,22111,202,18.4,-0.00333,0.00852,-0.01912,0.01472,-3.3,False
240004,RN,14519,112,10.2,-0.00874,0.00851,-0.02639,0.00794,-8.4,False
240005,RN,11381,95,8.6,-0.00603,0.00851,-0.02245,0.01174,-5.9,False
240006,RN,8646,79,7.2,-0.0082,0.00851,-0.02539,0.00887,-7.9,False
240007,RN,20645,171,15.5,-0.00847,0.00832,-0.02565,0.00797,-8.1,False
240008,RN,14599,137,12.5,-0.00508,0.00842,-0.02106,0.01252,-5.0,False
240009,RN,66844,518,47.1,-0.0093,0.00775,-0.02503,0.00614,-8.9,False
240010,RN,31205,281,25.5,-0.00622,0.00804,-0.02154,0.01016,-6.0,False
240011,RN,31038,267,24.3,-0.00773,0.00809,-0.024,0.0082,-7.4,False
250001,PB,224916,1869,169.9,-0.00264,0.00721,-0.01618,0.01243,-2.6,False
250002,PB,45895,386,35.1,-0.00857,0.00771,-0.0244,0.0065,-8.2,False
250003,PB,25456,191,17.4,-0.00487,0.00808,-0.02033,0.01216,-4.8,False
250004,PB,9474,75,6.8,-0.00687,0.00845,-0.02397,0.00978,-6.6,False
250005,PB,149313,1479,134.5,-0.00593,0.007,-0.01937,0.00812,-5.8,False
250006,PB,11799,118,10.7,-0.0066,0.00835,-0.02335,0.0101,-6.4,False
250007,PB,8603,85,7.7,-0.00955,0.00852,-0.02697,0.00675,-9.1,False
250008,PB,7469,82,7.5,-0.00913,0.00868,-0.02722,0.00753,-8.7,False
250009,PB,39081,325,29.5,-0.00859,0.00774,-0.02466,0.00635,-8.2,False
250010,PB,16597,151,13.7,-0.00757,0.00802,-0.02389,0.00854,-7.3,False
250011,PB,15799,126,11.5,-0.00793,0.00858,-0.02554,0.00928,-7.6,False
250012,PB,8775,49,4.5,-0.00511,0.00857,-0.02186,0.01205,-5.0,False
250013,PB,8074,68,6.2,-0.00741,0.00872,-0.02541,0.00997,-7.1,False
250014,PB,19659,176,16.0,-0.01004,0.00844,-0.02798,0.0058,-9.5,False
250015,PB,21228,232,21.1,-0.0038,0.00806,-0.01929,0.01309,-3.7,False
260001,PE,569747,4627,420.6,-0.00838,0.00639,-0.02107,0.00458,-8.0,False
260002,PE,50103,375,34.1,-0.0043,0.00778,-0.01861,0.01227,-4.2,False
260003,PE,38013,266,24.2,-0.00268,0.00822,-0.01748,0.01508,-2.6,False
260004,PE,29570,240,21.8,-0.0049,0.008,-0.01968,0.01205,-4.8,False
260005,PE,31442,213,19.4,-0.00908,0.00784,-0.02492,0.00623,-8.7,False
260006,PE,25443,218,19.8,-0.00851,0.00793,-0.02457,0.00695,-8.2,False
260007,PE,25058,225,20.5,-0.00994,0.00798,-0.02632,0.00564,-9.5,False
260008,PE,19372,173,15.7,-0.00738,0.00791,-0.02354,0.00855,-7.1,False
260009,PE,167728,1428,129.8,-0.00692,0.00683,-0.02021,0.00685,-6.7,False
260010,PE,88937,866,78.7,-0.0091,0.00727,-0.02358,0.00534,-8.7,False
260011,PE,56580,614,55.8,-0.01108,0.0075,-0.02638,0.00335,-10.5,False
260012,PE,39704,373,33.9,-0.01058,0.00768,-0.02638,0.0039,-10.0,False
260013,PE,54553,548,49.8,-0.00962,0.00738,-0.02444,0.00446,-9.2,False
260014,PE,28324,251,22.8,-0.00438,0.00797,-0.01924,0.01209,-4.3,False
260015,PE,89119,1028,93.5,-0.00795,0.00722,-0.02253,0.00661,-7.6,False
260016,PE,58389,690,62.7,-0.00803,0.00711,-0.02218,0.00629,-7.7,False
260017,PE,31308,344,31.3,-0.01175,0.00791,-0.02826,0.00297,-11.1,False
260018,PE,22463,165,15.0,-0.00818,0.00792,-0.02421,0.00775,-7.9,False
270001,AL,206238,1846,167.8,-0.01552,0.00719,-0.03015,-0.00213,-14.4,True
270002,AL,34186,274,24.9,-0.01156,0.00794,-0.02791,0.00386,-10.9,False
270003,AL,31335,288,26.2,-0.01011,0.00794,-0.02577,0.00577,-9.6,False
270004,AL,23686,208,18.9,-0.01323,0.0082,-0.03018,0.00259,-12.4,False
270005,AL,27291,244,22.2,-0.00882,0.00812,-0.02469,0.00763,-8.4,False
270006,AL,18607,166,15.1,-0.01172,0.00841,-0.02859,0.00488,-11.1,False
270007,AL,94823,893,81.2,-0.01082,0.00724,-0.02543,0.00332,-10.3,False
270008,AL,29096,259,23.5,-0.0089,0.00798,-0.02441,0.0075,-8.5,False
270009,AL,26908,266,24.2,-0.01143,0.00811,-0.02757,0.00474,-10.8,False
270010,AL,25764,259,23.5,-0.01039,0.00807,-0.02618,0.00568,-9.9,False
270011,AL,21748,236,21.5,-0.01036,0.00816,-0.02648,0.00567,-9.8,False
280001,SE,183180,2206,200.5,-0.00662,0.00692,-0.0203,0.00676,-6.4,False
280002,SE,38224,389,35.4,-0.00525,0.008,-0.02119,0.01075,-5.1,False
280003,SE,24519,276,25.1,-0.0061,0.00804,-0.02206,0.00985,-5.9,False
280004,SE,36893,414,37.6,-0.00246,0.00809,-0.01759,0.01464,-2.4,False
280005,SE,38205,359,32.6,-0.00557,0.00765,-0.02111,0.00957,-5.4,False
280006,SE,29365,301,27.4,-0.00013,0.00838,-0.01535,0.0177,-0.1,False
290001,BA,507059,5751,522.8,-0.00647,0.00659,-0.01866,0.00749,-6.3,False
290002,BA,67505,790,71.8,-0.01432,0.00718,-0.02875,-0.00058,-13.3,True
290003,BA,38579,431,39.2,-0.00846,0.00765,-0.02297,0.00787,-8.1,False
290004,BA,35954,403,36.6,-0.00724,0.00743,-0.02088,0.00856,-7.0,False
290005,BA,37944,521,47.4,-0.00889,0.00744,-0.02302,0.00655,-8.5,False
290006,BA,21544,285,25.9,-0.01256,0.00768,-0.02829,0.00261,-11.8,False
290007,BA,92180,1387,126.1,-0.01012,0.00682,-0.02347,0.0042,-9.6,False
290008,BA,71476,563,51.2,-0.01068,0.00735,-0.0252,0.00426,-10.1,False
290009,BA,67504,653,59.4,-0.00866,0.00712,-0.02192,0.00651,-8.3,False
290010,BA,18323,246,22.4,-0.01016,0.00767,-0.02508,0.00554,-9.7,False
290011,BA,124221,1310,119.1,-0.01676,0.00717,-0.03232,-0.00384,-15.4,True
290012,BA,50657,566,51.5,-0.01683,0.00762,-0.03306,-0.00306,-15.5,True
290013,BA,28181,262,23.8,-0.01596,0.00778,-0.03274,-0.00187,-14.7,True
290014,BA,30185,345,31.4,-0.00886,0.00752,-0.02286,0.00688,-8.5,False
290015,BA,19324,291,26.5,-0.01222,0.00759,-0.02735,0.00301,-11.5,False
290016,BA,62566,572,52.0,-0.01381,0.00734,-0.02914,0.00027,-12.9,False
290017,BA,34687,400,36.4,-0.01541,0.00756,-0.03153,-0.00099,-14.3,True
290018,BA,87383,875,79.5,-0.01782,0.00764,-0.03406,-0.0042,-16.3,True
290019,BA,20542,194,17.6,-0.01308,0.00762,-0.02885,0.00166,-12.3,False
290020,BA,61734,691,62.8,-0.01144,0.007,-0.02546,0.00272,-10.8,False
290021,BA,36305,454,41.3,-0.01079,0.00727,-0.02509,0.0043,-10.2,False
290022,BA,94023,1137,103.4,-0.00865,0.00694,-0.02186,0.0057,-8.3,False
290023,BA,45583,542,49.3,-0.0087,0.00732,-0.02239,0.0066,-8.3,False
290024,BA,31487,320,29.1,-0.01634,0.00792,-0.0334,-0.00195,-15.1,True
290025,BA,28085,341,31.0,-0.01399,0.00751,-0.02954,0.00019,-13.1,False
290026,BA,26577,309,28.1,-0.00993,0.00739,-0.02424,0.00561,-9.5,False
290027,BA,13279,165,15.0,-0.01253,0.00753,-0.02793,0.00225,-11.8,False
290028,BA,11864,110,10.0,-0.00947,0.00789,-0.02468,0.00707,-9.0,False
290029,BA,173621,1700,154.5,-0.01434,0.00678,-0.02817,-0.00164,-13.4,True
290030,BA,45060,458,41.6,-0.00823,0.00744,-0.02234,0.00727,-7.9,False
290031,BA,31571,300,27.3,-0.01214,0.00739,-0.02694,0.00277,-11.4,False
290032,BA,27547,225,20.5,-0.01152,0.00765,-0.02706,0.00406,-10.9,False
290033,BA,27011,262,23.8,-0.00956,0.0077,-0.02475,0.00651,-9.1,False
290034,BA,25794,325,29.5,-0.00886,0.00758,-0.02326,0.00733,-8.5,False
310001,MG,695427,5100,463.6,-0.00075,0.0071,-0.01319,0.01387,-0.7,False
310002,MG,51949,421,38.3,-0.01182,0.00737,-0.0273,0.00263,-11.1,False
310003,MG,35860,283,25.7,-0.00613,0.00757,-0.02053,0.00985,-5.9,False
310004,MG,22917,196,17.8,-0.01304,0.00779,-0.02924,0.00146,-12.2,False
310005,MG,19846,149,13.5,-0.01023,0.00784,-0.02675,0.00529,-9.7,False
310006,MG,109174,844,76.7,-0.01062,0.00682,-0.02461,0.00288,-10.1,False
310007,MG,33265,273,24.8,-0.00793,0.00747,-0.02242,0.0077,-7.6,False
310008,MG,25310,207,18.8,-0.01293,0.00766,-0.02928,0.00146,-12.1,False
310009,MG,22753,246,22.4,-0.01243,0.00776,-0.02894,0.0022,-11.7,False
310010,MG,20102,156,14.2,-0.01101,0.0076,-0.02688,0.0037,-10.4,False
310011,MG,15845,146,13.3,-0.01725,0.00874,-0.03609,-0.0025,-15.8,True
310012,MG,12181,105,9.5,-0.00986,0.00768,-0.02542,0.00547,-9.4,False
310013,MG,65475,705,64.1,-0.00888,0.00704,-0.02291,0.00521,-8.5,False
310014,MG,22489,175,15.9,-0.01027,0.00759,-0.02559,0.00505,-9.8,False
310015,MG,20752,222,20.2,-0.01271,0.00781,-0.02937,0.00214,-11.9,False
310016,MG,17122,132,12.0,-0.00949,0.00757,-0.02444,0.00573,-9.1,False
310017,MG,11308,111,10.1,-0.01514,0.00839,-0.03326,-0.00034,-14.1,True
310018,MG,11116,106,9.6,-0.01139,0.00794,-0.02786,0.00415,-10.8,False
310019,MG,7529,96,8.7,-0.01236,0.00794,-0.02922,0.00244,-11.6,False
310020,MG,61648,617,56.1,-0.00409,0.0077,-0.01802,0.01256,-4.0,False
310021,MG,24289,225,20.5,-0.00784,0.00765,-0.023,0.0079,-7.5,False
310022,MG,8430,62,5.6,-0.0073,0.00801,-0.02251,0.00947,-7.0,False
310023,MG,8221,76,6.9,-0.00964,0.00801,-0.02588,0.00647,-9.2,False
310024,MG,82993,533,48.5,-0.01273,0.0073,-0.02778,0.00097,-12.0,False
310025,MG,31036,322,29.3,-0.00967,0.00736,-0.02475,0.00513,-9.2,False
310026,MG,18389,157,14.3,-0.01144,0.00775,-0.02765,0.00384,-10.8,False
310027,MG,85546,767,69.7,-0.0079,0.00707,-0.02186,0.00688,-7.6,False
310028,MG,54569,425,38.6,-0.01266,0.0073,-0.02809,0.00132,-11.9,False
310029,MG,33873,271,24.6,-0.00909,0.00749,-0.02398,0.00604,-8.7,False
310030,MG,21459,174,15.8,-0.00796,0.00774,-0.02323,0.00809,-7.6,False
310031,MG,21940,164,14.9,-0.00944,0.00767,-0.02492,0.00607,-9.0,False
310032,MG,19270,163,14.8,-0.00757,0.00783,-0.02269,0.00896,-7.3,False
310033,MG,20202,131,11.9,-0.01271,0.0078,-0.02938,0.00192,-11.9,False
310034,MG,16120,97,8.8,-0.01003,0.00773,-0.0259,0.00504,-9.5,False
310035,MG,8670,77,7.0,-0.01169,0.00815,-0.02924,0.00392,-11.0,False
310036,MG,7047,72,6.5,-0.0097,0.00802,-0.02591,0.00658,-9.2,False
310037,MG,25771,199,18.1,-0.00655,0.0077,-0.02152,0.00935,-6.3,False
310038,MG,45165,375,34.1,-0.00868,0.00713,-0.02279,0.00588,-8.3,False
310039,MG,21245,169,15.4,-0.01261,0.00785,-0.02917,0.00226,-11.9,False
310040,MG,27378,211,19.2,-0.00753,0.00763,-0.02254,0.0086,-7.2,False
310041,MG,32663,265,24.1,-0.01143,0.00753,-0.02672,0.00328,-10.8,False
310042,MG,32046,232,21.1,-0.00973,0.00763,-0.02519,0.0055,-9.3,False
310043,MG,28568,245,22.3,-0.01241,0.00781,-0.02892,0.00236,-11.7,False
310044,MG,19762,144,13.1,-0.01052,0.0077,-0.02625,0.00507,-10.0,False
310045,MG,17227,161,14.6,-0.00947,0.0077,-0.02469,0.00592,-9.0,False
310046,MG,16812,160,14.5,-0.01009,0.00749,-0.02559,0.00483,-9.6,False
310047,MG,15255,109,9.9,-0.01071,0.00771,-0.02655,0.00425,-10.2,False
310048,MG,10122,69,6.3,-0.00991,0.00784,-0.02574,0.0057,-9.4,False
310049,MG,6866,59,5.4,-0.0095,0.0081,-0.02573,0.00692,-9.1,False
310050,MG,72365,506,46.0,-0.01358,0.00744,-0.02987,2e-05,-12.7,False
310051,MG,32349,239,21.7,-0.00716,0.00752,-0.02177,0.00854,-6.9,False
310052,MG,25117,165,15.0,-0.00602,0.00788,-0.02071,0.01069,-5.8,False
310053,MG,22220,154,14.0,-0.009,0.00779,-0.0245,0.00678,-8.6,False
310054,MG,8526,57,5.2,-0.01078,0.00806,-0.02767,0.00496,-10.2,False
310055,MG,59537,498,45.3,-0.0059,0.00741,-0.01959,0.00965,-5.7,False
310056,MG,25260,211,19.2,-0.01243,0.00774,-0.02909,0.00227,-11.7,False
310057,MG,13134,95,8.6,-0.00789,0.00796,-0.02347,0.00876,-7.6,False
310058,MG,8817,64,5.8,-0.01341,0.00812,-0.03097,0.00137,-12.5,False
310059,MG,129628,962,87.5,-0.00601,0.00695,-0.01926,0.00869,-5.8,False
310060,MG,17990,154,14.0,-0.0068,0.00787,-0.02168,0.00972,-6.6,False
310061,MG,9211,91,8.3,-0.00944,0.00774,-0.02507,0.0062,-9.0,False
310062,MG,70351,638,58.0,-0.00906,0.00706,-0.02297,0.00515,-8.7,False
310063,MG,24858,184,16.7,-0.01066,0.00748,-0.02615,0.00389,-10.1,False
310064,MG,20563,149,13.5,-0.00886,0.00762,-0.02411,0.00651,-8.5,False
310065,MG,92935,647,58.8,-0.00746,0.00705,-0.02147,0.00679,-7.2,False
310066,MG,19307,162,14.7,-0.00895,0.00787,-0.02441,0.0073,-8.6,False
310067,MG,18110,157,14.3,-0.01236,0.00797,-0.02948,0.00264,-11.6,False
310068,MG,18157,130,11.8,-0.01039,0.00771,-0.02628,0.0051,-9.9,False
310069,MG,12880,93,8.5,-0.01197,0.00811,-0.0295,0.00372,-11.3,False
310070,MG,4200,35,3.2,-0.00816,0.00796,-0.02383,0.00861,-7.8,False
320001,ES,305474,2186,198.7,-0.00622,0.00696,-0.01949,0.00812,-6.0,False
320002,ES,33701,252,22.9,-0.00575,0.00837,-0.02172,0.01171,-5.6,False
320003,ES,44921,391,35.5,-0.01095,0.00802,-0.02746,0.00428,-10.4,False
320004,ES,56446,415,37.7,-0.00786,0.00778,-0.02329,0.00785,-7.6,False
320005,ES,42349,365,33.2,-0.0146,0.0084,-0.03271,0.0009,-13.6,False
320006,ES,20865,162,14.7,-0.01058,0.00838,-0.02816,0.00659,-10.0,False
320007,ES,62541,501,45.5,-0.00693,0.00775,-0.02179,0.00872,-6.7,False
320008,ES,28109,228,20.7,-0.0116,0.00822,-0.02852,0.00402,-11.0,False
330001,RJ,1644252,13917,1265.2,-0.00132,0.00639,-0.01345,0.01184,-1.3,False
330002,RJ,33463,239,21.7,-0.00121,0.00814,-0.01675,0.0159,-1.2,False
330003,RJ,18734,141,12.8,-0.00278,0.00819,-0.0189,0.01375,-2.7,False
330004,RJ,80109,635,57.7,-0.00261,0.00756,-0.0171,0.01282,-2.6,False
330005,RJ,27178,256,23.3,-0.00074,0.00805,-0.01603,0.01626,-0.7,False
330006,RJ,22597,201,18.3,-0.00414,0.00782,-0.01978,0.01133,-4.1,False
330007,RJ,67473,605,55.0,-0.00772,0.00782,-0.02409,0.00728,-7.4,False
330008,RJ,41224,365,33.2,-0.00563,0.00769,-0.02155,0.00917,-5.5,False
330009,RJ,20547,220,20.0,-0.0062,0.00802,-0.02268,0.00935,-6.0,False
330010,RJ,97810,1085,98.6,-0.00181,0.00729,-0.01578,0.01314,-1.8,False
330011,RJ,25685,217,19.7,-0.00381,0.00816,-0.01986,0.0123,-3.7,False
330012,RJ,14865,136,12.4,-0.00492,0.0082,-0.02186,0.0113,-4.8,False
330013,RJ,80155,677,61.5,-0.00492,0.00725,-0.01975,0.00977,-4.8,False
330014,RJ,76326,616,56.0,-0.00601,0.00741,-0.02133,0.00821,-5.8,False
350001,SP,3091619,23007,2091.5,-0.0022,0.00605,-0.01433,0.00976,-2.2,False
350002,SP,250759,2271,206.5,-0.00905,0.00704,-0.02386,0.00332,-8.6,False
350003,SP,252508,2011,182.8,-0.00463,0.00653,-0.01845,0.00774,-4.5,False
350004,SP,53502,557,50.6,-0.00732,0.00752,-0.02305,0.00642,-7.1,False
350005,SP,38311,360,32.7,-0.00268,0.00746,-0.01809,0.01219,-2.6,False
350006,SP,33515,274,24.9,-0.00336,0.00753,-0.01908,0.01124,-3.3,False
350007,SP,32198,283,25.7,-0.00304,0.00748,-0.01842,0.01169,-3.0,False
350008,SP,23550,223,20.3,-0.00213,0.00761,-0.01756,0.01309,-2.1,False
350009,SP,84858,619,56.3,-0.00592,0.00732,-0.02159,0.00767,-5.8,False
350010,SP,41344,356,32.4,-0.00362,0.00738,-0.0188,0.01098,-3.6,False
350011,SP,34068,302,27.5,0.00238,0.00804,-0.012,0.01981,2.4,False
350012,SP,19800,170,15.5,0.00368,0.00824,-0.01086,0.0214,3.7,False
350013,SP,49929,448,40.7,-0.0014,0.00726,-0.01573,0.01367,-1.4,False
350014,SP,29987,245,22.3,0.00238,0.00794,-0.01193,0.0191,2.4,False
350015,SP,30382,220,20.0,-0.00093,0.00762,-0.0158,0.01478,-0.9,False
350016,SP,15477,127,11.5,-0.00341,0.00786,-0.02001,0.01187,-3.4,False
350017,SP,7391,39,3.5,-0.00272,0.00812,-0.01923,0.01398,-2.7,False
350018,SP,68916,581,52.8,-0.0008,0.00715,-0.01497,0.01392,-0.8,False
350019,SP,13551,99,9.0,-0.0035,0.00785,-0.01972,0.01229,-3.4,False
350020,SP,15902,134,12.2,-0.0013,0.00783,-0.01675,0.01466,-1.3,False
350021,SP,10380,93,8.5,-0.00379,0.00794,-0.02074,0.01168,-3.7,False
350022,SP,38300,338,30.7,0.00452,0.00825,-0.00973,0.02268,4.6,False
350023,SP,34751,319,29.0,-0.00274,0.00754,-0.0178,0.01273,-2.7,False
350024,SP,21839,179,16.3,-0.00235,0.00769,-0.01805,0.01313,-2.3,False
350025,SP,115809,712,64.7,0.00383,0.00755,-0.00969,0.02005,3.9,False
350026,SP,28919,217,19.7,-0.00187,0.00767,-0.01721,0.01371,-1.9,False
350027,SP,20184,111,10.1,0.00018,0.00782,-0.01485,0.01657,0.2,False
350028,SP,12478,78,7.1,-0.0026,0.00793,-0.01892,0.01349,-2.6,False
350029,SP,12989,70,6.4,-0.00118,0.00801,-0.01694,0.01568,-1.2,False
350030,SP,6324,50,4.5,-0.00309,0.00795,-0.01952,0.01282,-3.0,False
350031,SP,187063,1432,130.2,-0.00207,0.00656,-0.01523,0.01111,-2.1,False
350032,SP,53348,436,39.6,-0.00269,0.00734,-0.01766,0.01208,-2.7,False
350033,SP,60413,423,38.5,-0.00401,0.00744,-0.01963,0.01052,-3.9,False
350034,SP,19105,153,13.9,-0.00243,0.00774,-0.01808,0.01307,-2.4,False
350035,SP,14338,92,8.4,-0.00317,0.00781,-0.01959,0.0123,-3.1,False
350036,SP,75319,644,58.5,-0.00392,0.00709,-0.01852,0.0098,-3.8,False
350037,SP,63572,428,38.9,-0.00155,0.00723,-0.01595,0.01339,-1.5,False
350038,SP,406637,2519,229.0,-0.00051,0.0065,-0.01311,0.01294,-0.5,False
350039,SP,136883,1045,95.0,-0.00437,0.00684,-0.01882,0.00883,-4.3,False
350040,SP,80732,652,59.3,-0.00187,0.00709,-0.01609,0.01243,-1.9,False
350041,SP,66237,483,43.9,-0.00649,0.00745,-0.02201,0.00736,-6.3,False
350042,SP,46592,303,27.5,0.00125,0.00757,-0.01252,0.01741,1.3,False
350043,SP,41359,279,25.4,-0.00157,0.00749,-0.01619,0.0137,-1.6,False
350044,SP,37222,314,28.5,-0.00336,0.00753,-0.01892,0.01165,-3.3,False
350045,SP,33608,281,25.5,-0.00019,0.00751,-0.01453,0.01573,-0.2,False
350046,SP,30960,214,19.5,-0.00251,0.00767,-0.01797,0.01263,-2.5,False
350047,SP,21836,162,14.7,2e-05,0.00787,-0.01491,0.01665,0.0,False
350048,SP,16084,88,8.0,-0.00146,0.00792,-0.01706,0.01488,-1.4,False
350049,SP,149908,1047,95.2,-0.00628,0.00711,-0.02091,0.00696,-6.1,False
350050,SP,83829,638,58.0,-0.00325,0.00708,-0.01766,0.01076,-3.2,False
350051,SP,51477,399,36.3,0.00134,0.00752,-0.01249,0.01731,1.3,False
350052,SP,41470,320,29.1,-0.00177,0.00747,-0.01659,0.01354,-1.7,False
350053,SP,19096,184,16.7,-0.00454,0.00782,-0.021,0.01056,-4.4,False
410001,PR,498954,3229,293.5,-0.00996,0.00629,-0.02218,0.00289,-9.5,False
410002,PR,45538,316,28.7,-0.0058,0.00795,-0.02074,0.01107,-5.6,False
410003,PR,25266,204,18.5,-0.00932,0.00771,-0.02479,0.00633,-8.9,False
410004,PR,57437,470,42.7,-0.01148,0.00749,-0.02652,0.00331,-10.8,False
410005,PR,11991,93,8.5,-0.00958,0.00812,-0.02581,0.00712,-9.1,False
410006,PR,83022,508,46.2,-0.01115,0.00729,-0.02584,0.00346,-10.5,False
410007,PR,66402,538,48.9,-0.01453,0.00756,-0.03024,-0.00048,-13.5,True
410008,PR,50778,340,30.9,-0.01165,0.00759,-0.02726,0.00311,-11.0,False
410009,PR,40362,262,23.8,-0.00788,0.00768,-0.02253,0.0079,-7.6,False
410010,PR,44748,383,34.8,-0.00936,0.00754,-0.02443,0.0059,-8.9,False
410011,PR,17228,144,13.1,-0.00992,0.00781,-0.02536,0.00589,-9.4,False
410012,PR,12421,67,6.1,-0.00873,0.00821,-0.02466,0.00814,-8.4,False
410013,PR,11876,86,7.8,-0.01175,0.00808,-0.02861,0.00439,-11.1,False
410014,PR,108107,826,75.1,-0.009,0.00717,-0.0233,0.00568,-8.6,False
410015,PR,44487,390,35.5,-0.00998,0.00751,-0.02484,0.00527,-9.5,False
410016,PR,42696,400,36.4,-0.01658,0.00807,-0.03392,-0.00249,-15.3,True
410017,PR,28613,218,19.8,-0.00793,0.00768,-0.02264,0.00817,-7.6,False
410018,PR,22253,169,15.4,-0.00825,0.00805,-0.02411,0.00849,-7.9,False
410019,PR,9129,91,8.3,-0.01045,0.00805,-0.02705,0.00585,-9.9,False
410020,PR,8791,73,6.6,-0.00534,0.00841,-0.0206,0.01285,-5.2,False
410021,PR,144233,1196,108.7,-0.00713,0.00696,-0.02028,0.00727,-6.9,False
410022,PR,38224,270,24.5,-0.01292,0.00762,-0.029,0.00148,-12.1,False
410023,PR,31024,266,24.2,-0.01098,0.00762,-0.02654,0.00376,-10.4,False
410024,PR,22666,188,17.1,-0.00905,0.00779,-0.02391,0.00742,-8.6,False
410025,PR,19057,141,12.8,-0.00599,0.00796,-0.02037,0.01108,-5.8,False
410026,PR,8027,52,4.7,-0.01018,0.00791,-0.02648,0.0058,-9.7,False
410027,PR,99377,752,68.4,-0.0123,0.00724,-0.02695,0.0018,-11.6,False
410028,PR,28169,215,19.5,-0.01157,0.00769,-0.02747,0.00322,-10.9,False
410029,PR,22071,165,15.0,-0.01263,0.00783,-0.02919,0.00231,-11.9,False
420001,SC,165286,945,85.9,-0.00578,0.00724,-0.02027,0.00817,-5.6,False
420002,SC,62755,429,39.0,-0.00535,0.00758,-0.02067,0.01009,-5.2,False
420003,SC,44797,325,29.5,0.00242,0.00875,-0.01292,0.02135,2.4,False
420004,SC,29119,208,18.9,-0.00573,0.00809,-0.02176,0.01031,-5.6,False
420005,SC,43578,470,42.7,-0.0094,0.00791,-0.02582,0.00546,-9.0,False
420006,SC,11971,95,8.6,-0.00586,0.0083,-0.02272,0.01108,-5.7,False
420007,SC,67104,464,42.2,-0.00569,0.00762,-0.02111,0.00922,-5.5,False
420008,SC,26576,198,18.0,-0.00353,0.00796,-0.01939,0.01286,-3.5,False
420009,SC,22954,185,16.8,-0.00696,0.00799,-0.02329,0.00862,-6.7,False
420010,SC,20919,171,15.5,0.0004,0.00853,-0.01496,0.01879,0.4,False
420011,SC,20262,164,14.9,-0.00126,0.00827,-0.01681,0.01619,-1.2,False
420012,SC,7791,46,4.2,-0.00417,0.0084,-0.02078,0.01306,-4.1,False
420013,SC,6756,70,6.4,-0.0047,0.00834,-0.02165,0.01169,-4.6,False
420014,SC,16812,147,13.4,-0.00503,0.00802,-0.02131,0.01081,-4.9,False
420015,SC,20053,133,12.1,-0.00292,0.00815,-0.01869,0.01381,-2.9,False
420016,SC,148807,883,80.3,-0.00245,0.00728,-0.01641,0.01292,-2.4,False
420017,SC,35495,223,20.3,-0.00359,0.00799,-0.01965,0.01303,-3.5,False
420018,SC,19555,129,11.7,-0.00557,0.00833,-0.02234,0.01125,-5.4,False
420019,SC,86454,614,55.8,-0.00689,0.0074,-0.02219,0.00721,-6.7,False
420020,SC,129674,918,83.5,-0.00682,0.00728,-0.02202,0.00704,-6.6,False
420021,SC,33580,244,22.2,-0.00984,0.00833,-0.02723,0.00547,-9.4,False
420022,SC,27960,168,15.3,-0.0043,0.00802,-0.02041,0.01206,-4.2,False
420023,SC,8751,57,5.2,-0.00578,0.00819,-0.02274,0.01038,-5.6,False
420024,SC,7808,52,4.7,-0.0022,0.00846,-0.01803,0.01525,-2.2,False
430001,RS,414530,2688,244.4,-0.00324,0.00678,-0.01631,0.0105,-3.2,False
430002,RS,116578,890,80.9,-0.00271,0.00704,-0.01639,0.01171,-2.7,False
430003,RS,36525,288,26.2,-0.00243,0.00771,-0.01695,0.0137,-2.4,False
430004,RS,27243,187,17.0,-0.00464,0.00794,-0.02059,0.01139,-4.5,False
430005,RS,16472,105,9.5,-0.0047,0.00804,-0.02058,0.01197,-4.6,False
430006,RS,14579,88,8.0,-0.00473,0.00819,-0.02127,0.01194,-4.6,False
430007,RS,12496,69,6.3,-0.00801,0.00837,-0.02555,0.00793,-7.7,False
430008,RS,10102,57,5.2,-0.00388,0.00822,-0.02004,0.01318,-3.8,False
430009,RS,102506,852,77.5,-0.0068,0.00718,-0.02148,0.00725,-6.6,False
430010,RS,25282,247,22.5,-0.00459,0.0078,-0.02012,0.01174,-4.5,False
430011,RS,57103,359,32.6,-0.00261,0.00765,-0.01695,0.01306,-2.6,False
430012,RS,14137,142,12.9,-0.00677,0.00814,-0.02337,0.00939,-6.5,False
430013,RS,11807,95,8.6,-0.00442,0.0082,-0.02033,0.01226,-4.3,False
430014,RS,7387,53,4.8,-0.0063,0.00816,-0.02305,0.00998,-6.1,False
430015,RS,28690,239,21.7,-0.00818,0.00776,-0.02437,0.00675,-7.9,False
430016,RS,19403,175,15.9,-0.00277,0.00788,-0.01798,0.01341,-2.7,False
430017,RS,14125,120,10.9,-0.00844,0.00829,-0.02615,0.00724,-8.1,False
430018,RS,27592,203,18.5,-0.00509,0.00785,-0.02026,0.01056,-5.0,False
430019,RS,17152,110,10.0,-0.01131,0.00859,-0.0301,0.00368,-10.7,False
430020,RS,16674,110,10.0,-0.00698,0.00821,-0.02378,0.00898,-6.7,False
430021,RS,15022,109,9.9,-0.00262,0.00822,-0.01825,0.01464,-2.6,False
430022,RS,8772,68,6.2,-0.00401,0.00817,-0.02009,0.01285,-3.9,False
430023,RS,8789,68,6.2,-0.00759,0.0083,-0.02503,0.00819,-7.3,False
430024,RS,5055,33,3.0,-0.00632,0.00824,-0.02301,0.00968,-6.1,False
430025,RS,39900,293,26.6,-0.00137,0.00797,-0.01631,0.0152,-1.4,False
430026,RS,26211,170,15.5,-0.00499,0.00772,-0.02038,0.01036,-4.9,False
430027,RS,19103,132,12.0,-0.00719,0.00799,-0.02398,0.00831,-6.9,False
430028,RS,19706,153,13.9,-0.0075,0.00803,-0.02445,0.00773,-7.2,False
430029,RS,16312,116,10.5,-0.00508,0.00795,-0.02138,0.01122,-5.0,False
430030,RS,10226,73,6.6,-0.00614,0.00823,-0.02283,0.01013,-6.0,False
430031,RS,8847,85,7.7,-0.00545,0.00812,-0.02192,0.01073,-5.3,False
430032,RS,8947,57,5.2,-0.00756,0.00839,-0.02503,0.00864,-7.3,False
430033,RS,8050,59,5.4,-0.00634,0.0082,-0.02347,0.00975,-6.1,False
430034,RS,7560,51,4.6,-0.00548,0.00806,-0.02194,0.01067,-5.3,False
430035,RS,5832,43,3.9,-0.00404,0.00821,-0.02041,0.01298,-4.0,False
430036,RS,104406,680,61.8,-0.00903,0.00754,-0.02453,0.0047,-8.6,False
430037,RS,30377,182,16.5,-0.00528,0.00779,-0.02071,0.01021,-5.1,False
430038,RS,13067,83,7.5,-0.00566,0.00816,-0.02225,0.01047,-5.5,False
430039,RS,14723,141,12.8,-0.00313,0.00799,-0.01854,0.01416,-3.1,False
430040,RS,44805,348,31.6,-0.0055,0.00766,-0.02095,0.00957,-5.3,False
430041,RS,38547,239,21.7,-0.00888,0.00788,-0.0253,0.00587,-8.5,False
430042,RS,6903,46,4.2,-0.00433,0.00816,-0.02012,0.01227,-4.2,False
430043,RS,6841,46,4.2,-0.00445,0.00826,-0.02028,0.01274,-4.3,False
500001,MS,176205,1114,101.3,-0.00545,0.00749,-0.01963,0.01024,-5.3,False
500002,MS,31503,241,21.9,-0.00744,0.00812,-0.02334,0.0096,-7.2,False
500003,MS,19745,159,14.5,-0.0085,0.00813,-0.0248,0.00768,-8.1,False
500004,MS,17799,112,10.2,-0.00852,0.00841,-0.02555,0.00809,-8.2,False
500005,MS,76582,564,51.3,-0.00845,0.0076,-0.02354,0.00732,-8.1,False
500006,MS,21690,200,18.2,-0.00817,0.00839,-0.02446,0.00887,-7.8,False
500007,MS,17896,134,12.2,-0.01022,0.00833,-0.02736,0.0055,-9.7,False
500008,MS,21299,201,18.3,-0.00956,0.00837,-0.02656,0.00707,-9.1,False
500009,MS,17931,223,20.3,-0.00877,0.00811,-0.02529,0.00732,-8.4,False
500010,MS,23818,321,29.2,-0.01336,0.00819,-0.03093,0.0016,-12.5,False
500011,MS,19692,151,13.7,-0.01061,0.00842,-0.02784,0.00575,-10.1,False
500012,MS,18715,157,14.3,-0.01438,0.00863,-0.03281,0.0011,-13.4,False
510001,MT,190659,1633,148.5,-0.00573,0.00689,-0.01939,0.00754,-5.6,False
510002,MT,45263,425,38.6,-0.00457,0.00782,-0.02033,0.01133,-4.5,False
510003,MT,12320,99,9.0,-0.0045,0.00838,-0.02108,0.0126,-4.4,False
510004,MT,19288,197,17.9,-0.00045,0.00828,-0.0156,0.01712,-0.5,False
510005,MT,19519,190,17.3,-0.00181,0.00828,-0.0174,0.01541,-1.8,False
510006,MT,14419,131,11.9,-0.00389,0.00817,-0.02004,0.01318,-3.8,False
510007,MT,53408,422,38.4,-0.00298,0.00784,-0.018,0.01337,-2.9,False
510008,MT,56524,453,41.2,-0.00532,0.00762,-0.02035,0.00992,-5.2,False
510009,MT,21740,201,18.3,-0.00527,0.00795,-0.02081,0.01065,-5.1,False
510010,MT,18116,185,16.8,-0.00689,0.00818,-0.02339,0.00896,-6.7,False
510011,MT,17655,166,15.1,-0.00399,0.00816,-0.0202,0.01258,-3.9,False
510012,MT,9597,96,8.7,-0.00377,0.0084,-0.02011,0.01327,-3.7,False
510013,MT,19892,189,17.2,-0.00344,0.00803,-0.01934,0.01309,-3.4,False
510014,MT,19373,190,17.3,-0.00438,0.00817,-0.02074,0.01191,-4.3,False
510015,MT,24714,291,26.5,-0.00287,0.00803,-0.01796,0.01396,-2.8,False
510016,MT,55018,378,34.4,-0.0049,0.00783,-0.02036,0.0106,-4.8,False
510017,MT,23099,182,16.5,-0.00975,0.0086,-0.02791,0.00579,-9.3,False
510018,MT,7738,52,4.7,-0.00586,0.00846,-0.02316,0.01034,-5.7,False
520001,GO,389154,3426,311.5,-0.0093,0.00656,-0.02209,0.00411,-8.9,False
520002,GO,95468,836,76.0,-0.00832,0.00732,-0.02194,0.00693,-8.0,False
520003,GO,21012,195,17.7,-0.00923,0.00815,-0.02507,0.00796,-8.8,False
520004,GO,22534,181,16.5,-0.01357,0.00797,-0.02977,0.00179,-12.7,False
520005,GO,20590,148,13.5,-0.01248,0.0081,-0.02908,0.00353,-11.7,False
520006,GO,6862,56,5.1,-0.01178,0.00841,-0.02901,0.00523,-11.1,False
520007,GO,26835,216,19.6,-0.01398,0.00804,-0.0309,0.0012,-13.0,False
520008,GO,23204,205,18.6,-0.00923,0.00819,-0.02523,0.00802,-8.8,False
520009,GO,7813,72,6.5,-0.01487,0.00828,-0.03235,0.00075,-13.8,False
520010,GO,53836,505,45.9,-0.01413,0.00773,-0.03028,0.00066,-13.2,False
520011,GO,36884,340,30.9,-0.01271,0.0077,-0.02859,0.00244,-11.9,False
520012,GO,12038,118,10.7,-0.0148,0.00812,-0.03172,0.00048,-13.8,False
520013,GO,7569,56,5.1,-0.01231,0.00826,-0.02941,0.00379,-11.6,False
520014,GO,13233,113,10.3,-0.01359,0.00826,-0.03075,0.00227,-12.7,False
520015,GO,19736,171,15.5,-0.01636,0.00842,-0.03451,-0.00095,-15.1,True
520016,GO,19193,160,14.5,-0.00963,0.00794,-0.02512,0.00695,-9.2,False
520017,GO,17543,167,15.2,-0.01279,0.0081,-0.02979,0.00308,-12.0,False
520018,GO,35040,318,28.9,-0.00936,0.00794,-0.0247,0.0072,-8.9,False
520019,GO,109577,928,84.4,-0.00853,0.00709,-0.02201,0.00637,-8.2,False
520020,GO,76514,624,56.7,-0.01315,0.00751,-0.02854,0.00123,-12.3,False
520021,GO,20542,194,17.6,-0.01222,0.0082,-0.02934,0.00402,-11.5,False
520022,GO,7440,77,7.0,-0.01377,0.00832,-0.03088,0.00193,-12.9,False
530001,DF,447476,3399,309.0,-0.0118,0.00695,-0.02565,0.00152,-11.1,False
