rgi_id,b_mean,b_sd,b_lo95,b_hi95,classified_95,prob_direction,mde
110001,-0.00985095232702892,0.007455434248902898,-0.024623004627700267,0.004950573993369901,False,0.910875,0.01461265112784968
110002,-0.006029690561458638,0.008431067280222462,-0.021727918384818048,0.011279829886403197,False,0.77,0.016524891869236027
110003,-0.008107463419671064,0.008612634049966345,-0.025002778572943054,0.009247814468594288,False,0.832125,0.016880762737934034
110004,-0.01377407504460002,0.008096417536417128,-0.030815808667686802,0.0012452623336243979,False,0.965125,0.01586897837137757
110005,-0.012073812190301828,0.00814917728504337,-0.028733618863270263,0.00361663950422718,False,0.93425,0.015972387478685002
110006,-0.009718156262217352,0.008323214932240296,-0.026203471104020444,0.006852004339987783,False,0.886625,0.01631350126719098
120001,-0.0010474811020319994,0.00785977795173416,-0.0158878822810204,0.015063599373992683,False,0.56325,0.015405164785398953
120002,-0.0054539144764721185,0.00872812097071964,-0.023064986908075333,0.012121282645853739,False,0.743375,0.017107117102610495
120003,-0.002210653923073602,0.00897255178532343,-0.019921937296263157,0.01663379699129974,False,0.61,0.017586201499233924
120004,-0.0012092003717381961,0.008459542336391068,-0.01699354011980579,0.016298522247409714,False,0.57825,0.016580702979326494
120005,-0.0071604779697082835,0.008553784149950476,-0.024782645189012357,0.009570738754703266,False,0.806875,0.016765416933902932
130001,-0.0029031146114973363,0.0068864635743736274,-0.01567077940801178,0.011145995378168894,False,0.680125,0.01349746860577231
130002,-0.008919980452249862,0.007993268096014734,-0.025704290192640436,0.006611178827071178,False,0.88225,0.01566680546818888
130003,-0.0045501503208995086,0.008204487335780896,-0.020374511111130228,0.012658538666672346,False,0.731875,0.016080795178130557
130004,-0.00790503138937938,0.008119316813143282,-0.02440579734734136,0.007938089184538435,False,0.85,0.015913860953760833
130005,-0.009507001000861557,0.00757632808296416,-0.024996770312810182,0.004940071593656829,False,0.908625,0.014849603042609754
130006,-0.007081674780564835,0.007478627473985362,-0.021958980725148868,0.007777662426381685,False,0.840375,0.01465810984901131
130007,-0.007959122010847875,0.007842284368517988,-0.02381251796557285,0.007271017823428938,False,0.85325,0.015370877362295258
130008,-0.010816495913243613,0.007974055150736925,-0.027841737308759985,0.004305651483623337,False,0.9245,0.015629148095444374
130009,-0.007719255477288575,0.007984724257892067,-0.024135797112806272,0.007990751491167233,False,0.841875,0.015650059545468453
130010,-0.010169693755815739,0.007527152851711982,-0.02563130915631855,0.003875251735174961,False,0.917125,0.014753219589355484
130011,-0.004208876057253866,0.007997705859034207,-0.018906459903981248,0.012439521281472153,False,0.72275,0.015675503483707047
140001,-0.0033307959700789977,0.007738850699284306,-0.018299831297043753,0.01260304978470471,False,0.67775,0.01516814737059724
140002,-0.0010594722835520042,0.008565853865267627,-0.017009821254690922,0.017187499496400697,False,0.570375,0.01678907357592455
140003,-0.007080181268632866,0.008846133281179265,-0.024851125511139504,0.010319598094266361,False,0.79675,0.01733842123111136
140004,-0.007536869347361911,0.008858994562467316,-0.025630184029374007,0.009959519088513367,False,0.808375,0.01736362934243594
150001,-0.011526134509921127,0.0062672384911886545,-0.02397695163166391,0.0007364786101548789,False,0.964875,0.012283787442729762
150002,-0.01492615075137289,0.007751179862696425,-0.031074632531170484,-0.00010448786496273778,True,0.97575,0.015192312530884993
150003,-0.006780979421887574,0.007386309508827263,-0.020466551476530724,0.008776415804767481,False,0.826625,0.014477166637301435
150004,-0.010260547403180819,0.007090708988349305,-0.024123462686936017,0.0044878662563518105,False,0.925875,0.013897789617164638
150005,-0.012721881914939101,0.007218416859291716,-0.02734506229483366,0.0013431324282115109,False,0.963875,0.014148097044211763
150006,-0.014230164785578658,0.007648703005013106,-0.0300712167067812,0.0005255485415867772,False,0.970875,0.014991457889825687
150007,-0.01917642296332862,0.008155485063159853,-0.036665270481254925,-0.0051479687597782,True,0.996,0.015984750723793312
150008,-0.010324884926105903,0.007867084302481293,-0.026008394916520274,0.006109042666565522,False,0.90825,0.015419485232863335
150009,-0.014607293391328116,0.007198957938535822,-0.02958229192834504,-0.0008026107392854803,True,0.980875,0.01410995755953021
150010,-0.013250609960363091,0.0072441468357324875,-0.02800827687574757,0.0007833653772885568,False,0.9665,0.014198527798035675
150011,-0.011557422775338538,0.007239481897770982,-0.025874367585099943,0.003014508508642993,False,0.94525,0.014189384519631126
150012,-0.009294774777801345,0.007486411900520552,-0.02388673362165354,0.006033099114460055,False,0.896,0.014673367325020283
150013,-0.011936456308349563,0.007826813288440555,-0.028123779830534067,0.0037005384217481444,False,0.934875,0.015340554045343487
150014,-0.008546621394431547,0.008129023114492812,-0.024146296488702503,0.008410210360401847,False,0.86,0.01593288530440591
150015,-0.011536830483121553,0.0069037200830930215,-0.025292149388982277,0.0019139099066464783,False,0.953625,0.013531291362862323
150016,-0.005947518614464972,0.007575474781629256,-0.01975232654174687,0.009892048991558721,False,0.794125,0.01484793057199334
150017,-0.014591964267857938,0.007373630899393887,-0.02998799664847405,-0.00033911148589499385,True,0.9765,0.014452316562812019
150018,-0.0169741268577589,0.007628721709039484,-0.0330723170817441,-0.003299067658846018,True,0.99325,0.014952294549717388
150019,-0.008212555458081167,0.007960720381394334,-0.022940967044135844,0.008361370821967475,False,0.848125,0.015603011947532894
150020,-0.011568586378156208,0.0070583891550360725,-0.025647496162208003,0.0025765996933650934,False,0.948875,0.013834442743870702
150021,-0.013045696812814214,0.0076845971878079745,-0.029148379709915732,0.002045976288698015,False,0.954875,0.01506181048810363
160001,-0.005700369758695657,0.007350685818337952,-0.019851360245826667,0.0089834960475502,False,0.786875,0.014407344203942386
160002,-0.006341208778400413,0.00875106464898172,-0.02371113631267265,0.011345087208966731,False,0.776125,0.01715208671200417
160003,-0.0033264410392642935,0.0084851500726507,-0.019721089418738107,0.0142438728951823,False,0.670875,0.01663089414239537
160004,-0.0033354524502171266,0.008909382089983825,-0.02023728578844989,0.01537098299003796,False,0.667,0.017462388896368294
170001,-0.004759528642020124,0.007905967279077898,-0.020229000020137784,0.01157325796283968,False,0.74475,0.01549569586699268
170002,-0.0038281246070932568,0.008445744903373893,-0.02012455758843176,0.01325879015197304,False,0.69425,0.01655366001061283
170003,-0.003952580395243863,0.008377985487064914,-0.02053943697939165,0.013302027953643719,False,0.695375,0.01642085155464723
170004,-0.005128741422971026,0.008769661310985577,-0.022249902407980412,0.012077880448819045,False,0.7285,0.01718853616953173
170005,-0.0060414875492184545,0.007918673689253133,-0.021760264085288052,0.009555316603550404,False,0.78325,0.01552060043093614
170006,-0.0011127769633888015,0.00858919892501929,-0.017074476121632497,0.0169633874454778,False,0.575625,0.016834829893037806
170007,-0.0043240051136803894,0.008452356913194362,-0.02083593217215624,0.013015269169818213,False,0.704,0.01656661954986095
170008,-0.003916995040615829,0.008626484992999204,-0.020457637558153604,0.013858314566928601,False,0.690125,0.01690791058627844
170009,-0.008164378215302874,0.008434273293995476,-0.025425045460470846,0.008012533766927187,False,0.844375,0.016531175656231134
170010,-0.004742802157247538,0.008102076880378338,-0.020523736683390442,0.011843438740652235,False,0.7345,0.01588007068554154
170011,-0.0036608387532264977,0.00849817884377291,-0.019684015067230814,0.014277376691394976,False,0.68975,0.016656430533794904
210001,-0.010959915938588072,0.006640952338787611,-0.023480346261544844,0.0025756594391998,False,0.948125,0.013016266584023717
210002,-0.013445596265678974,0.007523240711450036,-0.028635324018916435,0.0012358153949341957,False,0.963375,0.01474555179444207
210003,-0.015715633104649192,0.007686960267740234,-0.03152360045331797,-0.0008114359087732579,True,0.979625,0.015066442124770858
210004,-0.010917211774499955,0.007776316730145459,-0.025585808817432533,0.005247343188797497,False,0.91825,0.0152415807910851
210005,-0.013424682038320146,0.007550237503296236,-0.028447648579504825,0.0017293573765713283,False,0.959375,0.014798465506460622
210006,-0.00872750614111693,0.008153655428534447,-0.023953897857719446,0.008690061263967,False,0.86375,0.015981164639927516
210007,-0.00925909673719269,0.00805308876388794,-0.024376390908848744,0.007797271263664453,False,0.876,0.015784053977220363
210008,-0.0144866447610672,0.00804381008013251,-0.030928192139465276,0.0013809609052671354,False,0.964375,0.01576586775705972
210009,-0.010134972382124324,0.007424845125480473,-0.024202208233759296,0.005567423704010719,False,0.911875,0.014552696445941727
210010,-0.01617668511827816,0.00746960932654982,-0.03171987364240095,-0.0016848318714674636,True,0.985375,0.014640434280037647
210011,-0.011820458605536637,0.007826306114419087,-0.027323677570225104,0.003997919538110512,False,0.93275,0.01533955998426141
210012,-0.00929910940614161,0.007891425539715263,-0.023819252119514567,0.00750080858076539,False,0.878625,0.015467194057841914
210013,-0.015431478126155508,0.0074359169404607985,-0.030749563053657388,-0.001057666049498191,True,0.981875,0.014574397203303165
210014,-0.01908111066851018,0.00796317248955264,-0.03606451145879293,-0.004648603646899136,True,0.995,0.015607818079523175
210015,-0.013805283644652971,0.007580431547002831,-0.029078236669754703,0.0012204337746966893,False,0.966,0.01485764583212555
210016,-0.011860343314542622,0.007606592458730788,-0.02647932705099474,0.0037955218049510095,False,0.939875,0.014908921219112345
210017,-0.009009738571595687,0.008083280777247251,-0.023864095866235904,0.008026143728915684,False,0.868625,0.015843230323404612
210018,-0.011183647922681473,0.00822833408308556,-0.026624808532272583,0.005752505237932521,False,0.912,0.016127534802847697
210019,-0.011413909246856807,0.007154800697030885,-0.025221746395754394,0.002789258693201226,False,0.94275,0.014023409366180534
210020,-0.014772352684295359,0.0074482008917625886,-0.030354823172122868,-0.00048058494827834836,True,0.978,0.014598473747854673
210021,-0.01992666407653552,0.008201714633054174,-0.03727135477864567,-0.005659993556698861,True,0.996625,0.01607536068078618
210022,-0.021136573214686274,0.008253068059708778,-0.038876922031732285,-0.0066525797810582914,True,0.998,0.016176013397029204
220001,-0.019265442674947567,0.007319844774797716,-0.03402435604765591,-0.005426607791716028,True,0.996875,0.014346895758603524
220002,-0.014051183463693674,0.008271019992695786,-0.03040133537280232,0.0024478024563197747,False,0.953375,0.016211199185683742
220003,-0.015498321894150985,0.00851947611518815,-0.032430255322528447,0.0015447436437124287,False,0.963875,0.016698173185768776
220004,-0.012533301393996974,0.008703133334231915,-0.028840457341804997,0.005403926305042606,False,0.924125,0.01705814133509455
220005,-0.018949827698574572,0.008463546158309005,-0.037071080698324085,-0.0028668439997425383,True,0.98975,0.01658855047028565
220006,-0.016455687165720788,0.007895279873665067,-0.032396833403858176,-0.0009814463958682702,True,0.980625,0.015474748552383531
220007,-0.016473180795085036,0.008153583533607624,-0.03275054940688698,-0.0007153628521742772,True,0.9785,0.015981023725870944
220008,-0.0138802997895758,0.008237040557071513,-0.02999870144109098,0.0027582143345969193,False,0.95125,0.016144599491860166
220009,-0.015766175569704374,0.007930084809048934,-0.03140047351472972,-0.00017748927753059344,True,0.976625,0.015542966225735911
220010,-0.01704218309782991,0.008369278305317553,-0.03402819508626746,-0.0006361396239140412,True,0.978875,0.016403785478422403
220011,-0.01670779536909215,0.008664699305307983,-0.03418369691401915,0.00034120854625350024,False,0.97225,0.016982810638403647
220012,-0.01618710490793845,0.008836999891439316,-0.03383203855398591,0.0016459501626248652,False,0.96575,0.01732051978722106
220013,-0.015231457116726356,0.008427316794991516,-0.03181807778175737,0.0014728177099458228,False,0.964625,0.01651754091818337
220014,-0.011845584477020105,0.008859740969932677,-0.028389879341516884,0.007020099049382424,False,0.9075,0.017365092301068048
220015,-0.01816960354163631,0.00837238565472778,-0.03602539238587698,-0.0022278740957398188,True,0.986,0.01640987588326645
220016,-0.016639203043155203,0.008538104285382793,-0.03356788899643955,-0.00016008622913243014,True,0.976625,0.016734684399350275
220017,-0.015745145489258504,0.008221114848302409,-0.03221499784948945,0.0006055763398229692,False,0.9715,0.016113385102672722
220018,-0.016872633735323776,0.00851710533963587,-0.034153378421987034,-0.0003583895795037375,True,0.97825,0.016693526465686306
220019,-0.015214660629791078,0.008581181999423801,-0.03237851613028245,0.002176694988234322,False,0.95975,0.01681911671887065
230001,-0.009085409594851821,0.007075789066287927,-0.022331730881614883,0.0054030359660758665,False,0.89375,0.013868546569924338
230002,-0.01331192554006211,0.007728291341148247,-0.02866266584110528,0.002344987231031149,False,0.955125,0.015147451028650564
230003,-0.014137545839290564,0.0080241071040167,-0.03040074965013101,0.0017890587291428221,False,0.96175,0.015727249923872734
230004,-0.01631137074137692,0.008248578490689436,-0.03352680100472956,-0.0003844302631212446,True,0.977375,0.016167213841751297
230005,-0.01287996156522931,0.008407683357330354,-0.028895331135242775,0.004533905184054658,False,0.93725,0.016479059380367492
230006,-0.01741555461053347,0.0078078903008951695,-0.033719966122129415,-0.002890424317797031,True,0.989375,0.015303464989754533
230007,-0.01203633381618461,0.0078944106994856,-0.027283525799331437,0.004266123442952891,False,0.929,0.015473044970991777
230008,-0.01165892788716923,0.008316608716621236,-0.02743698869933538,0.005917277837111981,False,0.91825,0.01630055308457762
230009,-0.012631956210345102,0.008043075309154926,-0.028025962110007383,0.004357689532836558,False,0.93575,0.015764427605943654
230010,-0.015593945315184895,0.008331076404740057,-0.03221847524718632,0.0009476883824380061,False,0.968875,0.016328909753290512
230011,-0.020139379490872605,0.007560294714857792,-0.03594005904304022,-0.0063972549714747815,True,0.997875,0.014818177641121272
230012,-0.02033323676192575,0.008391528468304864,-0.03833568724598893,-0.005264572723620265,True,0.993875,0.016447395797877535
230013,-0.019460744335526962,0.008185742640026852,-0.03650203901845126,-0.004646206341543853,True,0.99275,0.01604405557445263
230014,-0.012376424411601673,0.008255454690005656,-0.028468840051625918,0.004587328467598416,False,0.9285,0.016180691192411084
230015,-0.01825556669015324,0.0075865903528611126,-0.03393583473162749,-0.004189332682601002,True,0.993375,0.01486971709160778
230016,-0.01557238949402132,0.007562280864612161,-0.0310641435899197,-0.0007421975665656073,True,0.98,0.014822070494639834
230017,-0.015454892577261792,0.00793782797264969,-0.031443756112480334,0.00010443313401495536,False,0.9745,0.015558142826393392
230018,-0.018149429497633155,0.008165247731033934,-0.03552807951186035,-0.0028543953722853592,True,0.98825,0.01600388555282651
240001,-0.008696523038087966,0.007026570001500014,-0.022724664799576896,0.005176590264354551,False,0.8965,0.013772077202940027
240002,-0.008708490637612119,0.008391644300678285,-0.025793700133790867,0.008041184706412309,False,0.861625,0.016447622829329437
240003,-0.0033329736574148764,0.008515607107236377,-0.019123887694038895,0.014721882826387384,False,0.670125,0.0166905899301833
240004,-0.008741773077697816,0.008508606689036592,-0.026386448811697008,0.007937646358095945,False,0.85925,0.016676869110511718
240005,-0.006028245053239831,0.008508748060827234,-0.022446123867984967,0.011741042131315816,False,0.77425,0.01667714619922138
240006,-0.008202318104577222,0.008506837352449977,-0.02539105408210183,0.008869728453177956,False,0.843125,0.016673401210801953
240007,-0.008470907791519789,0.008321142508492953,-0.02564640327070425,0.007972620725171478,False,0.85725,0.016309439316646187
240008,-0.00508306239707379,0.0084218293250387,-0.021057487534536134,0.0125174432930878,False,0.744125,0.01650678547707585
240009,-0.009302015941144078,0.007754555816522255,-0.025028217209969505,0.006137563706851554,False,0.892,0.01519892940038362
240010,-0.006223818832358684,0.008041693270908316,-0.021537740670336314,0.010158686900298336,False,0.791,0.015761718810980298
240011,-0.007730273265422349,0.00809174079871171,-0.023995679960421838,0.00819786485832161,False,0.838875,0.01585981196547495
250001,-0.0026399214489617453,0.007212119374614197,-0.016182459612896233,0.012425574447494822,False,0.656625,0.014135753974243825
250002,-0.008570927418145533,0.00770898682187595,-0.024404291438697052,0.006497937673644141,False,0.876125,0.015109614170876862
250003,-0.00487260426627145,0.008080581586942233,-0.020332689798503698,0.012162890856736431,False,0.744375,0.015837939910406777
250004,-0.006868974514482226,0.008450420595528012,-0.023965307881799874,0.009779134676029156,False,0.8025,0.016562824367234903
250005,-0.005929897845433507,0.00699841993713228,-0.019370193059868968,0.008122175956853609,False,0.805375,0.01371690307677927
250006,-0.006603388757156568,0.008354973741213415,-0.023353270276591717,0.010096983465639114,False,0.801875,0.016375748532778293
250007,-0.009548785728428787,0.008518842578390877,-0.026968518930633754,0.006745680604300507,False,0.88175,0.01669693145364612
250008,-0.009130538289334675,0.00868068237786781,-0.02722011911785643,0.007532388453894957,False,0.862625,0.017014137460620908
250009,-0.008589282291044626,0.007737410499328239,-0.024661737344545322,0.006354439085999923,False,0.879625,0.015165324578683347
250010,-0.007568702454215689,0.008023708243809193,-0.02388859573487807,0.008536480021904654,False,0.836875,0.015726468157866016
250011,-0.007930390924439739,0.008578035756847823,-0.02554450274907117,0.009282013213596414,False,0.839125,0.016812950083421735
250012,-0.005110932165365548,0.008567501696925502,-0.021859595552442854,0.01205126168430701,False,0.740625,0.016792303325973982
250013,-0.007412941561992561,0.008724627642919223,-0.025411437897830808,0.009974065075219548,False,0.818375,0.01710027018012168
250014,-0.010035130558562859,0.008441853719037074,-0.027976462117930527,0.005799238844333362,False,0.89575,0.016546033289312666
250015,-0.003796681348442169,0.008056500097600559,-0.019290499387228374,0.013089205938540568,False,0.701375,0.015790740191297094
260001,-0.008376207825246696,0.0063937178475491135,-0.02107164434240512,0.0045786044925090795,False,0.90775,0.012531686981196262
260002,-0.004296910745687606,0.007782939850295088,-0.01860912788885728,0.012265807673568463,False,0.72725,0.015254562106578372
260003,-0.0026795870891129377,0.00822342819213198,-0.017481443776046518,0.015080593797545509,False,0.65425,0.01611791925657868
260004,-0.004900750564596266,0.007997754512880378,-0.019680305676783538,0.012046550042979004,False,0.746875,0.01567559884524554
260005,-0.00907640182194633,0.007843804599351545,-0.02492101469739923,0.006226995785518982,False,0.883375,0.015373857014729028
260006,-0.008514531355108478,0.007928311583284739,-0.0245745281742171,0.006949426066705953,False,0.86475,0.015539490703238087
260007,-0.009941869899393472,0.007981643160026265,-0.02632035160668962,0.005639450390209706,False,0.905,0.01564402059365148
260008,-0.0073766163697716455,0.0079135211548394,-0.023544202625347954,0.008550305213982983,False,0.836125,0.015510501463485224
260009,-0.006921701071514137,0.006834946914170051,-0.020210655180325013,0.0068493751645594325,False,0.855,0.0133964959517733
260010,-0.009104006601988918,0.007274814756638002,-0.023575367307562167,0.0053352331512281454,False,0.89925,0.014258636923010484
260011,-0.01107554197985155,0.007497669113857557,-0.026383847699949153,0.0033460536218836404,False,0.93875,0.014695431463160812
260012,-0.010582027574804313,0.007683367511653182,-0.026382043758278486,0.003903082950041063,False,0.925375,0.015059400322840236
260013,-0.009623444929910544,0.007379341159320477,-0.024444521375530992,0.004459004468173648,False,0.91125,0.014463508672268135
260014,-0.0043829610701967905,0.007974462239078089,-0.019242655995269385,0.012091217652475702,False,0.719875,0.015629945988593054
260015,-0.007946285072753323,0.007218233243221249,-0.022531115083719723,0.006605941946197501,False,0.873625,0.014147737156713648
260016,-0.008029141625724951,0.007108069030657637,-0.022177880991133183,0.0062877421322011275,False,0.875125,0.013931815300088968
260017,-0.011750172285033412,0.007908321045707292,-0.02825866871118396,0.002972239533604833,False,0.942,0.015500309249586291
260018,-0.008175703922408356,0.007923856947975557,-0.024205540178783933,0.007745417496195861,False,0.858,0.015530759618032092
270001,-0.015517707879803116,0.007189455491291492,-0.030145765950011616,-0.0021279942048797224,True,0.989125,0.014091332762931324
270002,-0.011563724017778205,0.007937450152338495,-0.027907068440347155,0.003860806120276987,False,0.928875,0.01555740229858345
270003,-0.01010650397323335,0.007936342382445602,-0.02576902975447438,0.005774090775391574,False,0.89675,0.015555231069593379
270004,-0.013234278686508777,0.00819731040479036,-0.030177794551892893,0.002592163678132562,False,0.953125,0.016066728393389105
270005,-0.008818334898460645,0.008124935355070499,-0.024689190880489445,0.007628260761042851,False,0.86475,0.015924873295938176
270006,-0.011720429531090079,0.00840603757847887,-0.028593809833524466,0.004882129441587512,False,0.922125,0.016475833653818585
270007,-0.010819350487849929,0.007238195516942763,-0.025430836183857445,0.003322738041398352,False,0.93075,0.014186863213207815
270008,-0.008903601767854213,0.007979876578483041,-0.024405821111015143,0.007500153871754022,False,0.86975,0.01564055809382676
270009,-0.011428828576652408,0.008107497129487018,-0.02756630744198424,0.004744961412464337,False,0.923375,0.015890694373794555
270010,-0.010385398591570906,0.00807335010329008,-0.026179807927918252,0.005678641740704804,False,0.9045,0.015823766202448554
270011,-0.010358403678587112,0.008161673480778293,-0.026476205253396858,0.005666724171524173,False,0.90125,0.015996880022325456
280001,-0.0066164268529481495,0.0069199915642889475,-0.020297841002432464,0.0067626293344757085,False,0.832375,0.013563183466006337
280002,-0.005247763588693326,0.008000487357118306,-0.02119470193385701,0.010752051858497182,False,0.753875,0.01568095521995188
280003,-0.006102624332803636,0.008044772438669325,-0.022062991168618068,0.009849758273132617,False,0.785125,0.01576775397979188
280004,-0.002462328166357746,0.008089046701341867,-0.017589847670403277,0.014635365628607027,False,0.634875,0.01585453153463006
280005,-0.005574405387929242,0.007645189971114245,-0.02111350598943115,0.009570896220128145,False,0.773625,0.01498457234338392
280006,-0.00012843767141078988,0.008378891391143945,-0.015347398934205838,0.01770453773470372,False,0.52325,0.016422627126642133
290001,-0.006469404412621138,0.006593627419811591,-0.01866383484417926,0.007485475563740494,False,0.837875,0.012923509742830719
290002,-0.014322476452100254,0.007180312512435916,-0.028754465603657693,-0.0005784799253230361,True,0.980375,0.014073412524374395
290003,-0.008463096268673972,0.007653123115800414,-0.02297070957248545,0.007873075141567555,False,0.86925,0.015000121306968811
290004,-0.007240753214608305,0.007433963849766736,-0.02088375422185351,0.0085646475731235,False,0.842,0.014570569145542802
290005,-0.00889481863097535,0.007444915597351018,-0.023017013875049366,0.0065486642684947,False,0.886625,0.014592034570807995
290006,-0.01256491120114813,0.007684488659165832,-0.028288925621624068,0.002607570943354498,False,0.95375,0.01506159777196503
290007,-0.010121427719442936,0.006822503771871311,-0.02347438917393289,0.004203477354713972,False,0.927875,0.01337210739286777
290008,-0.010676022506489411,0.007352033782515907,-0.025197596455008082,0.004260291013432967,False,0.923375,0.014409986213731178
290009,-0.008659357156733185,0.0071188080327638245,-0.021919629790427726,0.0065109107948468975,False,0.88725,0.013952863744217095
290010,-0.010163160359674041,0.007673159000131342,-0.025077424657227138,0.005541867570648173,False,0.906125,0.01503939164025743
290011,-0.0167559776177832,0.007171328013835809,-0.03232200863261999,-0.0038430779835300303,True,0.99375,0.014055802907118185
290012,-0.016834760744367596,0.0076215816263257505,-0.03306486652547318,-0.003064719977605401,True,0.989875,0.01493829998759847
290013,-0.015955535593058866,0.007782197339235957,-0.03274417101658607,-0.0018686731103068031,True,0.987,0.015253106784902475
290014,-0.008859104955948006,0.007516435210086889,-0.0228590906991324,0.006879481458592359,False,0.881625,0.014732213011770303
290015,-0.012215826154695662,0.007594630032057904,-0.027347624256936254,0.0030113561008605215,False,0.949625,0.014885474862833491
290016,-0.013806346063294731,0.007343759834549323,-0.029137716285199164,0.00027151783021997164,False,0.973375,0.014393769275716672
290017,-0.015409134759037947,0.00755566665372909,-0.031532115264946425,-0.0009929712395428823,True,0.983875,0.014809106641309015
290018,-0.017821167128873827,0.007637937132560018,-0.03406327075159109,-0.004202689578801317,True,0.994125,0.014970356779817635
290019,-0.013075985016333476,0.007621672892054677,-0.02885400636329903,0.0016568532627598183,False,0.9585,0.014938478868427167
290020,-0.011436369773164617,0.007000047886932421,-0.025464996718258703,0.002717825422756265,False,0.9475,0.013720093858387546
290021,-0.010790236089102399,0.007267972787289459,-0.025085587179104554,0.00429777046842568,False,0.92775,0.014245226663087338
290022,-0.00865396637423802,0.0069428090861934225,-0.021860654833285125,0.0056990605763279035,False,0.892625,0.013607905808939108
290023,-0.008702507511129247,0.0073226187459497025,-0.022390423621735555,0.006603544182183115,False,0.88175,0.014352332742061416
290024,-0.01633784355174553,0.007916933324601288,-0.03340065539129437,-0.0019456162709185045,True,0.986,0.015517189316218524
290025,-0.013987103272357691,0.007513716536951034,-0.029542145392013625,0.00019114736379757992,False,0.9735,0.014726884412424026
290026,-0.009928735554814393,0.007387486929792053,-0.024243695390075266,0.005613540355577364,False,0.9125,0.014479474382392422
290027,-0.012531866966103878,0.007529222498786878,-0.02793078985154126,0.002250045721471178,False,0.955,0.01475727609762228
290028,-0.009474784953835467,0.00788919678959576,-0.024680389001493535,0.0070717768255142595,False,0.8925,0.015462825707607689
290029,-0.01433637230629451,0.0067810877228103045,-0.02816572263178484,-0.0016372026109145947,True,0.984375,0.013290931936708196
290030,-0.008234493672284696,0.007444889236424357,-0.022338372764033183,0.007272784134547328,False,0.861,0.01459198290339174
290031,-0.012141361320690602,0.007386550309273557,-0.02694238014331092,0.0027738435903221664,False,0.94825,0.014477638606176171
290032,-0.011517086610880916,0.007646349605209157,-0.02705598338333164,0.004064286386655747,False,0.937875,0.014986845226209949
290033,-0.009563508880557382,0.007698210447294693,-0.02474787173480292,0.0065135851811827985,False,0.894875,0.015088492476697598
290034,-0.008862778332578508,0.0075811585830989625,-0.02326256728422909,0.007332598847556414,False,0.87675,0.014859070822873965
310001,-0.0007469150445082976,0.007098179445348607,-0.01319209969594912,0.013865505781821686,False,0.561625,0.013912431712883271
310002,-0.011821926956799978,0.007373503348778789,-0.027301885723099127,0.002630460426033737,False,0.949,0.014452066563606427
310003,-0.006129518704165469,0.007567213103988112,-0.02052890451227606,0.009846423530044543,False,0.799,0.014831737683816699
310004,-0.01303597424276791,0.007791031407043504,-0.029235104615332165,0.001455139923306191,False,0.960125,0.015270421557805268
310005,-0.010228704958524298,0.007840697833322412,-0.026752514805299707,0.005289301055516562,False,0.914,0.015367767753311926
310006,-0.01061562884858535,0.006821834346341151,-0.02461281903443648,0.002880324134842729,False,0.94375,0.013370795318828656
310007,-0.007932861928392381,0.007470426644164073,-0.022417902777145733,0.007698460140539482,False,0.861375,0.014642036222561583
310008,-0.0129275499985823,0.007664940711481411,-0.029279015818461915,0.0014606902046358594,False,0.9635,0.015023283794503565
310009,-0.012432833706836437,0.0077563777239538344,-0.028936486395669214,0.002201766646847501,False,0.955625,0.015202500338949515
310010,-0.011014126439435324,0.007596826993188264,-0.026884129366516928,0.003703495158663513,False,0.93125,0.014889780906648997
310011,-0.017245419731688204,0.008743806380981507,-0.03609040755175233,-0.0024959449479268463,True,0.98925,0.01713786050672375
310012,-0.009858853707734178,0.007679512794495476,-0.025418424405390532,0.005473708613284724,False,0.905375,0.015051845077211133
310013,-0.0088829309613587,0.0070361442109280045,-0.022906624550762242,0.005207707407237482,False,0.898125,0.013790842653418888
310014,-0.010270248364904772,0.007593590792984788,-0.0255910982814672,0.005050131147765154,False,0.92125,0.014883437954250183
310015,-0.01271364855790699,0.007813075357749642,-0.02936818693720628,0.0021441378776453613,False,0.95625,0.015313627701189297
310016,-0.009491853097676986,0.007567269742253123,-0.024442454019915336,0.0057259061906289556,False,0.90225,0.014831848694816121
310017,-0.015143058472123555,0.008387683694067328,-0.03325701283869436,-0.0003397898702866022,True,0.977875,0.016439860040371963
310018,-0.011390947630024637,0.007937645121656471,-0.027861506914298173,0.004149678864156079,False,0.93375,0.015557784438446683
310019,-0.012358130691981856,0.007939585084985375,-0.029223344453437695,0.0024359012836989227,False,0.952625,0.015561586766571335
310020,-0.004085570908422059,0.0076972259046632395,-0.01802294139414151,0.012561385141665521,False,0.719375,0.01508656277313995
310021,-0.007838379237541243,0.0076521444524580515,-0.022996597014191687,0.007899666527123476,False,0.857,0.01499820312681778
310022,-0.007302904355464999,0.00800758767873804,-0.02250946854385906,0.009466431606340288,False,0.83175,0.01569487185032656
310023,-0.009635010973028525,0.008005020226028734,-0.025881675283025415,0.0064713315561514715,False,0.8945,0.015689839643016318
310024,-0.01273318734292332,0.007298866888701958,-0.027781768870977587,0.0009715940359934708,False,0.96625,0.014305779101855837
310025,-0.009670452477049497,0.007356861989072707,-0.024748577905040984,0.005126206415559837,False,0.91025,0.014419449498582504
310026,-0.011437713997613732,0.007746413490753444,-0.027650498322226255,0.00383771291105627,False,0.9355,0.01518297044187675
310027,-0.007901729672667666,0.007074134645855428,-0.02186065752187768,0.006881095792900964,False,0.877,0.01386530390587664
310028,-0.012661350465344189,0.007301564082641169,-0.028087448554205748,0.0013232605941135315,False,0.964125,0.01431106560197669
310029,-0.009093028728894805,0.007487829523032264,-0.023982195737015093,0.006036948330753477,False,0.888125,0.014676145865143236
310030,-0.007955798586382687,0.007737063594595913,-0.02322747958635024,0.008093264114076286,False,0.858125,0.015164644645407989
310031,-0.009435150554382578,0.00767355138273098,-0.024920760588946912,0.006072383704663436,False,0.89675,0.015040160710152722
310032,-0.007573174325184046,0.00783182318408424,-0.022686313848786454,0.008955503483474085,False,0.843625,0.015350373440805112
310033,-0.012706882093377243,0.007804681171295237,-0.029379260944481837,0.0019197242871933774,False,0.956875,0.015297175095738663
310034,-0.010031738361474222,0.007730009184695712,-0.02590072186599549,0.00503511368953321,False,0.913625,0.015150818002003595
310035,-0.011688562818648787,0.008149798790873852,-0.029240693769894747,0.0039179643106590665,False,0.935125,0.01597360563011275
310036,-0.009701157755507997,0.008015263533225837,-0.025912331072040502,0.006584396133570004,False,0.89575,0.01570991652512264
310037,-0.0065516529192788725,0.0077048229779887786,-0.02152400213998398,0.009352874795869067,False,0.809,0.015101453036858005
310038,-0.008678736550434609,0.007130503814161008,-0.02278916284222373,0.0058838738103021955,False,0.891625,0.013975787475755575
310039,-0.012613760763898236,0.00785421724464628,-0.029173110885313776,0.002264599922719382,False,0.956375,0.01539426579950671
310040,-0.0075255735308636055,0.007632800614795994,-0.022540307116489564,0.008598175137309769,False,0.84825,0.014960289205000149
310041,-0.011434832414798885,0.007528886346428245,-0.026721055591965217,0.0032803325987761293,False,0.942,0.01475661723899936
310042,-0.0097250937747506,0.007628165670444613,-0.02518597549875437,0.005496836955251953,False,0.90425,0.014951204714071442
310043,-0.012407744877256734,0.007810851241235599,-0.02892427148776451,0.0023592154112448186,False,0.954125,0.015309268432821774
310044,-0.010516316939105246,0.00770378144275008,-0.02624589002429149,0.005068389522913721,False,0.922375,0.015099411627790157
310045,-0.009474643640854383,0.007698068584930107,-0.024692199399829032,0.005923039482672468,False,0.8985,0.015088214426463008
310046,-0.01009242119628284,0.007491936171361243,-0.025594906455918574,0.004826300753760854,False,0.91775,0.014684194895868037
310047,-0.010713023233906474,0.007710361782301205,-0.02655312822210035,0.004249777609269055,False,0.924375,0.015112309093310362
310048,-0.009905110267685393,0.007842267884593463,-0.02574064248312266,0.005697355798367844,False,0.904625,0.015370845053803187
310049,-0.009495595694751306,0.008098395112957782,-0.025729200031248782,0.00692204334246212,False,0.890125,0.015872854421397253
310050,-0.01357614507626271,0.0074377793019328444,-0.02987264895918921,2.1920865995298292e-05,False,0.97475,0.014578047431788374
310051,-0.007160915418846662,0.007521239463653846,-0.02177272990322756,0.008541403484891592,False,0.84125,0.014741629348761538
310052,-0.006021374808661633,0.00787581188206124,-0.020706383477677656,0.01068961338728354,False,0.79575,0.01543659128884003
310053,-0.008996065666634166,0.0077879759378014675,-0.02450030293449208,0.006778792213476015,False,0.88375,0.015264432838090876
310054,-0.010779090490022378,0.00805878277212584,-0.027671981993855867,0.004959659790295499,False,0.915,0.015795214233366644
310055,-0.005899044362276157,0.007408812770893677,-0.019591077545408814,0.009654051290023209,False,0.797,0.014521273030951607
310056,-0.012429328055146203,0.007737556305410257,-0.02908791178312365,0.002273345574898832,False,0.953375,0.015165610358604103
310057,-0.007886175347948056,0.007963283506168298,-0.02347188665634935,0.00876067888886541,False,0.853375,0.015608035672089864
310058,-0.013407786794531078,0.008121925881093188,-0.03097423057787072,0.0013651562919330912,False,0.963625,0.015918974726942647
310059,-0.006013615233586935,0.006951112164989377,-0.019264278409069135,0.008694023046493981,False,0.8135,0.01362417984337918
310060,-0.0067998999536108915,0.007868594917288913,-0.02167886314021359,0.009716991447155305,False,0.82,0.015422446037886268
310061,-0.009437824675497086,0.007740800468486143,-0.02506902339988177,0.0062040651690764784,False,0.902625,0.01517196891823284
310062,-0.009056988052213966,0.007056857709472064,-0.022974539684914606,0.0051548245793300584,False,0.901375,0.013831441110565246
310063,-0.010656356286384873,0.0074799728296102265,-0.026148097404757854,0.003893642863505656,False,0.931125,0.014660746746036044
310064,-0.008859183977891347,0.007617007834605525,-0.024112427225250546,0.006512163138360304,False,0.882375,0.014929335355826828
310065,-0.007458164808013739,0.007046103197539737,-0.021470137784385605,0.006788701621545458,False,0.861,0.013810362267177884
310066,-0.008953554158504214,0.007873857078807483,-0.024407337908386225,0.00729626051135379,False,0.878125,0.015432759874462666
310067,-0.012360391937832328,0.007971837820848988,-0.02948235871043569,0.002640536467243819,False,0.9505,0.015624802128864017
310068,-0.010385926655840944,0.007713548980310998,-0.026277206378161215,0.005102506312001673,False,0.919,0.015118556001409557
310069,-0.011974185146950752,0.008106576958981933,-0.02950306239931563,0.003719564842695051,False,0.941625,0.015888890839604587
310070,-0.008157904645771973,0.00795918502084458,-0.023827423724211868,0.008608818055618923,False,0.85875,0.015600002640855377
320001,-0.00621758428681183,0.006962888883172312,-0.019486985858100256,0.0081238866160006,False,0.821125,0.013647262211017731
320002,-0.005753763383130964,0.008368324437755589,-0.021717885005664007,0.011710601245560993,False,0.768125,0.016401915898000954
320003,-0.010953277453791732,0.008017876187182991,-0.02745525796604625,0.0042786105951840995,False,0.92225,0.015715037326878664
320004,-0.007862907080659651,0.007783975821245688,-0.0232914047423778,0.00784678625641643,False,0.8495,0.015256592609641548
320005,-0.014595552033808462,0.008398060867960116,-0.0327098893887951,0.0008995540280936713,False,0.969,0.016460199301201826
320006,-0.01057980290501941,0.008381931209643105,-0.028162083761814116,0.006594095971266766,False,0.9055,0.016428585170900487
320007,-0.006926593883227645,0.007751800006105869,-0.02179235883418127,0.00872159965738985,False,0.824375,0.015193528011967503
320008,-0.011601180592621316,0.008216681197687786,-0.028517690735548846,0.004018358677762244,False,0.9255,0.01610469514746806
330001,-0.001322661043183217,0.006390191474343051,-0.013446151340030795,0.011840624595460028,False,0.59125,0.01252477528971238
330002,-0.001214848364178173,0.00813529216130161,-0.01675487388573153,0.015903685952985875,False,0.57825,0.015945172636151157
330003,-0.002778541265840349,0.00819003146794454,-0.018902369614965615,0.01374889743977974,False,0.64875,0.016052461677171295
330004,-0.0026125493646345036,0.007564627774202873,-0.017101777227457156,0.012820125888113853,False,0.64775,0.01482667043743763
330005,-0.0007380547932265476,0.008045355277541516,-0.01603008778352056,0.01625615432388038,False,0.56075,0.015768896343981372
330006,-0.0041409845233675155,0.007822906224869565,-0.019781803669685048,0.011325147983256822,False,0.7085,0.015332896200744347
330007,-0.0077200060295898165,0.007823013519337016,-0.024086619720982316,0.0072767933490739825,False,0.847625,0.015333106497900552
330008,-0.005633158361756627,0.007692534587967587,-0.02155349156804936,0.009166735959263941,False,0.774625,0.01507736779241647
330009,-0.006195577228214178,0.008021898025591072,-0.02268254651714741,0.009352448615181386,False,0.789125,0.0157229201301585
330010,-0.0018082989266923007,0.007291771779828214,-0.015775343922641242,0.013143204818996623,False,0.613625,0.014291872688463299
330011,-0.0038097419327393217,0.008158134854661195,-0.01985591174021473,0.012302541958935962,False,0.693,0.01598994431513594
330012,-0.004919572346132485,0.008201687856844367,-0.02185602492160695,0.011297468563272859,False,0.730875,0.01607530819941496
330013,-0.00492323455066947,0.007247550959954068,-0.019746597177430256,0.00976670218687866,False,0.767875,0.014205199881509973
330014,-0.0060075384879391515,0.007409903082041871,-0.021332098659702703,0.008208956180396609,False,0.79575,0.014523410040802067
350001,-0.0021950094486497635,0.006048282269078928,-0.014334086660687006,0.009758662057243857,False,0.647,0.011854633247394698
350002,-0.009045041679447176,0.007035479803880659,-0.023861866833637137,0.0033207644110576973,False,0.91475,0.01378954041560609
350003,-0.004634886988747075,0.006531744552439759,-0.018450255022528634,0.0077393029613346456,False,0.7655,0.012802219322781926
350004,-0.007319672281487426,0.007519801202825742,-0.023045798465945858,0.0064162013010744924,False,0.846875,0.014738810357538453
350005,-0.002681233542742678,0.007462187941318161,-0.018091257059230224,0.01219275006146455,False,0.652,0.014625888364983596
350006,-0.0033592953085899257,0.007527601482476182,-0.019079081301070215,0.01124064605092678,False,0.677875,0.014754098905653316
350007,-0.003036050408499281,0.007477932533263908,-0.018421631641843295,0.011685102825675751,False,0.664375,0.014656747765197261
350008,-0.0021257995623375986,0.0076143387589272145,-0.01755966655237012,0.013092464387955723,False,0.623875,0.01492410396749734
350009,-0.005922002242112031,0.007317130719443946,-0.021589778022088838,0.007670812676555506,False,0.800125,0.014341576210110134
350010,-0.0036160946940219344,0.00738195911380129,-0.018803213654093546,0.010980334410029272,False,0.698875,0.014468639863050529
350011,0.0023833640674275408,0.008035691605699747,-0.011995455867447087,0.019811601932371577,False,0.59025,0.015749955547171502
350012,0.0036779432006613243,0.008237649342217969,-0.010856320066357469,0.02139844678956121,False,0.656625,0.016145792710747217
350013,-0.001396361904864737,0.007264687196523021,-0.015733353507703173,0.013671384148871507,False,0.59475,0.01423878690518512
350014,0.0023754111964673134,0.007942080165646945,-0.011933649086854028,0.01910413574497742,False,0.594625,0.01556647712466801
350015,-0.0009326715337493452,0.007619025205977415,-0.01580043694792282,0.014784074451718397,False,0.56525,0.014933289403715732
350016,-0.003414289851287652,0.007855234790246034,-0.02001176825776144,0.011873890268596816,False,0.672125,0.015396260188882228
350017,-0.0027196559458236933,0.008118392764717973,-0.01923270224178375,0.013982640182190396,False,0.642375,0.015912049818847227
350018,-0.0007978895765050415,0.0071519884323372265,-0.01497115138548413,0.013917892448655394,False,0.557125,0.014017897327380964
350019,-0.0034961325635068903,0.007851587316205914,-0.01972319710175875,0.01229298596449861,False,0.682,0.015389111139763592
350020,-0.001298027158500179,0.007831874904992039,-0.01674708431421625,0.014664222538135303,False,0.57425,0.015350474813784395
350021,-0.003793445609837988,0.007939021731282895,-0.020742090123906504,0.011678532493599637,False,0.692625,0.015560482593314473
350022,0.0045222698856844275,0.008252642372655434,-0.009727586069354624,0.022676754250943322,False,0.685125,0.01617517905040465
350023,-0.0027400754367601942,0.007539085664745053,-0.017801262537836763,0.012733982477467713,False,0.65675,0.014776607902900304
350024,-0.002351513107690424,0.007691328705639738,-0.018048761367816694,0.013127940281720226,False,0.634625,0.015075004263053887
350025,0.0038299480962907737,0.007552246925862634,-0.009686236965349322,0.020046512610214465,False,0.679875,0.014802403974690763
350026,-0.001869443821093428,0.007667028311309961,-0.01720622998469023,0.013706646968589661,False,0.6085,0.015027375490167522
350027,0.0001808559328405253,0.00782412257108749,-0.014853236121197119,0.016572627480257136,False,0.510875,0.015335280239331481
350028,-0.002596967017517119,0.007929748856809825,-0.018916190696859625,0.013494912789008603,False,0.64375,0.015542307759347257
350029,-0.0011794023061871954,0.008005950543144638,-0.01693563922698002,0.015677457176222744,False,0.5735,0.01569166306456349
350030,-0.003088705609018819,0.007946421818821721,-0.019523346818244695,0.012817758483100931,False,0.666625,0.015574986764890573
350031,-0.0020727741119240706,0.0065604106959752185,-0.015233804505054179,0.011105281051762516,False,0.6365,0.012858404964111428
350032,-0.0026925329255755625,0.007343919841072399,-0.017660868346507288,0.012084698086183352,False,0.65575,0.014394082888501903
350033,-0.004013624204698151,0.0074433041078725845,-0.019631625177345357,0.010519123330296275,False,0.716375,0.014588876051430265
350034,-0.002433925148757147,0.0077409873557574525,-0.018083831859172058,0.013067149353652266,False,0.63025,0.015172335217284607
350035,-0.003171048427034856,0.007812505168121129,-0.019589872053942334,0.012304795245660471,False,0.671125,0.015312510129517412
350036,-0.003920775545022218,0.007089048679429166,-0.018518111577058165,0.009796256893490868,False,0.715625,0.013894535411681166
350037,-0.001554806370541067,0.007234489038602968,-0.01594737554836412,0.01338514451630824,False,0.598875,0.014179598515661817
350038,-0.0005077990199905416,0.0065045233954408675,-0.013107912850083097,0.012941817812044391,False,0.5485,0.0127488658550641
350039,-0.004371144947676038,0.0068444400965934305,-0.018824216466379627,0.00883065367798417,False,0.744125,0.013415102589323123
350040,-0.0018728709763074795,0.007090859150146806,-0.016085333112143732,0.012426544363798097,False,0.618875,0.01389808393428774
350041,-0.00648601431512244,0.007451980773429151,-0.022009328862473105,0.007361434361068277,False,0.82025,0.014605882315921135
350042,0.0012511727677436747,0.007569781105245604,-0.012522360575185366,0.017408024290761846,False,0.543125,0.014836770966281384
350043,-0.001569666883994431,0.007488923822178975,-0.01619128124401343,0.013702431937533857,False,0.595875,0.01467829069147079
350044,-0.003357594724247838,0.0075339511312280975,-0.018922651001885463,0.0116549423496752,False,0.686,0.014766544217207071
350045,-0.0001925869531559312,0.007511556661198612,-0.014530853098503292,0.015728059626609545,False,0.527125,0.01472265105594928
350046,-0.002505209817173491,0.007665014409040748,-0.017970306431790622,0.012629176609634451,False,0.638375,0.015023428241719865
350047,2.184014316122198e-05,0.007865849897507458,-0.014906247039478017,0.01664987563737468,False,0.518625,0.015417065799114619
350048,-0.0014601200648461901,0.007920211073302213,-0.01705632166643849,0.014882740034199765,False,0.591125,0.015523613703672338
350049,-0.00628473226568241,0.007109740190705233,-0.020913825953749708,0.006956423637758911,False,0.820875,0.013935090773782256
350050,-0.003247087615024065,0.007079027179386586,-0.017664374520735673,0.01076336598543646,False,0.689125,0.013874893271597709
350051,0.0013370467963151127,0.007517323789790648,-0.012487381458376943,0.017312744701734804,False,0.55,0.01473395462798967
350052,-0.0017651896670954335,0.007466155709274519,-0.016591289076837015,0.013541238807377703,False,0.60475,0.014633665190178056
350053,-0.004543022232481089,0.007817968304597704,-0.020996745666926227,0.010563927308458313,False,0.72775,0.0153232178770115
410001,-0.009958833817333425,0.006286345463653097,-0.022179224965653152,0.0028933092979094824,False,0.9425,0.012321237108760071
410002,-0.0058024957956472716,0.00794933634228044,-0.02074344479198701,0.0110748195396109,False,0.776875,0.015580699230869662
410003,-0.009319968207953345,0.007711701488646784,-0.024787540905304817,0.006332534256045911,False,0.894125,0.015114934917747697
410004,-0.011481793356565675,0.007485433573141826,-0.02652479842532304,0.003313216311223493,False,0.939,0.014671449803357979
410005,-0.009575299486610615,0.00812343209063689,-0.025814858665200443,0.007123488569523138,False,0.887875,0.015921926897648306
410006,-0.01114578947143706,0.007293810187439013,-0.02584024932949261,0.0034589431742691576,False,0.93625,0.014295867967380464
410007,-0.014533074074307232,0.007557161481327875,-0.03024061559287374,-0.00048418151282392875,True,0.97875,0.014812036503402634
410008,-0.011653953305410773,0.007590320816656691,-0.02725863778844465,0.003105559861536954,False,0.942375,0.014877028800647115
410009,-0.007879107008684322,0.007681786230326325,-0.022533966160076222,0.007899900377506599,False,0.84725,0.015056301011439597
410010,-0.009356173242483164,0.007535475159336304,-0.02443014808377345,0.0058986938114681765,False,0.9,0.014769531312299156
410011,-0.009918754542509992,0.007813481476150975,-0.02536074546473505,0.0058932470036931976,False,0.90525,0.015314423693255912
410012,-0.008730867182161638,0.008212794266510517,-0.02465648222552624,0.008140188114821027,False,0.865125,0.016097076762360614
410013,-0.01174983590750335,0.008082181732957331,-0.028609645446453138,0.00439157137910744,False,0.93175,0.01584107619659637
410014,-0.008998801039593088,0.007168037501700779,-0.023302719365079126,0.005681916146788226,False,0.8975,0.014049353503333528
410015,-0.009982047214868839,0.007508940115071062,-0.024836869196384597,0.005273238713153153,False,0.914125,0.01471752262553928
410016,-0.01658492256425039,0.008072725325471593,-0.03391514349581366,-0.002487270528398289,True,0.9895,0.015822541637924323
410017,-0.007927307261169622,0.00767595295704004,-0.022642994283290457,0.008168224596996036,False,0.854,0.015044867795798477
410018,-0.008251501513244348,0.008047012929430513,-0.024111239523057194,0.00849387515777893,False,0.855375,0.015772145341683804
410019,-0.01044817359313087,0.008050495325819898,-0.02704609996204048,0.00585428334837969,False,0.909,0.015778970838607
410020,-0.005342503397592756,0.008410337097112827,-0.020600612746464464,0.01285364985680681,False,0.755875,0.01648426071034114
410021,-0.007128907262769683,0.006963971263187379,-0.020283504525523882,0.007269643768985411,False,0.84725,0.013649383675847263
410022,-0.012916650805075017,0.00762235205124185,-0.028998514516258917,0.0014762103885803959,False,0.963125,0.014939810020434026
410023,-0.01098057940737439,0.007618736349627479,-0.026536923321388847,0.003756045236128918,False,0.929875,0.014932723245269858
410024,-0.009045948356160936,0.007788031111853846,-0.023914533418351654,0.007419623416276374,False,0.884375,0.015264540979233536
410025,-0.00599134112020139,0.007963386545691066,-0.02036676967436361,0.01108119398689724,False,0.78775,0.01560823762955449
410026,-0.01018089769601944,0.007913739667372164,-0.026480935082417587,0.005795715596118756,False,0.907125,0.015510929748049442
410027,-0.012302017982259423,0.007239727000661221,-0.026945756582494915,0.0017984158596061988,False,0.954625,0.014189864921295993
410028,-0.011565873915053282,0.007691616725521423,-0.02747214784155446,0.003216920216326135,False,0.938625,0.01507556878202199
410029,-0.012634056857641669,0.007830777724408265,-0.02919493382423946,0.002306981498996052,False,0.954125,0.0153483243398402
420001,-0.005782770822328477,0.0072405411627020425,-0.02026616066789972,0.008167948020698432,False,0.790125,0.014191460678896003
420002,-0.005349398408590517,0.007582613562942469,-0.02067324719510304,0.010092095171079122,False,0.77175,0.01486192258336724
420003,0.002418708954420177,0.00874925098416653,-0.012920154701479366,0.0213505714649402,False,0.582125,0.0171485319289664
420004,-0.005734728905322934,0.008087677358829462,-0.02175973844063113,0.010314641498530059,False,0.7735,0.015851847623305746
420005,-0.009400667292114261,0.00790800227600454,-0.025822985787553637,0.005460934744051447,False,0.895125,0.015499684460968896
420006,-0.005855132743285849,0.00830388120026789,-0.022715953073053366,0.011080504216961938,False,0.776625,0.016275607152525063
420007,-0.005688870974280718,0.007619861969388987,-0.021107757484848354,0.009217138757034135,False,0.782875,0.014934929460002414
420008,-0.0035335613833119795,0.007957183437654442,-0.019394913356323543,0.012862757946967262,False,0.69175,0.015596079537802706
420009,-0.0069621287608769246,0.00799480593566034,-0.02329295548031727,0.008621776956030842,False,0.82125,0.015669819633894265
420010,0.0003991516793546984,0.00852589167320357,-0.014956956552912373,0.018787379487485968,False,0.5105,0.016710747679478995
420011,-0.0012577114006930871,0.008273941251663215,-0.01681220977032261,0.016194729872607325,False,0.5825,0.0162169248532599
420012,-0.004172339134797225,0.008400586435272573,-0.020776935131682203,0.01306353278552669,False,0.70725,0.016465149413134244
420013,-0.004701566812295327,0.008336340868930658,-0.021650618962327686,0.011685528504523693,False,0.727375,0.01633922810310409
420014,-0.005031196791726123,0.008018759445827516,-0.02131198622692813,0.010806937430890794,False,0.750625,0.015716768513821932
420015,-0.002919789609495876,0.008147310941398544,-0.01868951755583061,0.01380778431951553,False,0.66225,0.015968729445141147
420016,-0.002449666693656424,0.007280273166387242,-0.016412160915901714,0.012917408814492127,False,0.657125,0.014269335406118994
420017,-0.003587272025626079,0.007986772985448283,-0.019646466369004002,0.013027940108407968,False,0.6875,0.015654075051478634
420018,-0.005565643410986416,0.008327428904261877,-0.022339914804074965,0.011250554068102506,False,0.764375,0.016321760652353277
420019,-0.006890611429619521,0.0074002388624231025,-0.022192427587386286,0.007208079528483046,False,0.83125,0.014504468170349281
420020,-0.006821359264484207,0.007279902457067939,-0.022020740693676943,0.007041769070434807,False,0.831,0.01426860881585316
420021,-0.009840835148647732,0.00833144542073471,-0.027229487672801034,0.005469989614036161,False,0.897125,0.016329633024640033
420022,-0.004299095326964915,0.008017534597760697,-0.020411504016155983,0.012063491615021784,False,0.718625,0.015714367811610966
420023,-0.005776885398570458,0.008185925915400535,-0.02274202382322671,0.01037572482505296,False,0.771125,0.016044414794185047
420024,-0.00220049475459321,0.008461283848992729,-0.018026974244545108,0.015248191178889153,False,0.625875,0.01658411634402575
430001,-0.003235340651263144,0.00678315234848873,-0.016305304604540674,0.0104954696744343,False,0.693625,0.01329497860303791
430002,-0.002710286477350359,0.007040455440586231,-0.01639225806526519,0.011705568904518135,False,0.664,0.013799292663549012
430003,-0.0024254897324862603,0.007710245368217665,-0.016948747779161385,0.013700525640762759,False,0.643625,0.015112080921706622
430004,-0.004636113357662046,0.00794485655024198,-0.020590735747921137,0.011393385959193597,False,0.736375,0.015571918838474282
430005,-0.004695782097512278,0.008036976965491766,-0.020577617137459602,0.01197337363509134,False,0.739375,0.015752474852363862
430006,-0.004727665078257916,0.008192792863335326,-0.021274851003924542,0.01193738834649213,False,0.735375,0.01605787401213724
430007,-0.008005663573698953,0.008367980348619207,-0.02554944072469874,0.007934678173600683,False,0.839625,0.016401241483293645
430008,-0.003875885828713181,0.008218536989514462,-0.020038554544959827,0.013180962562186822,False,0.704625,0.016108332499448347
430009,-0.006796486075710026,0.007180508696444617,-0.021483455164481927,0.007249239955878158,False,0.84,0.014073797045031448
430010,-0.004587607695726212,0.0077974372999273745,-0.020124480492670457,0.011740868649530063,False,0.741875,0.015282977107857653
430011,-0.002605764930220922,0.007649197115022531,-0.01695410039384867,0.013059260560692778,False,0.650375,0.01499242634544416
430012,-0.00676691657800981,0.008138729008204677,-0.023367715529674045,0.009392502034020526,False,0.812,0.01595190885608117
430013,-0.0044183581793770296,0.008195623198538015,-0.02033410595376714,0.01225843806575483,False,0.722875,0.01606342146913451
430014,-0.006297846198709312,0.00816045787680386,-0.023047982933175254,0.009975875854951013,False,0.793,0.015994497438535565
430015,-0.0081769129650398,0.0077634791509604995,-0.024372036361749866,0.006751757220437074,False,0.865625,0.01521641913588258
430016,-0.002774169684884285,0.007877056657313678,-0.017977324637612226,0.013411274990921321,False,0.6535,0.015439031048334809
430017,-0.00843961270179038,0.008288631940999004,-0.026146935993459942,0.00723579934639395,False,0.862875,0.016245718604358046
430018,-0.005087450262615741,0.007851685636406964,-0.020259814124205692,0.010562990680204389,False,0.753625,0.01538930384735765
430019,-0.011314709057942915,0.008588286385139395,-0.030103928689507103,0.0036758489573655204,False,0.9205,0.016833041314873214
430020,-0.006981452925909241,0.008208581620170798,-0.02377907456195288,0.008975346431749952,False,0.810875,0.016088819975534765
430021,-0.0026206777528024958,0.008221148464114819,-0.018254789943890005,0.014641542890768947,False,0.649375,0.016113450989665046
430022,-0.004006298606939909,0.008168454737871875,-0.020094760901916503,0.01284546059077547,False,0.702875,0.016010171286228874
430023,-0.007594464725431228,0.008298355840191259,-0.02502824514382456,0.008191880664606913,False,0.8375,0.016264777446774868
430024,-0.006321480706641099,0.00823516457987128,-0.023012526669058293,0.009676672135912478,False,0.79275,0.016140922576547707
430025,-0.0013729321157825358,0.007965336954175811,-0.01631283085439287,0.015195263909684346,False,0.591625,0.01561206043018459
430026,-0.004993700715189848,0.007718705779823885,-0.020381048580003416,0.010356847019800788,False,0.753875,0.015128663328454814
430027,-0.0071853631016287,0.007987584201663747,-0.023978671402422568,0.00831392511495971,False,0.829375,0.015655665035260943
430028,-0.007496443712328716,0.008028691113691366,-0.024449377630795324,0.007732471045511396,False,0.83475,0.015736234582835077
430029,-0.005077426983023107,0.00794848967018066,-0.02137942943164492,0.011216243534835836,False,0.7585,0.015579039753554094
430030,-0.00613930403886318,0.008228722756249168,-0.022826096762650818,0.010129379105020979,False,0.783375,0.01612829660224837
430031,-0.005448266659406025,0.008117643231773664,-0.02191743235604057,0.01072840611304982,False,0.7625,0.01591058073427638
430032,-0.007555455804653715,0.008385655512672653,-0.025025577233997412,0.008643388365812037,False,0.82825,0.0164358848048384
430033,-0.006341174973604449,0.008201909018502346,-0.023466143038051494,0.009746492532329608,False,0.792,0.016075741676264597
430034,-0.005476150565907835,0.00806483071798462,-0.021935888635742216,0.010668677295090585,False,0.765125,0.015807068207249853
430035,-0.004037544940887751,0.008212247194571075,-0.020410765337409858,0.01298172149799367,False,0.707375,0.016096004501359305
430036,-0.009029952042026551,0.0075411900929918995,-0.024529957388931222,0.0047020056839587885,False,0.8915,0.014780732582264122
430037,-0.005284051425731368,0.007789866970385458,-0.020710663519771966,0.010208672587836143,False,0.758125,0.015268139261955497
430038,-0.00566231633752725,0.008159527002198737,-0.02225020229114124,0.010474967319533896,False,0.76975,0.015992672924309524
430039,-0.003128877610864495,0.00799454928499377,-0.018540573746761727,0.014161545930565502,False,0.676125,0.01566931659858779
430040,-0.005495606227107434,0.007656938704213112,-0.020946831444389066,0.00957019107294857,False,0.773875,0.015007599860257698
430041,-0.008882351190260603,0.007877797874624712,-0.025302208735390196,0.005874772924666265,False,0.882375,0.015440483834264435
430042,-0.004329350799012994,0.00816113680358417,-0.02011969905994306,0.01226950918460363,False,0.7205,0.015995828135024974
430043,-0.00444650755043951,0.008256898088657916,-0.02027553138463597,0.012740567627919818,False,0.72025,0.016183520253769516
500001,-0.005448541993099392,0.007487816910797941,-0.019628667260596904,0.010244435887427628,False,0.7755,0.014676121145163964
500002,-0.007436370169695352,0.008115343628414698,-0.023339770165737125,0.009595033402652381,False,0.831375,0.015906073511692806
500003,-0.00849608611148318,0.008125395757184961,-0.024802717594334667,0.007684150093784276,False,0.86125,0.015925775684082523
500004,-0.008524310876308457,0.008410455185419627,-0.025550790851026708,0.008088829657793612,False,0.85275,0.016484492163422466
500005,-0.008451908654329236,0.007600064416268047,-0.0235367606944239,0.007318624763449712,False,0.875625,0.014896126255885373
500006,-0.008171088001284714,0.008386868333228445,-0.024459902274039942,0.008874059765513772,False,0.845375,0.01643826193312775
500007,-0.01022053941076531,0.00832528748333658,-0.027361850461991123,0.005497318703981539,False,0.897625,0.016317563467339695
500008,-0.0095629827912853,0.008372202397046526,-0.026555237822128142,0.0070748101681698495,False,0.88125,0.016409516698211193
500009,-0.008769081946100188,0.008111156491146689,-0.02528632853307194,0.007323896711536092,False,0.86825,0.01589786672264751
500010,-0.013355117658744376,0.008192376862266813,-0.030927230585615716,0.0015959658270867218,False,0.959625,0.016057058650042953
500011,-0.010606303356768137,0.008424202940929323,-0.027842212711861904,0.005751932326454399,False,0.902125,0.01651143776422147
500012,-0.014379430974136588,0.008634744742513634,-0.032809131946126044,0.0011029571986892737,False,0.965375,0.01692409969532672
510001,-0.00573428767678532,0.0068856389390594035,-0.019390146524853807,0.0075430553985630575,False,0.80275,0.013495852320556431
510002,-0.004567102651258536,0.007816680286852413,-0.02033232047325701,0.011330523218888411,False,0.737125,0.01532069336223073
510003,-0.004497118041007637,0.00838281546781663,-0.021084540137066912,0.012599231741348593,False,0.715625,0.016430318316920593
510004,-0.0004537801439775874,0.008278541078193561,-0.015601935567150178,0.017115044272131806,False,0.549,0.01622594051325938
510005,-0.0018065783365823415,0.008276832584966547,-0.01739914666675646,0.01540986007929696,False,0.609125,0.016222591866534432
510006,-0.0038930857196125966,0.00817489326275994,-0.020035227859653493,0.013181050006936205,False,0.701875,0.01602279079500948
510007,-0.0029810308724192436,0.007840084020708786,-0.017998765683051237,0.013365364491480933,False,0.66575,0.01536656468058922
510008,-0.005318422554693161,0.007623364999677874,-0.020345832120938514,0.009923974613699106,False,0.767875,0.014941795399368633
510009,-0.005267585757539528,0.007951244660696771,-0.020811951377972992,0.010647763782533896,False,0.758125,0.015584439534965671
510010,-0.006888824575877368,0.008175488228832996,-0.02338628561902381,0.008962084519936594,False,0.806625,0.016023956928512672
510011,-0.003991438314710774,0.008155886130906837,-0.02020333743499405,0.012584254054343812,False,0.70375,0.0159855368165774
510012,-0.003768457188468927,0.008395691037672164,-0.02010866547325139,0.013271840193897719,False,0.69,0.016455554433837442
510013,-0.003435494634509877,0.008031100587391808,-0.01933947311050072,0.01308815519320209,False,0.68825,0.015740957151287944
510014,-0.0043801842442808174,0.008174116056101388,-0.02073781646767064,0.011912622753570657,False,0.72125,0.01602126746995872
510015,-0.0028669080491990884,0.008029527139088454,-0.01796283757629,0.013955196806480647,False,0.66,0.01573787319261337
510016,-0.0048990808431822845,0.0078295399388104,-0.020362763119417673,0.010599762744153076,False,0.748375,0.015345898280068382
510017,-0.009749790913183167,0.008604967810482698,-0.027911684132585674,0.00578967442927707,False,0.883625,0.01686573690854609
510018,-0.005862673264456321,0.008455398960341497,-0.023164133310172776,0.010342594020487969,False,0.7695,0.016572581962269333
520001,-0.009302023773850795,0.006561188496914842,-0.022093773796013155,0.004111006944678426,False,0.922,0.01285992945395309
520002,-0.008318996914241289,0.007317392938777126,-0.021944384352530794,0.0069322865129561135,False,0.87025,0.014342090160003167
520003,-0.0092269495424544,0.008154019526543285,-0.025066624704262352,0.007963906216325098,False,0.87425,0.015981878272024838
520004,-0.013569417382277116,0.007967586297009248,-0.02977433295904814,0.0017912997766491143,False,0.95775,0.015616469142138125
520005,-0.012475607415855185,0.008099735785173413,-0.029082836122444417,0.003528839915373152,False,0.94325,0.015875482138939887
520006,-0.011782736319083349,0.008412025359122886,-0.029005397422414765,0.005232902565405343,False,0.922875,0.016487569703880857
520007,-0.01397839498576915,0.008035286606812507,-0.030904211170889068,0.0011994967078188229,False,0.966,0.015749161749352515
520008,-0.009227007657006753,0.008187708909133114,-0.025230991120714818,0.008021984330501532,False,0.876,0.016047909461900906
520009,-0.014869298428101212,0.008279684945451048,-0.03234881723205318,0.0007506701950679328,False,0.968125,0.016228182493084053
520010,-0.014127503966206793,0.007734527865585587,-0.03027862230064225,0.000660991378268718,False,0.970875,0.01515967461654775
520011,-0.012706502341537846,0.007695385518142042,-0.02859149174235628,0.002437753104253982,False,0.954125,0.015082955615558403
520012,-0.014802540060868041,0.008123515083136646,-0.031718330704315054,0.00047758059950214987,False,0.972125,0.015922089562947828
520013,-0.01231331310060948,0.008256841091258888,-0.029405063264377113,0.0037883708934954258,False,0.936625,0.016183408538867423
520014,-0.013590839496366662,0.008259029600219955,-0.03075404352950891,0.002269241362685606,False,0.956375,0.01618769801643111
520015,-0.016358632586809342,0.008423047914767806,-0.03451145136834866,-0.0009460359771430218,True,0.980625,0.0165091739129449
520016,-0.00963239520220054,0.007943392060617721,-0.02512494902661315,0.0069480474270232195,False,0.887125,0.015569048438810735
520017,-0.01278980180753266,0.008095319395574252,-0.0297940479998391,0.0030794657729833167,False,0.947625,0.015866826015325533
520018,-0.009361927512135295,0.007939759094723234,-0.02469729027793237,0.007197638303891567,False,0.879375,0.015561927825657539
520019,-0.0085312454271055,0.007085771064018614,-0.022008115250448986,0.006369642590112403,False,0.88625,0.013888111285476483
520020,-0.013153204830416395,0.007509146814176208,-0.02853919150530932,0.0012265424787337752,False,0.9645,0.014717927755785367
520021,-0.01221942872163474,0.008195661663007333,-0.029335336217282813,0.0040212791476998124,False,0.9385,0.01606349685949437
520022,-0.013774593422122713,0.00832499210659269,-0.030877707928986222,0.0019348222600100277,False,0.957375,0.01631698452892167
530001,-0.011801066060352987,0.00695497677666027,-0.025648129670836007,0.001516955203547678,False,0.95825,0.013631754482254128
