unit,deaths,b_mean,b_sd,b_lo95,b_hi95,classified_95
110001.0,417,-0.0770530966316883,0.015616473208701624,-0.10828982419521486,-0.04746552603034407,True
110002.0,161,-0.018510297242326577,0.01668083635776984,-0.05108701455539457,0.014061014740258948,False
110003.0,87,-0.019129016700653114,0.018141594543188977,-0.054656605460856704,0.01687084053289449,False
110004.0,209,-0.042460919113284756,0.016162815448348036,-0.07462896234357048,-0.011067340471447314,True
110005.0,191,-0.013373943829601236,0.016367765952985034,-0.045526606512596275,0.018530831213759563,False
110006.0,108,-0.015032208077467519,0.017597292880479454,-0.04995166456306302,0.020029041478546356,False
120001.0,405,-0.015962542752998344,0.014770419513723517,-0.0448249250909099,0.012981562970476463,False
120002.0,67,-0.02855878995678931,0.01918660252805394,-0.06628999907728088,0.00880121608585488,False
120003.0,82,-0.015439143005138614,0.01811508194958188,-0.05122742490412653,0.02015621891244927,False
120004.0,153,-0.013785707214251493,0.017058496698650442,-0.04666038106643386,0.019417226801797232,False
120005.0,140,-0.02405064381442033,0.01678547362532605,-0.05752751479189645,0.009277365449842995,False
130001.0,1946,-0.03657851514636991,0.01203578968166284,-0.06033708143695349,-0.013294257999595072,True
130002.0,183,-0.01957264747213345,0.016459578649731382,-0.05138347040154847,0.012624675184009377,False
130003.0,153,-0.01304641567291921,0.017117592009664607,-0.046565716611539125,0.020220528954968023,False
130004.0,129,-0.03118433430110065,0.01731398273038792,-0.0665149967059262,0.002239630826281334,False
130005.0,361,-0.02612454550143936,0.014770426754391407,-0.05504672083032408,0.0029766207201024197,False
130006.0,359,-0.025075365896682578,0.014815460253808347,-0.05363951598392915,0.003802587978640827,False
130007.0,183,-0.015753049799409155,0.01652856837391639,-0.048235455803797844,0.016865867161727974,False
130008.0,158,-0.029832255933420516,0.01726047405327457,-0.06370276024465381,0.003913060070316432,False
130009.0,137,-0.011006645970973476,0.01732437936982111,-0.044029318447238085,0.02307631961751418,False
130010.0,378,-0.021528404740322433,0.015076578685197274,-0.05160531932127237,0.008463068209456701,False
130011.0,185,-0.016218128839807916,0.016471234554724958,-0.04854286322835059,0.016556410847864397,False
140001.0,533,-0.006193959395367473,0.013927743587622535,-0.03294575403378639,0.020975099109541977,False
140002.0,135,0.004822862646506667,0.017596440351801256,-0.02920992905267982,0.040050163568580155,False
140003.0,56,-0.026970081594214976,0.019319648452986803,-0.06517668517856501,0.010407112238710537,False
140004.0,33,-0.029515654752070613,0.02032268512411697,-0.06903578730100342,0.009627785309411323,False
150001.0,2052,-0.024772705435256347,0.011810347452022335,-0.04810432572848839,-0.0015805528889344174,True
150002.0,326,-0.03519004219470572,0.015290747206017644,-0.06539294475242641,-0.005363861600996495,True
150003.0,405,-0.0056761928373775415,0.014793261322558905,-0.03427232195410365,0.023417251426528177,False
150004.0,480,-0.019578440819552942,0.013940995490532081,-0.0471970006556771,0.007279850240324913,False
150005.0,345,-0.024599305635971527,0.01496621723064729,-0.05417785234933642,0.004881978265415815,False
150006.0,159,-0.032044666162224934,0.017151684525804223,-0.06652666312061148,0.0007447516419193653,False
150007.0,243,-0.03552355473050946,0.01571475342215491,-0.06665364721235058,-0.005141514279512711,True
150008.0,109,-0.011909560303136679,0.018004311651558046,-0.046939119524309805,0.02392891266290884,False
150009.0,479,-0.036191791494897436,0.014456644803884897,-0.06480736188451958,-0.008004439724510943,True
150010.0,412,-0.0306606584246132,0.014421443822448745,-0.059504823046895944,-0.0026290097599230527,True
150011.0,286,-0.021800289478522705,0.016004774454010814,-0.05330888054637809,0.009274129630960897,False
150012.0,258,-0.013667943474813912,0.015332099141841837,-0.0439611503920101,0.016502469111056857,False
150013.0,163,-0.02283635487159443,0.01674720397010168,-0.05511894672451749,0.010227597156052046,False
150014.0,91,-0.013730855904923156,0.018522096695557554,-0.05018101013003147,0.022124189855158183,False
150015.0,828,-0.00762568323574703,0.013244886399361862,-0.03294011781012433,0.01803875071151218,False
150016.0,406,0.015018376527309156,0.015063275936179376,-0.014346018701807075,0.04658159394956771,False
150017.0,346,-0.029873093979152027,0.014995472436026669,-0.05945428369102488,-0.00030176904481472053,True
150018.0,276,-0.03009423835649002,0.015261608668761414,-0.05960991460146927,-0.0006481612802424914,True
150019.0,106,-0.011741740158092838,0.01802453369924911,-0.045935843674099745,0.023394861128279994,False
150020.0,595,-0.013721902037155407,0.01363739838205867,-0.040523994766974714,0.013056996537567983,False
150021.0,137,-0.03485636079601011,0.017896854419084948,-0.07043025339906096,0.00011561220901569358,False
160001.0,623,-0.04766209463486795,0.014235724344444027,-0.0756306514400706,-0.020171363663013277,True
160002.0,80,-0.030800797028060455,0.018816487987478817,-0.06712468839991402,0.00645989270145064,False
160003.0,87,-0.002544836698684228,0.018951310766534606,-0.03910078290976133,0.03459940944345853,False
160004.0,48,-0.017540336601275682,0.019630172927781703,-0.05580464932133125,0.02156701681389403,False
170001.0,97,-0.028457895520583577,0.01756301358278766,-0.06376721433925403,0.006221153093061743,False
170002.0,61,-0.01841902431876599,0.018986172328445825,-0.055122579098452106,0.01935649138966531,False
170003.0,64,-0.016747810798355193,0.018696045502466976,-0.05356030997203314,0.019387710184354316,False
170004.0,43,-0.020621924314469523,0.01974156624058363,-0.059344209868562696,0.017856868530455924,False
170005.0,221,-0.009676602155117656,0.01600485377020048,-0.04133636304496362,0.022070627964652065,False
170006.0,48,-0.0036799587797675115,0.019431151675467984,-0.04181622032594516,0.03443184540490671,False
170007.0,53,-0.0009310788372208106,0.019286466644195362,-0.03773653802590598,0.03824050573776265,False
170008.0,28,-0.014133361331331171,0.01991706195313609,-0.05223473628468737,0.02524587435693721,False
170009.0,75,-0.01485132613037416,0.0183992910513898,-0.05117963596900856,0.020875031088099058,False
170010.0,82,-0.005106138484388141,0.01803560442182877,-0.03983770527929486,0.030420523771891826,False
170011.0,45,-0.012003552695374618,0.019101663465966548,-0.050005732764714414,0.025798853888436956,False
210001.0,1068,-0.028687403705272847,0.012601363719197694,-0.053439066782403864,-0.004377939530337195,True
210002.0,322,-0.02144763783836648,0.015237803077287686,-0.05109286987096308,0.008223740339395894,False
210003.0,263,-0.03353549561228568,0.015625921137284393,-0.06391911118717666,-0.0030354315686242747,True
210004.0,203,-0.04251561173432054,0.016502958646164502,-0.07579971092816198,-0.01109567064649391,True
210005.0,272,-0.035981398487639454,0.015749569808507016,-0.06705295030989451,-0.00537876323356133,True
210006.0,119,-0.014614256895294697,0.018058080867355077,-0.049266992145705825,0.021159847765468674,False
210007.0,124,-0.017825621874495715,0.01736856009862536,-0.052161203029463955,0.015787543323342278,False
210008.0,132,-0.03465387089443695,0.01755452753016948,-0.06987456870024097,-0.0011941458895164128,True
210009.0,410,-0.0237577785264206,0.014784515396605665,-0.052705444558904836,0.005303877181289431,False
210010.0,367,-0.04038910212346893,0.015043330630557737,-0.06983430728360554,-0.010783862378898933,True
210011.0,187,-0.020478966746480514,0.017102897052809932,-0.05367335839007843,0.013664877091559363,False
210012.0,150,-0.010754383866496516,0.016904591951974475,-0.043616718666551334,0.022767054173128402,False
210013.0,258,-0.03515922630783062,0.01574700792178633,-0.06622741535512829,-0.004760340488594993,True
210014.0,181,-0.03829291934108209,0.01667445905361799,-0.07135124512617416,-0.006414522368006723,True
210015.0,229,-0.02458482264471322,0.016378091653324413,-0.05636302432163783,0.007318747123165424,False
210016.0,195,-0.011291363188200128,0.016140437532277254,-0.042668875614101875,0.021204087309925183,False
210017.0,121,-0.002313045649020281,0.0172658391694425,-0.035784799504042814,0.03165049400905264,False
210018.0,90,-0.008786239530853059,0.01835333588026353,-0.04439589582074071,0.02726490899991509,False
210019.0,527,-0.025771621326536806,0.013840655178741116,-0.05317270957326373,0.0011796946676679528,False
210020.0,358,-0.029104895249788675,0.015180799438863832,-0.05905999684235778,0.0003579319209400248,False
210021.0,271,-0.04290607368804081,0.01570742519047241,-0.07425290506856867,-0.012669711999477775,True
210022.0,290,-0.03866685662002723,0.015529071180550365,-0.06941325180984685,-0.008575557841007277,True
220001.0,463,-0.05258299154206417,0.014487566392546822,-0.08156430037550762,-0.024391021534551062,True
220002.0,86,-0.014870061311455518,0.018709568249836845,-0.05126621852236879,0.021093070450366055,False
220003.0,57,-0.017627264372554716,0.018869782632455503,-0.05515136146098602,0.01938907576401502,False
220004.0,44,-0.016920034243021315,0.019552500320304263,-0.05506762210001717,0.022010805444955817,False
220005.0,68,-0.03616907677387785,0.01888992053734638,-0.07405339962092874,0.0010221261878410293,False
220006.0,235,-0.02709107014190559,0.015854882223425158,-0.05845323939941294,0.0038705991941140605,False
220007.0,93,-0.020533100786682523,0.017634913644729966,-0.05505607012145992,0.013874023087442297,False
220008.0,99,-0.02378581782288803,0.017639739835006055,-0.058170894765589766,0.010680556939325936,False
220009.0,194,-0.03689548080250723,0.016567731059285655,-0.06929304631566564,-0.004682535296722018,True
220010.0,77,-0.02387610459232065,0.01850793323929475,-0.05968023893975285,0.013253181615018456,False
220011.0,30,-0.02722571070470162,0.020123655971745532,-0.06659106113793521,0.011325509016230553,False
220012.0,27,-0.026448438543546005,0.01972628958312764,-0.06614492333410812,0.011094409063456094,False
220013.0,89,-0.027125856401241502,0.01887719795470531,-0.06419465148982574,0.010001422849308182,False
220014.0,40,-0.011773411435982477,0.019780075085073345,-0.04991829070447583,0.028263089375916796,False
220015.0,93,-0.020890709679897722,0.017921737415358623,-0.055750459765396734,0.014284677412063913,False
220016.0,55,-0.026729253786430044,0.019454048400325726,-0.0651912170061997,0.011804724016307151,False
220017.0,97,-0.016428805345237937,0.018310606895935378,-0.05242475154722739,0.019323562317731104,False
220018.0,58,-0.032834179215945405,0.0187347056853001,-0.07005351914985307,0.0037691906799285943,False
220019.0,32,-0.031177719441228297,0.0201878622672821,-0.07131094568423842,0.008741968814919185,False
230001.0,2202,-0.02372742295519193,0.01198685666202066,-0.04745129622445825,-0.00012368902508239454,True
230002.0,246,-0.023751862984075566,0.016019225778989322,-0.05458847190215434,0.007659570041180223,False
230003.0,128,-0.016271982443626647,0.016816442958685854,-0.04917727324786807,0.016777652675759282,False
230004.0,102,-0.03455292022693876,0.017878650966665945,-0.07078597321528321,0.00016324111036003703,False
230005.0,100,-0.034187761978661094,0.018419576868950856,-0.07051180223116751,0.0017353869858443632,False
230006.0,287,-0.031269852775563,0.015968641786089213,-0.06298329340115405,-7.06233473423369e-05,True
230007.0,208,-0.0165494706291566,0.016499796953564537,-0.048686088095290396,0.01544432640566734,False
230008.0,65,-0.01738903694944501,0.018527656953739695,-0.05322639633452749,0.018570381039367746,False
230009.0,210,-0.014423856275859853,0.015673796193495848,-0.04510947469735269,0.015604189237394622,False
230010.0,64,-0.03212306669362052,0.019016570294242325,-0.06906187955123515,0.005497410114992345,False
230011.0,680,-0.04860268791112489,0.01380997618888269,-0.07559680559979937,-0.02167066340307917,True
230012.0,164,-0.04734754762956131,0.01705642387426365,-0.08037831744856452,-0.01426398624820079,True
230013.0,242,-0.04258796557768006,0.016071306788077788,-0.07501034240437973,-0.011008352815345542,True
230014.0,55,-0.021781292827955025,0.01942715096800351,-0.060235200740728086,0.016283815020795726,False
230015.0,356,-0.0442391456165505,0.015145505463469537,-0.0745198874640308,-0.01512211437302549,True
230016.0,269,-0.040499027738955,0.015293206986755454,-0.07095251347728125,-0.010832520980320932,True
230017.0,168,-0.02725993368727827,0.01670251707519673,-0.06024741374777194,0.005698259743012353,False
230018.0,112,-0.029147515181769734,0.017846475017041022,-0.06443450991854713,0.005580308507987634,False
240001.0,781,-0.05515367124861266,0.013825800333736909,-0.08236050694246765,-0.02883635905894827,True
240002.0,79,-0.024488530865791905,0.018199262968559875,-0.060081611769303725,0.012051177982956874,False
240003.0,83,-0.01457407696601921,0.018177931145523123,-0.04950580913235992,0.021585723487429778,False
240004.0,52,-0.03197507780959454,0.01885645165223209,-0.06860275723362651,0.004458676691032988,False
240005.0,47,-0.014767869491680144,0.019596692089734195,-0.0529078729370428,0.024321933327426846,False
240006.0,33,-0.027441212689691293,0.019328501060395756,-0.06593314926350657,0.01012993511520014,False
240007.0,80,-0.026017970805129458,0.018570586223236058,-0.06248076734036201,0.010541014567363862,False
240008.0,69,-0.012100146236514793,0.018784533619835758,-0.04895839534355098,0.025113894847095638,False
240009.0,278,-0.01334376762178007,0.01571336535912448,-0.044776588600637476,0.01750545063177283,False
240010.0,159,-0.008347340919512425,0.016715022632330562,-0.041188762418805334,0.024210437932054404,False
240011.0,138,-0.0031076308194196577,0.017178193260054757,-0.036788786807748663,0.031209940791517503,False
250001.0,944,-0.016883928105414003,0.012942384185926801,-0.042110418771605804,0.008409086789041542,False
250002.0,205,-0.018651369030199264,0.016311317539181077,-0.050877884846327236,0.013117668837616472,False
250003.0,98,-0.013186482632964385,0.01809919976272612,-0.04873943113323254,0.022075790671412094,False
250004.0,39,-0.013279607736681385,0.01965966722874784,-0.05222335384960517,0.024959588627828058,False
250005.0,746,-0.028895963508271994,0.01337462425337921,-0.05532469556973109,-0.0018492519475156572,True
250006.0,69,-0.016337258542748954,0.018543289899136298,-0.05218198763373069,0.020307656264685593,False
250007.0,47,-0.037063151964629684,0.019776380629194342,-0.07589771151818152,0.002268755493476375,False
250008.0,48,-0.03586247667354371,0.01965569622370173,-0.07483990454708236,0.0017633311796486403,False
250009.0,199,-0.023436320471860693,0.016614087633062286,-0.056032046170816405,0.009292221649120753,False
250010.0,94,-0.016541143509387814,0.018302193977475175,-0.05327376086272374,0.019337506158154417,False
250011.0,77,-0.017350025210367454,0.01861842906027899,-0.05394123515165632,0.018822292835048205,False
250012.0,28,-0.00744455178279916,0.019802781459708794,-0.04581691839115241,0.032630555370411894,False
250013.0,37,-0.022058170672566053,0.019849317111214928,-0.060582753412843166,0.016307022351931655,False
250014.0,115,-0.025100072106405913,0.0172909952836481,-0.05885750590951467,0.00893634477586873,False
250015.0,128,-0.0010538870173137883,0.01768231280810371,-0.035827651733278114,0.034115999266583805,False
260001.0,1209,-0.016316048665502413,0.012644510359836892,-0.040589925063948686,0.008723874825887563,False
260002.0,142,-0.016418921950591255,0.017038474244851505,-0.04948835701306553,0.016612916389082643,False
260003.0,115,-0.019932316358120986,0.017368880304390984,-0.05380806187501066,0.013614204388369477,False
260004.0,91,-0.00839154397587187,0.018107229677893976,-0.04333777802933585,0.02800797841905648,False
260005.0,59,-0.02873449969438634,0.019120388675221065,-0.06682626931474961,0.0082761444737396,False
260006.0,82,-0.029670514450389648,0.018594909938482913,-0.06642578591965011,0.006916775429914064,False
260007.0,84,-0.023576383365719968,0.017732719175208002,-0.05857954819996267,0.010887854395803141,False
260008.0,61,-0.0130082779284163,0.018765813153097662,-0.04933950599605565,0.02408639548335974,False
260009.0,550,-0.02196034602300093,0.013621813619796702,-0.04871311825432447,0.00492684349134023,False
260010.0,353,-0.019291428660421533,0.01468758924730399,-0.04836177801501202,0.009499709998945451,False
260011.0,290,-0.02889900210168571,0.015606117397392977,-0.05955586965647062,0.00148027902196502,False
260012.0,162,-0.017107866570899237,0.01619620865731862,-0.04911868299192987,0.015366850102002444,False
260013.0,240,-0.010934801443017141,0.01591121177025035,-0.04117923347500247,0.02099381819029487,False
260014.0,100,-0.005697444208915563,0.018149707601955604,-0.040493151585746026,0.030112226994018325,False
260015.0,387,-0.05379072182877419,0.015112486265810153,-0.0844595338153464,-0.024584415184137377,True
260016.0,400,-0.028713424373612184,0.014834858088097397,-0.05805319260398841,0.0002909290417884344,False
260017.0,196,-0.03557351818312551,0.016170193910225276,-0.06739038946456621,-0.003971672731347796,True
260018.0,69,-0.02781782530495976,0.01878347477574515,-0.0643438809789002,0.009235250665819896,False
270001.0,1098,-0.03444811936056335,0.01249710210970636,-0.0586010676231656,-0.010234299245373632,True
270002.0,169,-0.013095620989536684,0.01657275495353434,-0.045811908632060104,0.019751447418456098,False
270003.0,182,-0.016594163386193215,0.016452676873862242,-0.04911886176714628,0.01572012072043258,False
270004.0,128,-0.031353472758757814,0.017535237249303257,-0.0665921202161089,0.002373032708116819,False
270005.0,141,-0.01817738153612621,0.01728147067140694,-0.051896626047372496,0.01678943519216106,False
270006.0,88,-0.03975298277491068,0.018377640296833142,-0.07680283453816966,-0.0033240661925463565,True
270007.0,590,-0.017236129486149616,0.013688009934947933,-0.043602093294397966,0.00930173226370721,False
270008.0,171,-0.00938328040714166,0.016776039615756223,-0.04200960393970952,0.02327872050521444,False
270009.0,162,-0.022514404837695,0.01672436899852455,-0.05491879171679713,0.009975786096378524,False
270010.0,156,-0.010863686254768471,0.01736580045930781,-0.04460696231850311,0.022982077410905247,False
270011.0,167,-0.009455521992233583,0.016750951349187772,-0.04145999475103378,0.023063356943960642,False
280001.0,927,-0.02958727323728243,0.01276013655127862,-0.05520554732281165,-0.0045351098376031004,True
280002.0,164,-0.02557198846233592,0.016594729005979972,-0.05799824271019718,0.005885837826544544,False
280003.0,140,-0.0207992498121554,0.01746581166603305,-0.055180905755177374,0.013219556293669187,False
280004.0,172,-0.03214501225470191,0.016551349913379598,-0.06571367630700338,-3.0824052654973014e-05,True
280005.0,159,-0.025001380927202287,0.016920713338821395,-0.05846360989809985,0.008084214755594395,False
280006.0,130,-0.015301013697234248,0.01815908358709273,-0.05047092864307447,0.02082601823192965,False
290001.0,2365,-0.020369072330539757,0.012093728367101415,-0.04423266299124506,0.0035740939632236675,False
290002.0,435,-0.03838747313297537,0.014753154226148963,-0.06764297590182095,-0.008926146936016862,True
290003.0,198,-0.015898617367861745,0.01632673181965057,-0.047218254715950383,0.015360617638519286,False
290004.0,197,-0.01286924992148659,0.016346711517941367,-0.04451176994511864,0.01990135518932618,False
290005.0,341,-0.008419233211173667,0.01510800215624583,-0.03850893793003001,0.02214860625771131,False
290006.0,131,-0.01999744647531779,0.017334427050361444,-0.0529800938110882,0.013645964458425827,False
290007.0,893,-0.0002576689247122941,0.013289866003156688,-0.026753560944996993,0.02567586662593029,False
290008.0,262,-0.022753856027236383,0.015601126701905834,-0.05410521930601326,0.007296695637804779,False
290009.0,361,-0.014768753255678628,0.014844785693598378,-0.044238802947220414,0.015057439158247928,False
290010.0,165,-0.003943129469188302,0.0168312346763645,-0.03688116960153331,0.029495144698601098,False
290011.0,613,-0.0651027643049021,0.014255648917104811,-0.09401210959269352,-0.03789114559360214,True
290012.0,298,-0.043089114491094316,0.015369197496619106,-0.07349089053124716,-0.013014624859881889,True
290013.0,143,-0.03664025967934875,0.017131394446050194,-0.06993048566765042,-0.003032638629709926,True
290014.0,197,-0.010744334516155732,0.01610339606217571,-0.0415750002606807,0.02066566034723472,False
290015.0,136,-0.028025648633265784,0.017887460786881818,-0.06320188384526262,0.00674956338276086,False
290016.0,291,-0.028693358872024996,0.015409069041095224,-0.05825505910135836,0.002004363979374703,False
290017.0,223,-0.03435345244087602,0.016280873890109005,-0.06649019602518065,-0.0032033577402015155,True
290018.0,431,-0.033994285017668,0.014186486272243892,-0.0619497436880876,-0.0065839626879806434,True
290019.0,114,-0.02871842817141938,0.017708515681378382,-0.06354765133076164,0.006235386451908901,False
290020.0,397,-0.029965626173954877,0.014725851380113338,-0.05876585881504891,-0.0011918833744275516,True
290021.0,252,-0.02557623637210346,0.015881882084933314,-0.056769565765600945,0.006212556862445136,False
290022.0,639,-0.012552579006640845,0.013943569208804706,-0.039471740212149685,0.01487107741780852,False
290023.0,284,-0.01416590408336846,0.015891320588160805,-0.04560018901595703,0.01728511813383547,False
290024.0,167,-0.029449164449588356,0.016699640339392197,-0.06213291245182269,0.002851506131627962,False
290025.0,184,-0.03042770604622639,0.016412914473145964,-0.06261329864272384,0.0015955395279033037,False
290026.0,155,-0.024474229563326427,0.01694838419400306,-0.058285357062673036,0.008567520230267741,False
290027.0,84,-0.022054753590449273,0.01858445989614261,-0.057979064456626275,0.01385285813508593,False
290028.0,50,-0.024205875656052655,0.019247589019335657,-0.06218498604682813,0.01259208694287901,False
290029.0,883,-0.03547800739992581,0.01302304491513032,-0.061177548695067155,-0.01069401645442797,True
290030.0,235,-0.0029332711249613615,0.01628168447779594,-0.03449790310278114,0.02889346979881833,False
290031.0,142,-0.014176187867810565,0.017477976035120118,-0.04812687758704703,0.019832846656860095,False
290032.0,112,-0.03618946978483647,0.017418613871088208,-0.07007461864694331,-0.003016340758718961,True
290033.0,140,-0.009232825662980247,0.017591525109952634,-0.043638034713006396,0.02585173737700994,False
290034.0,161,-0.025704584493344177,0.017337084840790818,-0.0595011935026357,0.007937227737326413,False
310001.0,1974,-0.004776148224101149,0.011975735320723232,-0.02838012094419245,0.0188168651907355,False
310002.0,231,-0.03128978423913456,0.0159362016845726,-0.061975949674722045,-0.0001845095570013268,True
310003.0,124,-0.008932950865899243,0.017342876912822054,-0.04220959615757266,0.025199929586542602,False
310004.0,74,-0.028870116514801505,0.01870868366516095,-0.06577565309143389,0.007583571797644917,False
310005.0,66,-0.03854461093739662,0.018421875717511426,-0.07476607001144045,-0.002914866517889365,True
310006.0,371,-0.02757073515240418,0.014770398419315607,-0.05688917030761435,0.0015029789233914849,False
310007.0,115,-0.011035441262062799,0.017230765480724736,-0.04479884192756321,0.023483065228938966,False
310008.0,117,-0.0314064086453129,0.017750955296600243,-0.06679245480027712,0.0035766678267995775,False
310009.0,104,-0.026201416857555025,0.018145597459438827,-0.06226340599073188,0.010300897779512038,False
310010.0,76,-0.017733227861339258,0.01883046744321102,-0.0550024216510284,0.019077580646126642,False
310011.0,59,-0.05547176947545783,0.01945077379674599,-0.09557355884242966,-0.018798818933298007,True
310012.0,50,-0.01971532472424464,0.019123365804373273,-0.05648772801939043,0.017554477513077527,False
310013.0,331,-0.017488222911162685,0.015525943108036792,-0.04808169009826179,0.012583155752705844,False
310014.0,66,-0.022351347727028598,0.018349843996587914,-0.05816535762854444,0.013613771492795457,False
310015.0,104,-0.028020221155627037,0.018892292139495944,-0.06507083285495834,0.008717173846772473,False
310016.0,75,-0.01643210895174655,0.01838198993700668,-0.05170912345590661,0.020047934244977188,False
310017.0,56,-0.033047860024019174,0.018991087635183583,-0.0710340279533129,0.0033848777548339377,False
310018.0,50,-0.024398030340713178,0.019541566961378612,-0.063031372688154,0.013740324930874988,False
310019.0,45,-0.03300211187762358,0.019605300910318226,-0.07071750270098189,0.004957569775718532,False
310020.0,176,-0.05079242911910221,0.01701459546980697,-0.08432290042034876,-0.01781941285578181,True
310021.0,97,-0.021262763312556072,0.0180945725953524,-0.05596572303463996,0.013933490351454704,False
310022.0,28,-0.01477723225375304,0.020157188693783325,-0.05388667832675798,0.025545831769005257,False
310023.0,35,-0.031105697080196327,0.018989556530038712,-0.06861659138528901,0.005748127405630908,False
310024.0,192,-0.04216245111495277,0.017067743127525143,-0.07631377870235945,-0.008452295477974834,True
310025.0,144,-0.026081893265711205,0.017245464333045843,-0.05938651462190382,0.008415433145301326,False
310026.0,64,-0.020517800583300792,0.018860097081699882,-0.0568661937062669,0.0161248258474213,False
310027.0,318,-0.019059780160751112,0.014985212727467292,-0.04825074875675403,0.010060552023588592,False
310028.0,198,-0.0275518740519137,0.016412812520394286,-0.05950530820198466,0.004559077631838509,False
310029.0,184,-0.010971400291369358,0.01663397037825909,-0.04351446320484447,0.02182098233286398,False
310030.0,104,-0.015164936598871786,0.01808602081988662,-0.05002670939149356,0.01997467618655018,False
310031.0,97,-0.01185652736847201,0.018137967470292983,-0.04698150319312008,0.023506794220887844,False
310032.0,90,-0.018997462726064687,0.018112377238971765,-0.054601962670789685,0.0166319890619284,False
310033.0,63,-0.018495081322536976,0.01934345425970003,-0.056514185928776786,0.019348563121644943,False
310034.0,55,-0.019215172855090737,0.01925075074376676,-0.0564013369345965,0.018990671699292916,False
310035.0,41,-0.02832043963395814,0.01973244194188383,-0.06794350960789858,0.010630709755909493,False
310036.0,50,-0.02383867315754311,0.019421135966589596,-0.06209202493204591,0.014369598517735623,False
310037.0,122,-0.022223687904521627,0.017693555430183302,-0.058029383017376694,0.01276116570870124,False
310038.0,199,-0.030839032630742252,0.016265101921460755,-0.06220433613315179,0.001282740846537957,False
310039.0,88,-0.04147539492604107,0.018121424402241022,-0.07719266782866836,-0.005733285045693932,True
310040.0,127,-0.019659299639954,0.017637958194746388,-0.053691609770247284,0.014062501152642551,False
310041.0,153,-0.034616604641300945,0.01709970452764362,-0.06827081372437424,-0.0010489938965210965,True
310042.0,141,-0.02494057350098044,0.016768734718763004,-0.057640439421197655,0.007973963061808677,False
310043.0,153,-0.030483712186688754,0.017079128015460042,-0.06393566843413992,0.003785349280153327,False
310044.0,83,-0.022437890090612266,0.01886126658119941,-0.059077240073772824,0.015197127057848548,False
310045.0,100,-0.01962642717402899,0.018424213542680125,-0.05577882388954601,0.015942547706423577,False
310046.0,96,-0.019497651891687187,0.01782559315474067,-0.054080784205445764,0.015359259689911507,False
310047.0,71,-0.023470783850873735,0.018761090170266392,-0.059930743444133176,0.012800671186673494,False
310048.0,29,-0.033251421664599594,0.019264699220556885,-0.07085122779049494,0.003990475114211461,False
310049.0,34,-0.023056800364394225,0.02005544437481777,-0.06206589852330501,0.016050278502484434,False
310050.0,293,-0.02750835441372958,0.015027717684712665,-0.05760118880623487,0.002212064530970606,False
310051.0,110,-0.01566760040588394,0.017155139917800207,-0.049299242234096464,0.017787546735055608,False
310052.0,90,-0.00777986121889744,0.018057328054074583,-0.042628587596042856,0.02803106337009318,False
310053.0,101,-0.016784759164279676,0.01833818599260592,-0.05287187509941932,0.019095238308344514,False
310054.0,43,-0.02905467020267914,0.019315418835140874,-0.0668807422702819,0.008895499641267839,False
310055.0,254,-0.0053692635553400266,0.01633283661519015,-0.03725668424814722,0.026443343152664823,False
310056.0,122,-0.03380855352199288,0.017762258104526207,-0.0688074487127185,-0.0001573960595018311,True
310057.0,44,-0.007533942142437425,0.0196226528484024,-0.045326277973931524,0.031763614582884896,False
310058.0,34,-0.03400067526084087,0.01987886463860544,-0.07378923487666383,0.004116585690686571,False
310059.0,233,-0.035794932153049616,0.01606246753201179,-0.06795363084865969,-0.0035500870817434427,True
310060.0,71,-0.004646634022486286,0.01893592872187586,-0.04098712626883753,0.033615306254782706,False
310061.0,39,-0.01236207730464725,0.019110283710163642,-0.04987799692338344,0.024790102419417096,False
310062.0,338,-0.016958665578476775,0.014831590197402433,-0.0457523736165874,0.011995932711788945,False
310063.0,75,-0.02142102862358702,0.018076692382401574,-0.05676867564087022,0.013670638718738507,False
310064.0,74,-0.008616336386962896,0.018621021634311792,-0.045458506262472845,0.028004517883113308,False
310065.0,295,-0.01621433442667071,0.015313246532757317,-0.046253462269627316,0.015080200306883812,False
310066.0,86,-0.010506854707743122,0.018195379108527837,-0.046406150854744976,0.02524345591294408,False
310067.0,69,-0.03431558887794549,0.019013992158567132,-0.07173593421932149,0.0028364004916077747,False
310068.0,53,-0.02354222318892144,0.01860985341672042,-0.0599265451814228,0.012733545798825498,False
310069.0,34,-0.032042651042523074,0.020170360660944506,-0.07239111773896437,0.007032786933079878,False
310070.0,16,-0.015176280431642854,0.020623596018248355,-0.055492279023212486,0.025268956648783373,False
320001.0,733,0.001732137610548402,0.013663920823350688,-0.02481198357778708,0.028506514668706687,False
320002.0,109,-0.005705984520610064,0.018052359097522497,-0.040657973260868875,0.02920480016343154,False
320003.0,199,-0.015782017274373818,0.01589803631869731,-0.047361617883937765,0.015750648758910933,False
320004.0,214,-0.005451932308899977,0.016112621683041655,-0.03679112600382684,0.02602340545460318,False
320005.0,201,-0.04362112159909255,0.016463957103676364,-0.07645919454671112,-0.011626466319180519,True
320006.0,92,-0.019534786102452212,0.01823411758681775,-0.05590208398406899,0.016441058738836375,False
320007.0,206,-0.007602920989227718,0.01624090608616523,-0.0398999294968257,0.024593857194730083,False
320008.0,98,-0.03167240064922713,0.01808723818634158,-0.06716419111215728,0.003598644658277824,False
330001.0,6107,-0.008537778364299364,0.011583424213581472,-0.031483857440096887,0.014604821906278206,False
330002.0,83,-0.020871933506877716,0.018622300681159665,-0.058346173881156316,0.015391314472532851,False
330003.0,67,-0.022670418979553915,0.01876800372769887,-0.059682794173222614,0.014611401064147937,False
330004.0,305,-0.007873272404589505,0.015844896184450247,-0.03851131082883603,0.023753798205064274,False
330005.0,164,-0.001520694476763826,0.017301675199484803,-0.034818435534826,0.03297246035474555,False
330006.0,113,-0.030279457263298382,0.017727358354776464,-0.06524719683932736,0.004615091237368809,False
330007.0,230,-0.007591760968323446,0.015761219633926564,-0.03882062393907392,0.02374635178772863,False
330008.0,169,-0.020048608281153218,0.016755485133755625,-0.05264204140647833,0.013461745773153481,False
330009.0,119,-0.018777033990708243,0.016905797304314,-0.05127444066282275,0.014270577245965402,False
330010.0,673,-0.006247780896519043,0.01362997710369428,-0.032360359601435684,0.020888890105806968,False
330011.0,112,-0.02277384044371316,0.017818876187936903,-0.058469240698143236,0.012737444927288025,False
330012.0,48,-0.02089640340140853,0.019492598501438866,-0.05901804740083496,0.017369990264514485,False
330013.0,334,-0.015699437775112755,0.015047359777891428,-0.04503403499862196,0.013848050143958393,False
330014.0,335,-0.020904236784936865,0.01499535295820389,-0.050334343254263905,0.00904591347244425,False
350001.0,9843,-0.004218471534919812,0.011158323207884194,-0.026155590753744042,0.0176243118327074,False
350002.0,898,-0.08083358686578059,0.013795428872894672,-0.10769095386608651,-0.05432214430169004,True
350003.0,931,-0.024408489162259017,0.012891272227654888,-0.04985689887489628,0.0009592260803948408,False
350004.0,252,-0.050069764100793425,0.016492237136464378,-0.08289649939067859,-0.018306994126040033,True
350005.0,154,-0.02062555417947417,0.0171362289093814,-0.05478343555970998,0.013550531572874688,False
350006.0,112,-0.024298926889567998,0.017792144443361288,-0.05897496647146284,0.01054695819587838,False
350007.0,122,-0.026515350063164373,0.01722537673502129,-0.06057466144281038,0.0066959314831703245,False
350008.0,104,-0.03148695453619476,0.01795548247579897,-0.06742774164752713,0.0033586984835045634,False
350009.0,263,-0.0693848001793561,0.016670319520112758,-0.10260250131248481,-0.037166784172414896,True
350010.0,209,-0.02646680232772735,0.016364958860637678,-0.058513178884400954,0.0053608746589214025,False
350011.0,85,-0.015932069784764816,0.018862134225478205,-0.05264487175619739,0.021097521105316503,False
350012.0,97,-0.009555724803409181,0.018060447453547315,-0.04503783901803298,0.026405644173633353,False
350013.0,161,-0.023077979385660786,0.016628119387532274,-0.05653343627244706,0.00996851968809688,False
350014.0,113,-0.0036335505068844465,0.01771767531597521,-0.037698574632538465,0.03211224355611354,False
350015.0,91,-0.010936300484668043,0.017871169508235665,-0.04529844638532579,0.024546513535958724,False
350016.0,56,-0.030356441754839265,0.019215940815747342,-0.06849472073254327,0.007649542308777188,False
350017.0,11,-0.019210759392463538,0.02000498890212679,-0.05793447086836359,0.02054566183340904,False
350018.0,243,-0.02264506414896134,0.016312965889836224,-0.05435849930731657,0.009249574293851611,False
350019.0,50,-0.019703848470038938,0.019110484203429756,-0.05759397680873091,0.018613597781768233,False
350020.0,35,-0.02360438583612976,0.019929991828392626,-0.06219700551128866,0.015635719001141375,False
350021.0,39,-0.03134341692200245,0.019751525322039516,-0.0698752574784172,0.0075394426288828646,False
350022.0,174,0.009580765144856753,0.016833090784744178,-0.023008003744064715,0.04314574900291266,False
350023.0,174,-0.005891475916514713,0.017048230755021994,-0.038730521265588416,0.02793978361485057,False
350024.0,85,-0.01414157239995265,0.01781149393252225,-0.04895422846837435,0.022128132303947168,False
350025.0,284,-0.04099081642625763,0.015229452514419919,-0.07168739793237881,-0.011442826139413305,True
350026.0,120,-0.02413283309191171,0.017138984759196445,-0.05760717796809128,0.008837894306446768,False
350027.0,56,-0.020898594577183,0.019234332037705106,-0.05984548754313675,0.01694271853097066,False
350028.0,46,-0.03643743744080418,0.018494348087003995,-0.07314672539318876,-0.0010029382859266206,True
350029.0,36,-0.010314970262489379,0.01955602984262885,-0.048103108937153805,0.028650430313289583,False
350030.0,18,-0.022014727904437762,0.02024160658394369,-0.060825577357793585,0.01787629651788829,False
350031.0,523,-0.01206151597109924,0.014400307091953498,-0.04020632540334395,0.01629429978851238,False
350032.0,227,-0.009572232662952165,0.016134206448160462,-0.0409465992047181,0.022574871739893955,False
350033.0,233,-0.030150035733378787,0.015953366245557384,-0.06094421067188982,0.0008988663164510741,False
350034.0,78,-0.029302081633973315,0.018402200628249675,-0.06575880432975564,0.006632662809762016,False
350035.0,43,-0.01491461190806066,0.019896908315204836,-0.05420575826927152,0.023977754914820234,False
350036.0,316,-0.012105306164997467,0.01580104220894378,-0.04318796173036186,0.018712503789064742,False
350037.0,156,-0.020377657571124336,0.016155257172871754,-0.05175707632711228,0.011514408125720918,False
350038.0,1197,-0.010466041501271355,0.012954657856247045,-0.03533946596326878,0.014260193517913907,False
350039.0,591,-0.025088919692904953,0.013377265515249674,-0.050915192527988005,0.0008355805180292443,False
350040.0,118,-0.030391332232614844,0.017454198632100286,-0.06496056318055107,0.003056436289230808,False
350041.0,243,-0.03163599534199388,0.015709574630194532,-0.062141781057101275,-0.0011113751833969237,True
350042.0,144,-0.0070961912823323415,0.016489817940215114,-0.03874739463056198,0.024972500340931708,False
350043.0,137,-0.021800419025545352,0.017295569790205124,-0.056062647496318556,0.012531388150751136,False
350044.0,145,-0.016697545095077166,0.01714540671035018,-0.04954396862421679,0.016804545082640357,False
350045.0,142,-0.026360359750455604,0.016959899143075215,-0.05946586588833978,0.006298861156943457,False
350046.0,119,-0.019000849771394074,0.0174923016048895,-0.05266051168236308,0.01582917898110207,False
350047.0,86,-0.00360998858024589,0.018815083659782853,-0.040625999146389244,0.033102395376549985,False
350048.0,35,-0.014368469813307846,0.01976183723012883,-0.05336771407203387,0.023621827309155574,False
350049.0,485,-0.026869891501504626,0.014047974801472308,-0.05419783063379181,0.00025218412490406883,False
350050.0,347,-0.019104652711280104,0.014774560249783906,-0.0474932922566744,0.009098962973671593,False
350051.0,208,-0.00198619710988371,0.01636929361433055,-0.03373774837045117,0.030166022852915572,False
350052.0,151,-0.027494922842936052,0.016821951710229058,-0.060793006367374065,0.005343474793262426,False
350053.0,113,-0.017559870757587775,0.017847231485211702,-0.052639491130428394,0.018851335089734574,False
410001.0,920,-0.03700680578465421,0.013411269436956669,-0.06337425910722388,-0.010697979538025733,True
410002.0,142,-0.018581222949159478,0.01720204040594667,-0.05254462670345141,0.014525903232345842,False
410003.0,75,-0.023344629840232688,0.018168142436645714,-0.058960367136774876,0.011674860018359566,False
410004.0,135,-0.03650659089311825,0.017184680816590643,-0.07087195587435989,-0.002728817748039221,True
410005.0,31,-0.021499227917545057,0.01978736977122767,-0.06066133103260914,0.017117233016642922,False
410006.0,70,-0.017468416664916962,0.01850041377847951,-0.05345173205161668,0.019475327880158426,False
410007.0,180,-0.01791864355221143,0.016421194588472948,-0.050352999778355986,0.014485675616489457,False
410008.0,155,-0.02745029006434578,0.01622952389100108,-0.05879242468730328,0.004897976515801486,False
410009.0,93,-0.047792449084183335,0.01860120635626251,-0.08467392855328228,-0.01242866881365514,True
410010.0,154,-0.0268855417775977,0.016955915972794763,-0.05965789204393675,0.006738779156660664,False
410011.0,37,-0.03864959435169409,0.019918041809238063,-0.07866145866608028,-0.0007690783281414007,True
410012.0,27,-0.03298508314438072,0.020048059931428,-0.07194468836404518,0.0052020579732495725,False
410013.0,43,-0.022448412592790446,0.01977176217428736,-0.06136726204438932,0.016435195744041425,False
410014.0,112,-0.012454211437911984,0.01726878498123012,-0.04573949961951411,0.020690005641219235,False
410015.0,193,-0.021939787473399114,0.016326994671346125,-0.05475083419777371,0.009888472833468191,False
410016.0,93,-0.03267583729272246,0.017854832450017594,-0.06756682354723074,0.0017889232601347904,False
410017.0,64,-0.03229783623224405,0.01853262783718459,-0.06828594314493226,0.0033390018904749983,False
410018.0,45,-0.028773987561035122,0.01927375804535269,-0.06660578470380668,0.009746719514764562,False
410019.0,17,-0.018560635827617793,0.02081760593870869,-0.05853299579882361,0.022647301489908518,False
410020.0,19,-0.02584785491614056,0.020269353748519764,-0.06594391308396046,0.014749137229697304,False
410021.0,228,-0.025395119314219453,0.016004922013064082,-0.05687324188769163,0.005490368950645223,False
410022.0,108,-0.032014501192490614,0.01712793420367812,-0.06586012398024853,0.0008496964422557502,False
410023.0,72,-0.03145709727327756,0.01814293597748174,-0.06736642372381446,0.0040843872767074366,False
410024.0,54,-0.0030861343271841755,0.018988131171785116,-0.03894667083323379,0.034773043805768955,False
410025.0,56,-0.020117964463492923,0.018892821328649084,-0.0563913806390481,0.016730898768603748,False
410026.0,12,-0.013188122970971236,0.02063213212845627,-0.052645857176444356,0.027401347087434726,False
410027.0,277,-0.03857107770410947,0.015534676580912999,-0.06896905269638706,-0.008347837048666824,True
410028.0,97,-0.026073087278437868,0.01799902111140684,-0.06082746755654295,0.009068312387675023,False
410029.0,40,-0.02342016360079379,0.019383182233769385,-0.06129452284659396,0.01489625089911505,False
420001.0,447,-0.021391656134553478,0.01426835220708535,-0.04870428780464761,0.006733976168400983,False
420002.0,174,-0.019703913741156986,0.01621303468393778,-0.05118298808800436,0.011998837302628835,False
420003.0,153,8.71172702670679e-05,0.01712946327180677,-0.03258537224799205,0.03490987422464597,False
420004.0,100,-0.024310221324823193,0.01751119758149456,-0.05900229893602232,0.009494157302553437,False
420005.0,290,-0.029948120092668472,0.0159948324818997,-0.06162201348901051,0.0012500878088627112,False
420006.0,31,-0.03966017912962812,0.01980666556790184,-0.07887812070542315,-0.0013704053304893916,True
420007.0,128,-0.03097833989252409,0.017145522926676343,-0.06467935779510849,0.0019455615873029133,False
420008.0,103,-0.007974711816262236,0.0179821050400631,-0.04340951254750172,0.028435913830735828,False
420009.0,92,-0.03611438413104016,0.01783610541089496,-0.0713385348308243,-0.001583321372238418,True
420010.0,77,-0.008837477110606862,0.018785746776157842,-0.04451302278664651,0.029215719184475814,False
420011.0,68,-0.01417782080167107,0.01862004985864025,-0.05023757049297001,0.021952325476976127,False
420012.0,17,-0.020681016080873214,0.020077051288125262,-0.06072522113584697,0.019407171794682737,False
420013.0,37,-0.011294823805657415,0.019702523226357172,-0.05031640158735237,0.0273219216677481,False
420014.0,50,-0.009977434971773242,0.01945084847148482,-0.049125867813114274,0.02881513155188197,False
420015.0,51,-0.021224627341561712,0.018705420239812365,-0.057830672542610595,0.016093411532184774,False
420016.0,342,-0.041498196292567006,0.015291400948214238,-0.07190216636218444,-0.01188821929114254,True
420017.0,93,-0.02453399149710129,0.01776687272798777,-0.05976630104226989,0.010287005333857254,False
420018.0,59,-0.024609762341002768,0.019255189880670733,-0.06304062762812045,0.013199863061853985,False
420019.0,324,-0.02305274881554496,0.014903845164411213,-0.051765748761180994,0.005776128127426151,False
420020.0,394,-0.01523132273173908,0.0147828486233498,-0.04500362568466099,0.01434821410973519,False
420021.0,121,-0.045256894273277774,0.017605381758773915,-0.07927213890330713,-0.010510830535775869,True
420022.0,80,-0.019337929059585236,0.01840151509789508,-0.05495916732818896,0.01674184038627816,False
420023.0,27,-0.022066148941363235,0.019687511226871398,-0.0606675828371309,0.016772838602532338,False
420024.0,25,-0.009712806827660299,0.02051182424167523,-0.050073363181042455,0.03062076522410035,False
430001.0,824,-0.020285888145857005,0.013496836882906805,-0.04695016660242972,0.006944864496727307,False
430002.0,449,-0.02269809258105565,0.014535139339502554,-0.05072574282449867,0.0053406960051627156,False
430003.0,167,-0.0028454899122196562,0.016893302606004384,-0.03550977604636672,0.030457478355506447,False
430004.0,103,-0.022792667688523057,0.017565313117583338,-0.05766228365962361,0.01190453821813526,False
430005.0,48,-0.02012938303219927,0.01928849489176969,-0.057632230803361786,0.017375887098302522,False
430006.0,40,-0.013067181007363907,0.01953278515386114,-0.05101181554214379,0.026055054936047487,False
430007.0,35,-0.026873127464245278,0.01977833984521368,-0.06530976117046432,0.012504159070577177,False
430008.0,26,-0.019444257915542707,0.019579591979977704,-0.05809162918401622,0.019326333912110347,False
430009.0,385,-0.02764555664513649,0.014992792817425306,-0.057044386724231844,0.0021073156496144467,False
430010.0,74,-0.025348516777409458,0.018863213348376064,-0.06338658510960005,0.011728086137131215,False
430011.0,117,-0.02596913896693806,0.017767179628558692,-0.06158583277027126,0.00818668998402224,False
430012.0,62,-0.025281160732302188,0.01861821027768997,-0.06197597979463731,0.011703112485431282,False
430013.0,45,-0.024883649929741816,0.019114867583465093,-0.06322215192649841,0.011932964242811464,False
430014.0,22,-0.030099777167348282,0.020428136337822877,-0.07145256494510523,0.009387179718114322,False
430015.0,125,-0.021512100924420248,0.017350678063885,-0.05516988031936472,0.012159147397944194,False
430016.0,91,-0.007253307024716939,0.0183407377602438,-0.04280974580448086,0.02950981069061996,False
430017.0,64,-0.04042485987840937,0.019283735721819042,-0.07887686116595652,-0.003371689642462607,True
430018.0,99,-0.021823075105979986,0.017739438729070908,-0.05608933128478738,0.012533300416881738,False
430019.0,37,-0.041163954923488094,0.019678096775712556,-0.08013179269534082,-0.0024340082657705593,True
430020.0,63,-0.018383426352963046,0.018322576650780163,-0.0540903718411753,0.01739392292971841,False
430021.0,46,-0.0183055936458953,0.019029348578001162,-0.054947523965772196,0.019856484265291276,False
430022.0,35,-0.019518560012800702,0.019223456613355734,-0.057536175583027795,0.018930473726760957,False
430023.0,25,-0.024710518030639755,0.019592712796604978,-0.0634211644783699,0.014000486798219278,False
430024.0,13,-0.023600289813501055,0.020069704001784667,-0.06329332167902815,0.015076675090596802,False
430025.0,67,-0.019732026687215295,0.018560699923857726,-0.05511266824254233,0.017329750065185966,False
430026.0,102,-0.02095076296105706,0.017518539124450953,-0.05529315910800759,0.01367539878022369,False
430027.0,65,-0.021968723301661712,0.018666147858424163,-0.058780117390920095,0.015308103903550346,False
430028.0,47,-0.031788123858196744,0.019399570765774397,-0.07060435492342693,0.005317466071157179,False
430029.0,48,-0.01831983980132118,0.019586852735186795,-0.056260634387969015,0.019854893429402068,False
430030.0,16,-0.032552730007933996,0.02045598010538208,-0.0738549935333397,0.007849469543754074,False
430031.0,16,-0.022360696973025857,0.020179711563465062,-0.06103085963405131,0.01724453700301533,False
430032.0,12,-0.02845809230477352,0.02029120093793588,-0.06843786169821339,0.011225188538923231,False
430033.0,12,-0.0265739040837479,0.020969672363593123,-0.06875572350733608,0.014601615956239954,False
430034.0,23,-0.03415102430821838,0.02027417423196939,-0.07330579030456238,0.006162107368887259,False
430035.0,25,-0.013429276475010266,0.02022470699485278,-0.05218113342188494,0.026579122121760227,False
430036.0,167,-0.02602461406275314,0.01651530083182643,-0.05926361204603484,0.006554941987170491,False
430037.0,42,-0.023101449707631175,0.019083379651738903,-0.06029690674664713,0.014170064173728274,False
430038.0,38,-0.027115201525579495,0.019738008982771085,-0.06592827002335462,0.011385333827524585,False
430039.0,48,-0.005752685108405664,0.019306237529662203,-0.04306155054909516,0.033251358951712745,False
430040.0,157,-0.01801071222464607,0.017133133655504357,-0.05182875134392601,0.01568842863847513,False
430041.0,105,-0.049281199847546794,0.018291409246287565,-0.08626892700658836,-0.013792822926749073,True
430042.0,16,-0.0260736702516013,0.02007816860961956,-0.06539547152599598,0.013923239426114299,False
430043.0,15,-0.016974040611281563,0.020064519218547294,-0.05619398160592599,0.023680262339583386,False
500001.0,443,-0.02202739902867817,0.014456929649286208,-0.05001315714221067,0.006152875615907648,False
500002.0,109,-0.02163492572247182,0.018237506445881076,-0.058195924979238034,0.014562981806215874,False
500003.0,82,-0.02304152863343797,0.018104474547156534,-0.05795726270879466,0.012088131879637264,False
500004.0,53,-0.023860058214296723,0.018362097844151493,-0.06006124773793496,0.01199178389409597,False
500005.0,255,-0.018739971053787406,0.016202930740424466,-0.05056133916381365,0.013261989163213948,False
500006.0,78,-0.009647520826207515,0.018184089434146983,-0.04541753774484214,0.026214557443205354,False
500007.0,60,-0.016907304504857015,0.01953898946698968,-0.054958661900482174,0.022307796002061932,False
500008.0,92,-0.020638206806887566,0.01819349648081214,-0.05586732782071831,0.014334334898902228,False
500009.0,110,-0.013983810289217405,0.01775138190201312,-0.048646451499033266,0.020953417803942925,False
500010.0,137,-0.026764713084195917,0.017041395118104305,-0.05977502258014147,0.006882908017672558,False
500011.0,80,-0.03245494970849804,0.018960807089615467,-0.06998562663438035,0.0039776046597974875,False
500012.0,90,-0.04049448024986378,0.018817198924353528,-0.07812781653811349,-0.0036686341993521785,True
510001.0,663,-0.016245530186604375,0.013441773682968105,-0.04223664789590986,0.009818031929386338,False
510002.0,200,-0.01705518960197792,0.016199374885916086,-0.048256438456554945,0.01416293513277391,False
510003.0,41,-0.020436871552499257,0.019592283960112387,-0.05917481728569129,0.01804934697769095,False
510004.0,93,-0.02037157287137266,0.018632069196594006,-0.05667530854198519,0.016817570113327383,False
510005.0,90,-0.012487888957922173,0.018051414853298038,-0.048103879622901455,0.02309362699123053,False
510006.0,62,-0.02017673426354923,0.018766653606660008,-0.05682984982421334,0.017791290400158036,False
510007.0,202,-0.029845096350471056,0.016008072530485352,-0.06202803477602224,0.0010766364887796667,False
510008.0,221,-0.008277479324448,0.0157092064322135,-0.03929888802243352,0.022155308763334172,False
510009.0,99,-0.0174822205472467,0.018112400905599593,-0.052567740955942514,0.018460627922113965,False
510010.0,88,-0.013910432252728148,0.01818741055250478,-0.0488746645362709,0.02126892924506556,False
510011.0,82,-0.02534063026992115,0.018054954800027067,-0.06088678334617029,0.009808841493682028,False
510012.0,46,-0.01715681286225714,0.019678454389390868,-0.055369553216824366,0.02141804790340792,False
510013.0,106,-0.015108144186579811,0.017593377939021854,-0.04897810748470458,0.020161963175178894,False
510014.0,90,-0.020637252653497744,0.018806290155506847,-0.05720898019555108,0.01678901178135989,False
510015.0,151,-0.010243608774633524,0.017142446764993435,-0.04336934596978787,0.02373176205226177,False
510016.0,129,-0.016132666674369744,0.0169042701482035,-0.05008598748437924,0.017008897723835268,False
510017.0,77,-0.032128389468644505,0.018299354969572107,-0.06894208896789132,0.0030048152398553965,False
510018.0,17,-0.022237768927453983,0.020175172020050685,-0.06214305364328262,0.016989445448903774,False
520001.0,1307,-0.029720044466875775,0.0124169849645451,-0.05380333915186995,-0.005425081979583364,True
520002.0,411,-0.0370412832424898,0.014905530246192185,-0.0666465393214285,-0.008867046304585726,True
520003.0,93,-0.014276940649987972,0.01788526843374203,-0.048885213751645645,0.021193469260090025,False
520004.0,72,-0.03192994407524169,0.018434626307200302,-0.06897089790057455,0.0045009532349803046,False
520005.0,73,-0.03560100249710631,0.0189860246717392,-0.07357579651473478,0.0016025975841999455,False
520006.0,30,-0.02134787284505198,0.019772100417667353,-0.06032813597135365,0.01729462190371375,False
520007.0,116,-0.028551017241762015,0.018136445689014288,-0.06417939834613515,0.006077191933245433,False
520008.0,104,-0.01737552539550004,0.017989606780749092,-0.05106629404647221,0.01862642484425793,False
520009.0,43,-0.03240686088323955,0.019288586212825025,-0.06982981527747376,0.005472836592036412,False
520010.0,268,-0.019990494361994043,0.015511337535714254,-0.050839586862416804,0.010697530929831302,False
520011.0,155,-0.024435448567056244,0.01714243912037234,-0.058493568236946,0.008777711276057691,False
520012.0,61,-0.034254181377944205,0.01905117038425877,-0.07208696573465885,0.0024654635821315042,False
520013.0,28,-0.02745363669483106,0.020087536339543608,-0.06745712922144471,0.011437436265423095,False
520014.0,65,-0.02165864133575699,0.018743951809916528,-0.05855602276801767,0.01476576018944727,False
520015.0,90,-0.04422967149290179,0.01833435263029522,-0.08058561694616018,-0.008736173233948487,True
520016.0,91,-0.021674646692576908,0.017673069211953468,-0.05714359066554863,0.014080322353625304,False
520017.0,83,-0.03574254243021197,0.017698979553448645,-0.07108894645705414,-0.0007707151171618775,True
520018.0,165,-0.01586385728936214,0.016668240426376053,-0.04904282862836674,0.01626373799641143,False
520019.0,404,0.0004440288774309298,0.014569727042657877,-0.028282909411989465,0.02951487489863676,False
520020.0,273,-0.02426042830631282,0.015343936404810693,-0.054355686781930555,0.0060817225019743106,False
520021.0,86,-0.020353412553145565,0.017870169481406097,-0.05448537430563997,0.014708542410151872,False
520022.0,34,-0.03279117035572244,0.019586133373412692,-0.0713526866597375,0.004664669884165114,False
530001.0,804,-0.055976883737443896,0.013196769463618065,-0.08232551061815359,-0.03057252009911998,True
