rgi_id,rate_mean,rate_sd,lo95,hi95,classified_95
110001,-0.07641418186811168,0.015477031911636721,-0.10711458920911048,-0.04643722904906531,True
110002,-0.02178129796834283,0.01693073886471485,-0.0543616443988495,0.011943509104620293,False
110003,-0.02282914871041205,0.018573526782203104,-0.05913219842898584,0.013174720405617719,False
110004,-0.044182442065498144,0.016511404667104736,-0.07618185716530042,-0.011386299539008885,True
110005,-0.016395507528096792,0.016654110673595148,-0.04922582551893096,0.016972938649684004,False
110006,-0.018565343047110747,0.018505740379210975,-0.0544687714289532,0.018229416150809852,False
120001,-0.014881438022330462,0.0141972341034021,-0.04241291505427753,0.013128401873476879,False
120002,-0.02560757755174785,0.018971319469417464,-0.06290574922936107,0.011876252365391419,False
120003,-0.013675086969195116,0.01843757813517682,-0.04968125300833777,0.02236826060465874,False
120004,-0.012439657165742862,0.01696444144306223,-0.04528446715225045,0.020436490632866382,False
120005,-0.021979503708174412,0.01749006388118914,-0.05601966933557509,0.012953604583378707,False
130001,-0.035792654732989156,0.012071399982896793,-0.05931814830787399,-0.012361797947649265,True
130002,-0.019045754023102133,0.01668072905478226,-0.05115546495223737,0.013296657062206722,False
130003,-0.012358860287547489,0.01681423273522775,-0.04546903379840579,0.020843636964629746,False
130004,-0.02956840416846946,0.01743365495001602,-0.0636307133145341,0.0038855649571926587,False
130005,-0.025381637312165358,0.014664769760777891,-0.05430063397072825,0.003700747780348093,False
130006,-0.024013427415441168,0.014611175000323964,-0.053300356932627725,0.004036843289520993,False
130007,-0.015214256323333146,0.016509203615034634,-0.0470871691746238,0.01789453909346301,False
130008,-0.028728917972695767,0.01676615121338844,-0.06182289288402827,0.004244861786775014,False
130009,-0.010871003050714648,0.01731399215901286,-0.04465074258088803,0.023290981391940527,False
130010,-0.021063463618938537,0.014739434486882561,-0.05021769751012778,0.007689509529847736,False
130011,-0.015524690468254897,0.016515551871873656,-0.04795506011447021,0.016715153117665728,False
140001,-0.004595463963653318,0.014183258819721963,-0.032210884219861305,0.02335452926938815,False
140002,0.005816460023162458,0.017956674425457446,-0.028291378909813,0.041363064726165355,False
140003,-0.022640345186671355,0.019842923707565106,-0.06128359721437484,0.016223637003915024,False
140004,-0.02484297565815079,0.020136121764870715,-0.06398812962184658,0.013976049202055776,False
150001,-0.023611455784795406,0.011607533424853676,-0.04675678926179138,-0.001373343109198034,True
150002,-0.033319075528608445,0.015010780667995202,-0.06273334288166635,-0.004726777069683733,True
150003,-0.005096778644668128,0.014476151963531896,-0.03353691780979283,0.023300654057475067,False
150004,-0.017959481170053554,0.014115875757322142,-0.045120923539015916,0.009919476379700861,False
150005,-0.02263124283939632,0.014889846714337428,-0.05230780687808239,0.0060047767177357,False
150006,-0.029182441532980965,0.016460483234210902,-0.061819182099558855,0.0027955454242757334,False
150007,-0.03286197609756305,0.015804117656830114,-0.06429781779334884,-0.002103624738168629,True
150008,-0.010195982194292855,0.017193921976913846,-0.043603207237191154,0.023871010593235334,False
150009,-0.03400717464070661,0.014184200077756727,-0.06188113570348397,-0.006208487882460167,True
150010,-0.028796282754859518,0.013881707079468428,-0.0561821487265623,-0.0018319352222848962,True
150011,-0.019943824976486738,0.015168135786068515,-0.049591976870285,0.009942313902110138,False
150012,-0.01248257842354199,0.015269178552806963,-0.04171498666771128,0.01742788872772172,False
150013,-0.020945831186648882,0.01677388065578015,-0.05298119428715585,0.012561160265689139,False
150014,-0.012294669981113598,0.018027917560812085,-0.04791977628263809,0.022718279757615832,False
150015,-0.006781500582039527,0.013316236876638134,-0.03234290829978658,0.01980357476029432,False
150016,0.014577903460665051,0.015051068774139316,-0.014506711021214893,0.04446099003292632,False
150017,-0.028159432179706262,0.01479666147010067,-0.05769238473560869,0.0009373467663716995,False
150018,-0.027752587110812254,0.015644031098014818,-0.05855659409681673,0.002873916135032793,False
150019,-0.010379222847752407,0.017258145618930677,-0.044124211036721483,0.023591035253414768,False
150020,-0.012862848832456125,0.013343982835889218,-0.03860881501518639,0.013984809250718166,False
150021,-0.03171948623062189,0.01722464777260713,-0.06575957166976071,0.0014994646160029512,False
160001,-0.0471095005844205,0.0139647946179587,-0.07422138275568559,-0.019732740318223852,True
160002,-0.030951095177879587,0.018611758800995994,-0.06687848498316874,0.005249425891724571,False
160003,-0.004488554376518702,0.0185527290441705,-0.04074585144479247,0.03224377089676944,False
160004,-0.01791523336923013,0.019453469336409027,-0.05612109121458254,0.021115672074707315,False
170001,-0.019454497197099973,0.01844817664764412,-0.055546502053890896,0.017244252443386805,False
170002,-0.009472146655327125,0.019953359274376036,-0.04860497328956179,0.029488104802503804,False
170003,-0.0078002370700158375,0.019770220126191722,-0.04640972247975243,0.032000810149376564,False
170004,-0.010834319126580146,0.020262657205626127,-0.05034008480850506,0.028710776619142172,False
170005,-0.0037490919873128382,0.01632836809592872,-0.03568467081377603,0.02920699678294365,False
170006,0.004683729733635175,0.020387881614646927,-0.03374850764025217,0.045664693703720456,False
170007,0.007671340412267724,0.020318940404898594,-0.030911213022298576,0.047141555198125226,False
170008,-0.004201308171331728,0.02116492068229551,-0.04456332394181011,0.03778903440855613,False
170009,-0.006276112858144248,0.019417821180938134,-0.043638122198068195,0.0318527736918954,False
170010,0.002705603400424304,0.018951435262554973,-0.03321048494706928,0.040191184274895306,False
170011,-0.002623317128209237,0.020183723983307943,-0.041765325770056115,0.03825707653223703,False
210001,-0.029596051422738114,0.01236531612426765,-0.053860930199057494,-0.005483489463557046,True
210002,-0.023494778581976933,0.015468480545950642,-0.05409888017360223,0.007104618206053425,False
210003,-0.03521604115994667,0.015731666879608294,-0.06628675853267187,-0.004559556337879038,True
210004,-0.043320442795237286,0.016623387727128864,-0.07637360705538106,-0.010981296602191533,True
210005,-0.037244152573661114,0.01545319903123406,-0.06804133071556685,-0.0072981552697784545,True
210006,-0.017555309339191232,0.01710601382115219,-0.051310849334789715,0.01675668996822868,False
210007,-0.020274535492368587,0.016973361738860947,-0.05318707059211029,0.0133706075971796,False
210008,-0.03671332693050898,0.01755833073664239,-0.07177731867657708,-0.0025938304732721165,True
210009,-0.025056697373867738,0.01422601621934803,-0.05242545723619961,0.0027573762980185835,False
210010,-0.041554497911853484,0.014634197094182113,-0.07011957754498557,-0.013188255539297231,True
210011,-0.02213805515675745,0.01598313507526093,-0.053252817345473144,0.010050661661219838,False
210012,-0.013335365523342737,0.016988147955646075,-0.04705375980128584,0.019610168351143813,False
210013,-0.03561247483317399,0.015238027762855884,-0.0657225007478528,-0.0056706357678445035,True
210014,-0.039085400729899335,0.01633764458900532,-0.07184975481417322,-0.00786126842072993,True
210015,-0.02609438899345058,0.015807449061935503,-0.05722351326227434,0.004715045969921457,False
210016,-0.013974446758797242,0.016104882316226452,-0.0458364407476088,0.017083311907296367,False
210017,-0.005662048728680735,0.0174542805602099,-0.03945587085247178,0.02891237787358378,False
210018,-0.012364425310959366,0.01784052096941708,-0.04704580062620102,0.02270481683071147,False
210019,-0.02748075949444516,0.014054385471429384,-0.055206896975624024,-0.00024279716572567987,True
210020,-0.031015792435280888,0.014777293937518395,-0.06000476569192639,-0.001900028645333211,True
210021,-0.04395144089889478,0.015588350212165102,-0.07527844815573331,-0.013954872193494238,True
210022,-0.03968558776438041,0.015498672881659901,-0.07051785721304157,-0.009496440624740117,True
220001,-0.05322657323916511,0.014777170423410214,-0.08250206828971961,-0.02525057326273597,True
220002,-0.018277673832374493,0.018262271282285567,-0.053684521353773364,0.017723588656048297,False
220003,-0.02109142041853924,0.01860520260056467,-0.05779768474741419,0.015642198812127365,False
220004,-0.020563843923025533,0.019668081857376066,-0.059398983642134515,0.01820291131235902,False
220005,-0.038402992905124125,0.01886009869473756,-0.07667526644838613,-0.0018187302460853157,True
220006,-0.028999856878634937,0.01561374580315473,-0.05975012357747477,0.0008081250719463112,False
220007,-0.02352524111918589,0.01807841269130782,-0.05900322063855834,0.012598309152790019,False
220008,-0.026504929801305577,0.01827196026447611,-0.0627186552783422,0.009161000409114722,False
220009,-0.03860093553831535,0.016416763513757236,-0.07099356807899353,-0.0061050841201809505,True
220010,-0.02750813596455284,0.018524104934977,-0.06349851598030135,0.00869390055753464,False
220011,-0.02987631297891852,0.019646333627429152,-0.06926672638512091,0.008774783484421322,False
220012,-0.029292940398414735,0.02000738165160122,-0.06880553390397934,0.009730051718091118,False
220013,-0.030182105400135117,0.018457911888188155,-0.06709867538966628,0.005254256132366834,False
220014,-0.016344495634156613,0.019946914330203864,-0.05505952439330965,0.023653751906942074,False
220015,-0.02442481622482612,0.018462466632411276,-0.06105905688122852,0.011919735013541556,False
220016,-0.02982111876528334,0.018928828258239907,-0.06643354105483013,0.007114593443201458,False
220017,-0.01979440652913805,0.01820200904378736,-0.05601564589911753,0.01711695608209339,False
220018,-0.035273764486335735,0.019011250158355045,-0.07269485981437386,0.0017277306049034926,False
220019,-0.03389999170080211,0.020016604456005706,-0.07368158264815833,0.004865671399097243,False
230001,-0.026529822662025308,0.011866464541418013,-0.050164353542060794,-0.003528008627246989,True
230002,-0.02856526688150134,0.015477697033122255,-0.058582911502228066,0.001738959446335994,False
230003,-0.02196467351578109,0.017755002876135115,-0.05623318989133409,0.013050642055707162,False
230004,-0.03942820506286749,0.018237635093887032,-0.07532638323043009,-0.004006255494838875,True
230005,-0.03905431590556741,0.01831926558872418,-0.0754867369662939,-0.003706471526978792,True
230006,-0.03567038508035284,0.015512835743466303,-0.06578789916705184,-0.005366564057683915,True
230007,-0.021816039923899345,0.016151463655930134,-0.0533569550773443,0.009900641557637929,False
230008,-0.02341098867157929,0.01885099887825096,-0.060095985793299486,0.013977400513248483,False
230009,-0.01958601511561973,0.016451556173362844,-0.05186530999044334,0.012742810051548913,False
230010,-0.03713562667734776,0.01893161018293407,-0.07481764854719113,-0.00027284898773839104,True
230011,-0.051313845030527355,0.013765567743642057,-0.0781371963986134,-0.024535984093854244,True
230012,-0.05063023439483069,0.016954426113632952,-0.08465690058905435,-0.01772976122916566,True
230013,-0.04688876999452528,0.015870164114862202,-0.07859471398103823,-0.01628180442041835,True
230014,-0.028130037047933792,0.01889774942818287,-0.06555331788139787,0.009211734485202032,False
230015,-0.04724616322109884,0.014856245166465467,-0.0762224510169244,-0.018010017321272824,True
230016,-0.044342089812920864,0.01602571394044422,-0.07640542444959753,-0.013154973530562606,True
230017,-0.03197198705255367,0.016637438076436434,-0.06534601781981733,0.00065223524789401,False
230018,-0.03454857642839195,0.01815374341530712,-0.07042209529114173,0.0003171069103583267,False
240001,-0.05274467128455631,0.01387173409782843,-0.08011357923766149,-0.026146790697666643,True
240002,-0.022657813340717255,0.018475865733552373,-0.05873880449865196,0.013818586588221968,False
240003,-0.01312689481895751,0.018385190835758583,-0.049540501707554446,0.022978166717749996,False
240004,-0.028862759658015734,0.019130764525692012,-0.06692418361413993,0.008403339520879429,False
240005,-0.012978838889182939,0.01933302085545211,-0.05096390662409376,0.025231117104423408,False
240006,-0.025029652054629318,0.0201273968098124,-0.06394307829856358,0.013824826706279823,False
240007,-0.023918015138355418,0.01824127209849146,-0.05981677920504743,0.011852938920646674,False
240008,-0.01080263944907171,0.01859511803609818,-0.04728823453458836,0.026462481675313256,False
240009,-0.011900902121181965,0.015396678738803982,-0.04170024608217191,0.019198910294992662,False
240010,-0.0073970709087636715,0.016809198984256823,-0.04035041683162718,0.02591464200295818,False
240011,-0.002598072601184375,0.01713179183068434,-0.03528490336378654,0.03161516364465555,False
250001,-0.01523373184933587,0.012888778076655193,-0.04044670689782698,0.009751066114081927,False
250002,-0.016189685759910727,0.016439675803431593,-0.04878461641170155,0.015382113829452353,False
250003,-0.010380222655857814,0.018156356409722692,-0.04543514706607206,0.025174541946908286,False
250004,-0.009730169755616793,0.019500482772834084,-0.048149224772038486,0.02884403591612306,False
250005,-0.02689207587773149,0.013500495054395545,-0.05356087662854999,-0.00041815955814650995,True
250006,-0.01334784573584292,0.01885992039787932,-0.04926121290239437,0.023134001549601508,False
250007,-0.031918311510166254,0.01973946610391285,-0.07031670161031743,0.0067799315548644785,False
250008,-0.031177663040806453,0.019684004076493754,-0.07039302302150134,0.006567370413878904,False
250009,-0.020483070656609256,0.016320989398432767,-0.0531792906525523,0.01100354596880535,False
250010,-0.01308448224047264,0.01783118101844055,-0.04763788355890842,0.02227204713832004,False
250011,-0.014239575363154164,0.018381943077764664,-0.05029189653025288,0.02126798473157594,False
250012,-0.004061391303991341,0.019704158595287034,-0.04217315082813496,0.03531064589050603,False
250013,-0.018098213192958977,0.01957199793654055,-0.05694143114836672,0.019987411042536627,False
250014,-0.021305400121345273,0.017453103464442125,-0.05596159958553125,0.01269505079582787,False
250015,0.0006133843731868951,0.017819869835496657,-0.03388714016860653,0.036433680387215256,False
260001,-0.016015525265802032,0.012408621743560862,-0.04026662869341033,0.008118116638230317,False
260002,-0.01620586597697512,0.016884328899638465,-0.04874103150973882,0.017183887439940128,False
260003,-0.019174419041156823,0.017431783475723352,-0.052686510719496864,0.015136381099837089,False
260004,-0.009101172249345358,0.017985092206937604,-0.0436902450904815,0.026765847941558642,False
260005,-0.027445513503837924,0.01860377189153617,-0.06317555474705773,0.00864654919482882,False
260006,-0.028582830412897626,0.0179391926593365,-0.06327648772324616,0.007283977033868514,False
260007,-0.022777595435839078,0.018280816352570093,-0.058793433922919636,0.012438606951518548,False
260008,-0.012558892042483104,0.018550909332051408,-0.048490247315411246,0.025000848711476984,False
260009,-0.021675833688400797,0.01369265713979491,-0.04807941968318878,0.005725982051843511,False
260010,-0.018772061695461386,0.014375315142907272,-0.04679048590509031,0.009677827696962125,False
260011,-0.028490180519102848,0.015218726536659523,-0.057794257936280805,0.0010475016378293294,False
260012,-0.01694007337000975,0.016396099746369644,-0.04938878901041784,0.015896701905622732,False
260013,-0.011114751655314736,0.01606351984805461,-0.04237001300458408,0.02002378142821502,False
260014,-0.006099173841837482,0.01759828642430307,-0.04026981156647586,0.029607238565623015,False
260015,-0.051825453747580644,0.014877069575983285,-0.08139262686205728,-0.023217275824838568,True
260016,-0.02804962868793803,0.014998724580734998,-0.057644481895130543,0.0007393730197864856,False
260017,-0.03470812141342256,0.016208030282098464,-0.06633849609817323,-0.0036051388051901896,True
260018,-0.026324041489692387,0.018600460764762457,-0.06253404387269197,0.010121713187412578,False
270001,-0.032617595819412745,0.012582055281412322,-0.05722340917049618,-0.007518975713669963,True
270002,-0.011372852777704369,0.016330279246416026,-0.042879649621218416,0.020542295377869217,False
270003,-0.014609882092830985,0.01638003577687248,-0.04658808765798145,0.01711205310629858,False
270004,-0.028017679298949362,0.017043343826894746,-0.06187522621906287,0.0050567378447957875,False
270005,-0.015633998265950265,0.017028673582846435,-0.04916944906540461,0.017598695304282767,False
270006,-0.03476049540452427,0.017922508409914908,-0.06991226752118002,0.00020770437040205545,False
270007,-0.015621175510827168,0.013862946765105534,-0.0425237297279198,0.011840767441150908,False
270008,-0.007927953300659419,0.016909045734116623,-0.04101218004477307,0.02508437327551101,False
270009,-0.019975041809102218,0.01681451963544741,-0.05359108535034633,0.013552724377765746,False
270010,-0.009368883983161116,0.016922278836671314,-0.04193605343625355,0.023926195479172255,False
270011,-0.008068549065966648,0.01617569997030387,-0.03963844066835536,0.024106349829802098,False
280001,-0.029629809949806088,0.013191656438423995,-0.05598727360550335,-0.004002677382067939,True
280002,-0.02549269650401876,0.017274305778719135,-0.05936504586850587,0.007938054480702854,False
280003,-0.021136357845534037,0.017222133467873484,-0.05513342297196817,0.01299677361989702,False
280004,-0.031839615442118205,0.016997401053291596,-0.06516199853996817,0.0016551514968126482,False
280005,-0.02538874615170173,0.01712687701756022,-0.05901871327742808,0.008235843572688226,False
280006,-0.01617455379009725,0.017820674787700098,-0.0510690339075141,0.018613616024217034,False
290001,-0.020454063438480607,0.011641748175786839,-0.043262266519848366,0.0025456331244425373,False
290002,-0.03805005654606823,0.014531187176504274,-0.06682448569663085,-0.00980555321615368,True
290003,-0.016172419230689794,0.016314247667624408,-0.04736272777843103,0.016242688602291343,False
290004,-0.013257560807793287,0.01579495163135385,-0.043514031157469116,0.01783782464654002,False
290005,-0.008911565240362872,0.014787383379719247,-0.03831496713562455,0.020379289539379224,False
290006,-0.020227913722485245,0.017071935008657925,-0.05400542901381388,0.012593478629474889,False
290007,-0.0011975090329847656,0.01300014679784875,-0.026900598679979813,0.02414480671057067,False
290008,-0.02205039498159324,0.0154932142982849,-0.053006468696929876,0.008395398948031305,False
290009,-0.015371425570423862,0.01466387146135487,-0.04389922440123381,0.013780820455543862,False
290010,-0.004984697318430068,0.01671743034121663,-0.03747391587176124,0.028059426503057185,False
290011,-0.06317226161451805,0.0140566548757645,-0.0908679403809747,-0.035923133097151186,True
290012,-0.04065973732199822,0.015529989641252595,-0.07174093601748346,-0.011287498404299547,True
290013,-0.03578918955144972,0.017066441622312026,-0.07011160762111489,-0.002196545123686974,True
290014,-0.011213012388235823,0.016256335232980156,-0.04209341998528607,0.021303790088294562,False
290015,-0.027719469588054227,0.017162546069021213,-0.0617486035923116,0.005622983241974106,False
290016,-0.028109797604363457,0.015273615061742745,-0.05846455813311945,0.0022694662372482856,False
290017,-0.03333222067799877,0.015740895394431065,-0.06374684791190167,-0.00252200736920065,True
290018,-0.033454989780184775,0.014738141121197255,-0.06227697541766509,-0.005017852515819483,True
290019,-0.02826946222630733,0.01722134080491037,-0.062293509379548175,0.005472905139356322,False
290020,-0.029515888828903138,0.014548678235581381,-0.05820844014521312,-0.0016624552999537617,True
290021,-0.025835139485055232,0.015353963370404284,-0.05594946137299581,0.00460859473828363,False
290022,-0.013032287907973759,0.01332967789030894,-0.03936567255388683,0.012891582028797262,False
290023,-0.014646539329894619,0.015130778965288012,-0.04420471835302617,0.015202369070051704,False
290024,-0.028633491594249483,0.01652500013302368,-0.06126512312325271,0.003993620517762885,False
290025,-0.030381918534418132,0.016364890609917183,-0.06343324836845422,0.0020091534549944562,False
290026,-0.024578216829820723,0.016807948535051354,-0.057434373293277066,0.008299909089466553,False
290027,-0.022118430082642825,0.01757996286361302,-0.05564414603457125,0.012924951512521855,False
290028,-0.02390155767788093,0.018673060826506944,-0.05990496184283947,0.013537289742136985,False
290029,-0.03471690821707834,0.012693637645955711,-0.059201582933313304,-0.01005060451261677,True
290030,-0.004387272002312147,0.015735371762984174,-0.03471267298265135,0.027083988409002273,False
290031,-0.014487842373845664,0.01695356741520071,-0.04712292228710457,0.018506023844066622,False
290032,-0.0342935088583156,0.017269138411752556,-0.06857215137623471,-0.0010851808680719963,True
290033,-0.01006424452222024,0.016888002560757093,-0.04253578718311976,0.02364860139640747,False
290034,-0.025793693011590197,0.016347210337686713,-0.05825775124701682,0.0066408191329960144,False
310001,-0.005044426608553757,0.01179364611352433,-0.027666096029395314,0.018197808100254786,False
310002,-0.031101874067278688,0.01590354662564092,-0.0621392697319658,0.0002847877274884229,False
310003,-0.009951996258254698,0.017279274570182548,-0.04324568210834321,0.024206748256329975,False
310004,-0.02883634070681565,0.018027793549130058,-0.06418126796839799,0.0066235996318074804,False
310005,-0.03735949627599944,0.018083265746297397,-0.07332398715022839,-0.0027341066117425247,True
310006,-0.027638218121635385,0.014528019928865132,-0.05605617184886077,0.0011352453333914614,False
310007,-0.01202525988385951,0.017264329994417852,-0.04543832918424046,0.022761839938985912,False
310008,-0.031201709587491903,0.017399473398385195,-0.06555938072940001,0.002959868851219923,False
310009,-0.026006064159615414,0.017206293736164793,-0.05999352088051873,0.007677669233708677,False
310010,-0.01863906095683126,0.01831809143269846,-0.05405312735506549,0.017922669610472168,False
310011,-0.053348181252916495,0.019263941466488903,-0.09175426968944096,-0.016215858093764784,True
310012,-0.020371497598418976,0.01821126786684762,-0.05594115916786337,0.01496376752631373,False
310013,-0.01841125764092552,0.01508541384416171,-0.04801472493168365,0.010783761319916344,False
310014,-0.02284816452088114,0.01811165879456242,-0.05921617637523489,0.012497790968566225,False
310015,-0.02843395820987586,0.01741590142374164,-0.06273744034728662,0.006144511047084062,False
310016,-0.017223046655793276,0.017758737765773462,-0.051934836252408516,0.018324593309920284,False
310017,-0.03322874761467207,0.01852880862288756,-0.07040611474901755,0.002918178420538203,False
310018,-0.025121936476211044,0.018683459586008592,-0.06236677812493201,0.010884461087837714,False
310019,-0.03300994914110707,0.01911683011942929,-0.07098394628982165,0.003948098764601649,False
310020,-0.04864677840675705,0.016386844481557156,-0.08068955545887484,-0.017061832767359713,True
310021,-0.0219669245140203,0.01785941268353495,-0.057605755864967016,0.013368614397511398,False
310022,-0.015851377345182296,0.018978993581831954,-0.052132015423717086,0.022351680393003528,False
310023,-0.031013759154910527,0.01973469242010423,-0.07046594421054732,0.007517248803981087,False
310024,-0.041545562798879464,0.016356801583422766,-0.07403554651584883,-0.010515318261404274,True
310025,-0.026258233473896955,0.016635937308542032,-0.058417660627017226,0.006425482262447109,False
310026,-0.021456787837772377,0.018091726335022557,-0.057276299392943465,0.013602711963159339,False
310027,-0.0190741690514253,0.014705168939873099,-0.04776429797927445,0.009442827564669638,False
310028,-0.027538534163189562,0.01630813440507533,-0.05957752757693353,0.0042465650705311555,False
310029,-0.012033634393483084,0.016265937397404,-0.043685735784101704,0.020259342156155907,False
310030,-0.016092312006020616,0.01749191137868378,-0.05013182432022843,0.0182360288860947,False
310031,-0.013202189923727431,0.017961771636447257,-0.04712631998132435,0.02255177968364209,False
310032,-0.01975913071774863,0.018157772765459285,-0.055172921025456,0.01693042818432311,False
310033,-0.018895167419161123,0.01824861002201641,-0.054671675203781994,0.016798875932422026,False
310034,-0.019693629751499818,0.018402037565673653,-0.05571252264360292,0.017218828316638467,False
310035,-0.028590156729417438,0.0192514089043903,-0.06620235905672729,0.008983076602315896,False
310036,-0.024671161770035553,0.018717253393267016,-0.06182814088377396,0.01212159025665375,False
310037,-0.023038658394461547,0.01733866180505114,-0.05676416290522104,0.01152708526098381,False
310038,-0.03118127421634613,0.01587134032158154,-0.06150704806896328,0.00012173745819372887,False
310039,-0.04081904757141648,0.017774688679033708,-0.07775090790746535,-0.0071634968900284104,True
310040,-0.019931512382120004,0.017104587721878325,-0.05311021903439014,0.013846019890413033,False
310041,-0.03436324401191908,0.016651183200941094,-0.06766848109336827,-0.002203868288467134,True
310042,-0.02558966347175024,0.01678272302518397,-0.05865252480403996,0.007511872320616182,False
310043,-0.030456856369799747,0.01659994304061365,-0.06291570955598601,0.0025990590624291572,False
310044,-0.023231140373421538,0.018244953602765755,-0.05952470061426232,0.012388626726163483,False
310045,-0.020539779830953092,0.01795792199768063,-0.055818899079140574,0.015151416341873034,False
310046,-0.019967615926548703,0.01745126334692568,-0.054097474306677676,0.013974298207532248,False
310047,-0.023888440892713074,0.01819985563829122,-0.059453652934407894,0.011342212783660923,False
310048,-0.03254858806029668,0.01935894308453875,-0.07097037083736471,0.005149223631809316,False
310049,-0.023876290386792044,0.01915275263458468,-0.06125143235235354,0.014344482331157081,False
310050,-0.027163636067439132,0.014741300445760153,-0.05585371416282234,0.001532984485327744,False
310051,-0.0166669354589312,0.017503138703870186,-0.050908474346950575,0.01828383351496314,False
310052,-0.009208131739102442,0.017972162242855385,-0.04402650666023719,0.026387864096402144,False
310053,-0.01731977213648193,0.017390763185308033,-0.051274310992181146,0.01706888055608625,False
310054,-0.029005374486324377,0.019064024566906035,-0.06658966878918698,0.009085413703208114,False
310055,-0.006810895735957512,0.015681242208603854,-0.036956741884174436,0.024438353808913918,False
310056,-0.033578616997859176,0.01758725417719755,-0.06803563534750447,0.0006250589066307665,False
310057,-0.00917044185413825,0.01893589954910317,-0.04549548782056781,0.02823980904606396,False
310058,-0.03371810126616876,0.01920168609172108,-0.07216283759017901,0.002734895315055829,False
310059,-0.03465297664822381,0.015727467720767514,-0.06585031827117604,-0.003967615423380433,True
310060,-0.0059993921364763,0.01870360154341484,-0.04239031420638367,0.03151918336120257,False
310061,-0.013734359964943465,0.01920712858792853,-0.0507860804651522,0.024917730968685266,False
310062,-0.0176006009077037,0.014668558117317917,-0.04637212518681165,0.011695159238509027,False
310063,-0.022146854708192325,0.017789041817593113,-0.05673056082707155,0.01251125877182969,False
310064,-0.010035230769347972,0.018278562398202716,-0.04526479722074673,0.02690156179220131,False
310065,-0.0165536072640374,0.014841978310281077,-0.046010590206266605,0.012077905860392542,False
310066,-0.011675697752893888,0.017921707407735656,-0.0467886295874744,0.023685381884566696,False
310067,-0.033715667473634726,0.018429680667598407,-0.06969027053292018,0.0028594695276264537,False
310068,-0.02409939470141869,0.018782835928732953,-0.061570407899111,0.01215023267334442,False
310069,-0.031415506950486144,0.019236759516771153,-0.06985661078342381,0.006016619945726319,False
310070,-0.016048214212362133,0.019673570475134024,-0.054886937504598145,0.02314680581890917,False
320001,0.003651788684686849,0.013438860944828756,-0.022534020060279162,0.030045527158888235,False
320002,-0.0021525392178940446,0.017884206312614774,-0.03663781959302298,0.03345384793451135,False
320003,-0.012347193336158935,0.01610607237050021,-0.043979874819920585,0.019170083995449456,False
320004,-0.0026314118971859156,0.016119823012265964,-0.03345555123320528,0.02990501253327277,False
320005,-0.03915916032710405,0.016550771371222017,-0.07173114737620928,-0.007594346835469256,True
320006,-0.015261333244280495,0.018494965393493903,-0.05138143989140755,0.02145940345265717,False
320007,-0.004963650075433056,0.01625984798173688,-0.03703220591360577,0.0271308343917779,False
320008,-0.026624728982010123,0.018140620499005708,-0.06242797628367763,0.009081627565516764,False
330001,-0.006249895513595294,0.011132611300538746,-0.028120773050724867,0.015657487700530937,False
330002,-0.01471427827708387,0.0179936569626316,-0.04971910573072481,0.020452042729707232,False
330003,-0.0170395694121754,0.01854081471025509,-0.054030788754631125,0.01920136873501585,False
330004,-0.004418994547074804,0.015310985779054872,-0.03452280544460099,0.02584477154475197,False
330005,0.0020709734711199927,0.016744938598960535,-0.02993285471477859,0.03529131434911654,False
330006,-0.02404283576141682,0.01825865763830806,-0.06067978248958082,0.010857046900668514,False
330007,-0.0034811230329604855,0.015836512291470164,-0.034737693855685724,0.02817755819985204,False
330008,-0.015016911116553578,0.016629165224258696,-0.04754772757290048,0.018621853975852996,False
330009,-0.0137035376116887,0.017548836777346324,-0.048203682396986726,0.021180810047124292,False
330010,-0.003367624111980463,0.01337870721666477,-0.029486102206062445,0.022848104627849506,False
330011,-0.017800587401467935,0.017650016526348275,-0.05306240272165939,0.016696570715189953,False
330012,-0.014624734365626358,0.01900403136971482,-0.05189312065755915,0.02197666875305603,False
330013,-0.011897225920631617,0.015058880410013482,-0.04109985241350948,0.017715740011440214,False
330014,-0.016834175054413904,0.014943702480293012,-0.04550978902520181,0.01170495598168646,False
350001,-0.004022312228477675,0.011119049966255727,-0.02564779991578369,0.01763898873025983,False
350002,-0.07770922055448552,0.013291814045246217,-0.10423884223815119,-0.05139569700010364,True
350003,-0.02364608513092263,0.01257832096533421,-0.0483786383428103,0.0008038612415260832,False
350004,-0.04756220961109937,0.01617450961533719,-0.08020053059014608,-0.016642143893248005,True
350005,-0.019444668692905856,0.016682399605581582,-0.05173326412615793,0.014160116269942503,False
350006,-0.022839930880430286,0.01731852375581108,-0.056865288442622425,0.010655670631712329,False
350007,-0.024993059873019554,0.01719448216248309,-0.058494331447863396,0.008158104576726768,False
350008,-0.030009226939195305,0.01753430715134884,-0.06473079945560989,0.004823470971939922,False
350009,-0.0657448464498888,0.01599292152109351,-0.09753427481135933,-0.03597998548707551,True
350010,-0.025789691841882564,0.016094854962915347,-0.05751603901786449,0.005355801772560188,False
350011,-0.014757293858731873,0.01779157330772483,-0.04879654662151874,0.021100992318176002,False
350012,-0.009579834063939762,0.01788574644977622,-0.04486522111551536,0.025170110921478236,False
350013,-0.021684295205158164,0.016490038760571445,-0.05444418302941032,0.00989481202832258,False
350014,-0.003174660611061824,0.017310348370714414,-0.0373835872027993,0.031597645615308124,False
350015,-0.009646623076344068,0.01743247426923826,-0.04364905858242202,0.024691618781207462,False
350016,-0.02833248306529627,0.01877254259829573,-0.0658129939762989,0.009255425276895456,False
350017,-0.017467539597006657,0.02019589246899498,-0.05671665356521117,0.021709674051572404,False
350018,-0.02148523085985779,0.01527888323866648,-0.05163538994554257,0.008384100825936337,False
350019,-0.018617998821392912,0.01881708667001084,-0.05574492361245859,0.01858193633166034,False
350020,-0.021859256628775053,0.01885388042894977,-0.05917149567950911,0.01527286677925168,False
350021,-0.028790728644645026,0.01884022896404984,-0.06558877604024227,0.0076443619346058264,False
350022,0.008748252206217968,0.016885740840390368,-0.02401632138341697,0.043051748955712205,False
350023,-0.005541753139914005,0.016653641103377335,-0.03759225318668578,0.027993941791040453,False
350024,-0.013380732325433785,0.01796506173610637,-0.04778424879622371,0.022183004075166924,False
350025,-0.03850408516339315,0.015143465524610896,-0.06810506912720321,-0.00946767416124124,True
350026,-0.022883867915144237,0.01736115896323434,-0.057704808906812025,0.011068798962866172,False
350027,-0.019275917788183113,0.01846069168427733,-0.05499373218997156,0.01631216505741916,False
350028,-0.03407163292521671,0.018598609671896398,-0.07082447312395221,0.002572796748412681,False
350029,-0.009436046555847531,0.019178100496180725,-0.04607495541693615,0.02848285057575733,False
350030,-0.02009466605979648,0.019870914139377072,-0.05877375210043718,0.01898837954690627,False
350031,-0.011714549747050277,0.013783211187222099,-0.03892662407546137,0.015707485803578038,False
350032,-0.009544147790522855,0.015714562762271008,-0.04035798813669568,0.021983894775390877,False
350033,-0.028873560875452665,0.015386816255775355,-0.05928636117749689,0.0014287918580557946,False
350034,-0.027811535000440805,0.017747771894631115,-0.06217274337463849,0.006633732541830838,False
350035,-0.01416141905523832,0.019096492560976275,-0.05083046211017016,0.024276403207995373,False
350036,-0.011681184890622353,0.015174694340494654,-0.041431729908258615,0.017519123397418294,False
350037,-0.01872058203200416,0.016593838028453753,-0.05130397114356001,0.013278136979353976,False
350038,-0.009902801659548219,0.012435526812451187,-0.03407405379786176,0.014319517025733813,False
350039,-0.024065866345255496,0.01363366731812914,-0.05080584153646069,0.00299326932827589,False
350040,-0.027779172212016062,0.016497032613126895,-0.06036288038260049,0.004364010452774084,False
350041,-0.02981021669125156,0.015450067042936768,-0.06067191795091371,-0.000447465391755006,True
350042,-0.006680594218114761,0.016676410686768367,-0.03928440468692019,0.026199035902731496,False
350043,-0.020025329466223284,0.01647930530676391,-0.05148667177198487,0.012485533993080352,False
350044,-0.016106674773333992,0.01707008483893178,-0.04905491448739231,0.01704366245557331,False
350045,-0.02525328734755052,0.016876402380054882,-0.059552736612355946,0.007533842133944476,False
350046,-0.01746616342761223,0.017014660408787435,-0.05095985454775276,0.015757600956948573,False
350047,-0.0037934298854084103,0.017716817568791367,-0.03810682655982054,0.03174454286302304,False
350048,-0.01318892072547032,0.01890334514430752,-0.04957571033744884,0.024047691520425313,False
350049,-0.025690731775336928,0.013944956639401073,-0.05351648104287078,0.0016668239083080139,False
350050,-0.01821193702254701,0.014548690800432855,-0.046245674565376683,0.01075618121276299,False
350051,-0.0021003139655355685,0.016085336864206212,-0.03437077891027879,0.029975632813509987,False
350052,-0.026095634945436638,0.01680471025442772,-0.0594552387535309,0.007539763189195986,False
350053,-0.016898224657683595,0.017277800104048814,-0.05060661552235416,0.017136065345182725,False
410001,-0.039476463307378716,0.01298940387854772,-0.06544559180350451,-0.014364825065896899,True
410002,-0.023054527775851832,0.017248152571437025,-0.0570895833595597,0.009835872421048992,False
410003,-0.028937459106932826,0.018737246595262505,-0.06555310012023394,0.006847390048725767,False
410004,-0.03985130416918291,0.01700964771316999,-0.07333828720912956,-0.006531018982358988,True
410005,-0.027568851353327452,0.019293113994940287,-0.06621609023839739,0.010339569123335569,False
410006,-0.022118764128440542,0.018456286882598864,-0.05843243594786716,0.014263040298919059,False
410007,-0.022298893215761246,0.016816329808406565,-0.05526500961998956,0.010397139225837694,False
410008,-0.03145787724382404,0.016957257732137302,-0.06471324076187857,0.0018674222750145906,False
410009,-0.05170691142063227,0.01830770695504227,-0.088250073617711,-0.015891478324095477,True
410010,-0.03139149704114386,0.017019477979327596,-0.06416438624948181,0.0015966924087015613,False
410011,-0.04295002115412184,0.0194888146969612,-0.08125540958055132,-0.0052102505437417075,True
410012,-0.03831652974395954,0.019619434392232016,-0.07668222079132031,-0.0006026938463028432,True
410013,-0.028048196599802122,0.019693586994173735,-0.06593648834337752,0.01038336242230315,False
410014,-0.017544648042077414,0.01768096559264992,-0.052077716394796324,0.01723672487938916,False
410015,-0.02650951152088031,0.016872976741159496,-0.05967387779941045,0.0063663419644612584,False
410016,-0.03697009722453678,0.017812410792664636,-0.07260147447821198,-0.002196846041401569,True
410017,-0.037254254688917715,0.018723208491828708,-0.07398337435442025,-0.0015691736231342054,True
410018,-0.033841016036858906,0.019447897927036897,-0.07214948305862326,0.003912097450915887,False
410019,-0.025394619692466064,0.01974402609222543,-0.06425036852535765,0.01385212484138917,False
410020,-0.03214348791238853,0.020396946192029693,-0.07265567421707134,0.007813409316244836,False
410021,-0.0291902667838918,0.015867288752920625,-0.06087136199902482,0.0014665140048618073,False
410022,-0.036444954397166995,0.017698535157020807,-0.07106126945583792,-0.0016365919527591992,True
410023,-0.03608762454992505,0.01869963183511066,-0.07271259041886761,0.0003640362028568633,False
410024,-0.009945300449367107,0.019508502704738327,-0.04802517100966066,0.0288197825518266,False
410025,-0.026078543843116427,0.01927793378533259,-0.06361303887931463,0.01246027659475508,False
410026,-0.01978360537053726,0.020760351700318258,-0.06062370825667707,0.021924167270047167,False
410027,-0.042059797492011206,0.015380136771831546,-0.07266024517170969,-0.011794493257416367,True
410028,-0.031359214185989144,0.018178615588314614,-0.0679647954919064,0.004131197287639478,False
410029,-0.0289680428596931,0.019485804382981593,-0.06774271965817108,0.008901778539577174,False
420001,-0.020374000400308786,0.014100943858390173,-0.047923338592855885,0.006936999404872372,False
420002,-0.018476421078749777,0.016195217088049198,-0.0496042044206064,0.013254579029927663,False
420003,0.0008816659511845228,0.017072522449250928,-0.032071054806182255,0.034666499023240774,False
420004,-0.02297031523301013,0.017764954808697313,-0.05718377845876568,0.012081206828577466,False
420005,-0.029423230550287456,0.015633309497696216,-0.060384246234337635,0.0013552630819285952,False
420006,-0.03648822837117362,0.019607911003879236,-0.07529449255685801,0.0010905235447717571,False
420007,-0.029095672390286275,0.01703199404310886,-0.062179423317430524,0.004797691924133408,False
420008,-0.007134942152856261,0.017772142853794536,-0.04168763178563062,0.028061480641511902,False
420009,-0.03405048513489744,0.017796995340375647,-0.06936159790312113,0.0005460753033284803,False
420010,-0.008031828964909777,0.01814258983422827,-0.043183303581842684,0.028164952281812757,False
420011,-0.013143339122465113,0.01819145216783341,-0.049120871710274475,0.022760579680566002,False
420012,-0.019302199697142006,0.02016296439675466,-0.05975841357518054,0.020728846930781312,False
420013,-0.010341733700552937,0.019779630286638226,-0.04851257886309532,0.029292887421609064,False
420014,-0.008965312289758012,0.019035099454010586,-0.0461634535238127,0.02866206170967813,False
420015,-0.019461152527068523,0.018775840334995478,-0.05541953621157695,0.01736210885787511,False
420016,-0.03939007561969713,0.015042751166616105,-0.06963182770734834,-0.009971799794537134,True
420017,-0.022798272729460608,0.017940195985151654,-0.05834219480243306,0.012543957315484033,False
420018,-0.022734577363448544,0.018626042086431337,-0.059292075096283016,0.01366067134753314,False
420019,-0.0217744287500218,0.01494055100405476,-0.05138054392821683,0.00735515044480986,False
420020,-0.014349178602455603,0.014255353819958938,-0.042276923723946,0.013200873639452134,False
420021,-0.04261887868842875,0.01789050452446743,-0.07848138935650914,-0.007705235294240815,True
420022,-0.017783999742933366,0.017984690256796863,-0.05291096313634022,0.017638353478216778,False
420023,-0.020201116228953216,0.01962138716606067,-0.05837902649476153,0.018160329025819287,False
420024,-0.009073358659118918,0.01974233567337164,-0.04695157072059424,0.03094726198466118,False
430001,-0.02109963651656988,0.013199452115081011,-0.046889819203364574,0.005138253482058995,False
430002,-0.023526877877499727,0.014264030349211792,-0.05149297673952076,0.004798891163482866,False
430003,-0.005042060440999635,0.01661062665209144,-0.037596219412646195,0.027870763347603057,False
430004,-0.024143470888814293,0.018244733512801505,-0.05980585635055818,0.011004859404422992,False
430005,-0.022282168259897806,0.019028108356910284,-0.05990171086943534,0.015122418424442912,False
430006,-0.014968718686028103,0.019341607466018748,-0.052804052368112066,0.02357433753382545,False
430007,-0.02792099442938042,0.01957494527775264,-0.06666993128223216,0.010858931126473265,False
430008,-0.021128430455691894,0.01939157968088948,-0.05930604878397251,0.01709660838693259,False
430009,-0.028401528590560075,0.01480170909560643,-0.058106487625554246,0.0009052656384781672,False
430010,-0.0263967901364698,0.018776431517407138,-0.0639297616192801,0.010618884582806975,False
430011,-0.02699110886682033,0.016980628986070393,-0.060289049712868525,0.006106037737005084,False
430012,-0.027462387725961716,0.019033656728873347,-0.06496299121828196,0.009652532344318305,False
430013,-0.02663099403954123,0.01886992596158314,-0.06373131420625124,0.009999050751308572,False
430014,-0.031409755849002664,0.02048974885807506,-0.07136006120800549,0.008677083929917572,False
430015,-0.022955522410395876,0.01704427372795107,-0.0567884590560171,0.01078777710737191,False
430016,-0.010068058007575088,0.018330565554725585,-0.04521302200530416,0.026482430786909573,False
430017,-0.041870246939767396,0.018620909989757985,-0.07941391391245081,-0.0066049339850436295,True
430018,-0.023332832379900068,0.017761069338808656,-0.058471368447635584,0.011096208366100133,False
430019,-0.04129389984303567,0.019564654042914704,-0.08032839008780708,-0.004129604160359838,True
430020,-0.020621745537743666,0.01849193350137746,-0.056180204174231176,0.01613197733697757,False
430021,-0.020083279784626835,0.01934837274544893,-0.058117715018160994,0.017880458306475038,False
430022,-0.02159343382999932,0.01976917866040213,-0.05990046756748186,0.017236717796118853,False
430023,-0.026039248066249934,0.01949490131842319,-0.06425944898688943,0.012398247697125296,False
430024,-0.025181262224797035,0.020319288470328774,-0.06559673209346732,0.014798428159781931,False
430025,-0.02123446393543023,0.01825545794273634,-0.05639860555098432,0.014215984106607859,False
430026,-0.0224632146359106,0.017496153377665552,-0.0568036329017459,0.012357084594962011,False
430027,-0.02374594092054985,0.018498070943383262,-0.05962245487335896,0.01289708537210735,False
430028,-0.03217769470344328,0.01902045432081157,-0.06993909696800524,0.004876942725332918,False
430029,-0.020254187142533655,0.018878470489108755,-0.05708546622239146,0.017116201563550714,False
430030,-0.03330812646341309,0.020084494026063344,-0.0740398682755347,0.005609708673416699,False
430031,-0.023530896922396287,0.020130629028474505,-0.06314412351923554,0.015221540946443951,False
430032,-0.029397211623773307,0.0198558128044898,-0.0681821503694689,0.009727087122432601,False
430033,-0.028197968760356146,0.020048429897067406,-0.06762706671391606,0.011312764041891082,False
430034,-0.03474876668061775,0.019827556981235953,-0.07402145069928993,0.003598077179789373,False
430035,-0.015820182331158953,0.02010586884204342,-0.05434936899244727,0.023925013084487513,False
430036,-0.026764294960871314,0.016142755876323286,-0.05814570356218518,0.004113289910696573,False
430037,-0.02429084266452935,0.018544156107518486,-0.061070757787652766,0.011925026206270688,False
430038,-0.028329921747516258,0.019421146405413887,-0.0672386012487186,0.009525008578025131,False
430039,-0.008327301412452942,0.019110811188002886,-0.04508345075966151,0.029834443561703197,False
430040,-0.019158449344364573,0.01697012465989088,-0.05230374791044652,0.014292325784027523,False
430041,-0.04947649057258903,0.018177153162199543,-0.0855183129508139,-0.014272853858100789,True
430042,-0.027023355475915164,0.0200929483660253,-0.0660029690277006,0.013150406975771018,False
430043,-0.018833568033173462,0.019969667269406383,-0.05780325212944569,0.020720157109552315,False
500001,-0.02151566458067273,0.014276773732752733,-0.04912721486054246,0.0064222210755194,False
500002,-0.020904241910769467,0.017508952385070633,-0.055153432714807896,0.013786799340832451,False
500003,-0.021954147239108535,0.018353670905255606,-0.05738906805041818,0.01395376283878632,False
500004,-0.02289072404208475,0.019129065966304384,-0.060724162538779276,0.013807854244254649,False
500005,-0.01845063348207303,0.01579488675948989,-0.04929703822314631,0.013084497860736463,False
500006,-0.009470358534427204,0.0187926014130387,-0.04581124101880825,0.027772787319792484,False
500007,-0.016118688230010354,0.01895770896212566,-0.05362553737713746,0.02104304511187628,False
500008,-0.020222914645532743,0.017974259643830582,-0.054963850244722924,0.015165088127712317,False
500009,-0.01371474641008484,0.017949341083223352,-0.048973774011055834,0.021207582973276684,False
500010,-0.026274130656163845,0.017473292679206956,-0.06127850886834229,0.00739641969133016,False
500011,-0.030420408761070952,0.018532509105974558,-0.0669832765118278,0.00579768383846694,False
500012,-0.038721423512846805,0.01828049345552462,-0.07463445545225575,-0.0036018649188756186,True
510001,-0.01360718270418269,0.013204602289074536,-0.03930071098840834,0.0127603600185085,False
510002,-0.013223011473425538,0.015999471091638878,-0.04418228470510594,0.018408266702901892,False
510003,-0.015013912316954493,0.019245821479500772,-0.05251540850755977,0.023003413178643878,False
510004,-0.01603793845857766,0.018200510126379067,-0.052238922150026006,0.020195306692293673,False
510005,-0.008725330593758452,0.01829235198162298,-0.04403110081752211,0.027590583296614592,False
510006,-0.015179883807774196,0.019105201605391912,-0.05175841789801267,0.022177593464280995,False
510007,-0.025455597563251966,0.0163055998407275,-0.05794614017138531,0.005959305755865649,False
510008,-0.005504250231574831,0.016110380789961302,-0.03667491024455766,0.026320586722886976,False
510009,-0.013514071350217339,0.01804964146839679,-0.0493371646657729,0.021534535902385375,False
510010,-0.009585412206924111,0.018427964005305216,-0.0445499042676031,0.026808287253652526,False
510011,-0.02024541870206823,0.01822233000960278,-0.05713419046858293,0.01503572381052575,False
510012,-0.01269158169310018,0.019283860715942857,-0.05043216266757914,0.025964125007387238,False
510013,-0.011429515947934411,0.017989811505255814,-0.046259623021849744,0.02384636412581721,False
510014,-0.0162424145254929,0.018633655589854595,-0.05237846639152821,0.02058878214084349,False
510015,-0.006312551005875097,0.01711704102534651,-0.04018114349461543,0.02641021003939413,False
510016,-0.012222403673198885,0.017087203827663412,-0.04599873804160091,0.020972329551705585,False
510017,-0.026655247640000428,0.01842444903094815,-0.0629139892426882,0.008927046454389633,False
510018,-0.01639574143545982,0.019978512923189154,-0.05610515534796317,0.023099070091902367,False
520001,-0.031184386845470063,0.012476100711899134,-0.05581874567623951,-0.006578193419557953,True
520002,-0.038590519449774256,0.014478747058361,-0.06750919981307645,-0.010504735144105307,True
520003,-0.018014235037121924,0.01830617781087037,-0.054842707557534565,0.018302999243983813,False
520004,-0.03411027897531402,0.01847508718117031,-0.07111113812549312,0.0011268064511066869,False
520005,-0.038000324989135234,0.018319410021822916,-0.0742343183515438,-0.0023450382388584463,True
520006,-0.025339045142113305,0.019799036587909907,-0.06437209643022643,0.013806541471099911,False
520007,-0.03116074968150127,0.01718817938306861,-0.0644340804031721,0.0023083627709541946,False
520008,-0.02068288034533227,0.01776378049282539,-0.05494108767612791,0.014152327026500827,False
520009,-0.03536213566700831,0.01944735076634949,-0.07370993954012227,0.002388591422713611,False
520010,-0.02266295598236186,0.015912796005284634,-0.05393762981077721,0.009020114584047537,False
520011,-0.026902801246524864,0.016582870522203114,-0.0590156366724145,0.006259200877164452,False
520012,-0.037471656665584364,0.019079473505918043,-0.07522748120730098,0.00022234755958705705,False
520013,-0.030180832629945843,0.019299474282007095,-0.06897132557416458,0.007176748622158902,False
520014,-0.024918186501629035,0.018830151175841307,-0.060855737164164085,0.01208855340184684,False
520015,-0.0455796048851707,0.01805670775485843,-0.08082588995611986,-0.010764607139844002,True
520016,-0.02464978142847783,0.017875809401385813,-0.06039013524658231,0.010426107851606832,False
520017,-0.037649933928685535,0.01836431629460081,-0.07406001937977705,-0.00224830066013363,True
520018,-0.018656529490237026,0.016491573729893357,-0.05081841729645068,0.01380038396245792,False
520019,-0.0022545538343088697,0.014509710512504192,-0.030265005724720302,0.026338130997617525,False
520020,-0.026297685975226904,0.015546460228093403,-0.05658006096657517,0.004693888097435238,False
520021,-0.02346692218111923,0.018122129697190015,-0.058849295131040716,0.012528009566585653,False
520022,-0.03551105993963396,0.0196034811518508,-0.07440157232173003,0.0027152932432212688,False
530001,-0.05617831558238763,0.013438712949385312,-0.08365175292644453,-0.030311551216391862,True
