rgi_id,b_mean,b_sd,b_lo95,b_hi95,classified_95,prob_direction,mde,bh_fdr05
110001,-0.0771240254723041,0.0155778374821316,-0.1083902578607486,-0.046623532114691,True,1.0,0.030532561464978,True
110002,-0.0222520827435753,0.0171986192780932,-0.0566555003032275,0.0107895423788815,False,0.902875,0.0337092937850628,False
110003,-0.023064546644652,0.0189001333219378,-0.0597211169986799,0.013886771736326,False,0.88825,0.0370442613109982,False
110004,-0.0445879710873054,0.0165788817186259,-0.0769930646727525,-0.0121583771621786,True,0.996375,0.0324946081685069,False
110005,-0.0169034218911305,0.016994062223782,-0.0496954676683174,0.0171093144408552,False,0.842375,0.0333083619586129,False
110006,-0.0191965248108315,0.0178467045017294,-0.0545400550149801,0.0149990605883128,False,0.85925,0.0349795408233897,False
120001,-0.0151710988865895,0.0150175167846628,-0.0446295888220867,0.0141524945017625,False,0.841875,0.0294343328979392,False
120002,-0.0253585894993034,0.0186961834842565,-0.0625952240946223,0.0114206354212303,False,0.912875,0.0366445196291428,False
120003,-0.0133900332319318,0.0189013555792831,-0.0511205672210235,0.0243283533413769,False,0.766125,0.037046656935395,False
120004,-0.0124228430662359,0.0173197141698991,-0.04660270529069,0.0209992701213065,False,0.762625,0.0339466397730022,False
120005,-0.0219405989120574,0.0173125469440886,-0.0552027572595876,0.011298240242746,False,0.898375,0.0339325920104137,False
130001,-0.0358897100505333,0.0120576126221395,-0.0596342527648995,-0.0126697333693807,True,0.998625,0.0236329207393935,False
130002,-0.0189122194556953,0.0170525963323101,-0.0529182261572491,0.01440817376306,False,0.865125,0.0334230888113278,False
130003,-0.0127814323798906,0.0168528517983854,-0.0448656738783126,0.0200498707788319,False,0.776625,0.0330315895248355,False
130004,-0.029814072188153,0.0173621469469654,-0.064687368747488,0.0042042226031552,False,0.95875,0.0340298080160522,False
130005,-0.0256615072549635,0.0149056363180064,-0.0553616175296806,0.0034903973168396,False,0.9585,0.0292150471832926,False
130006,-0.0241996254150881,0.0150651599200869,-0.0539562091019195,0.005739765996464,False,0.94225,0.0295277134433704,False
130007,-0.0156059025396477,0.0167980710463404,-0.0482592958902497,0.0170825041872129,False,0.82625,0.0329242192508272,False
130008,-0.0290272112281362,0.0168043997240133,-0.0620414695070803,0.0039042662836116,False,0.959375,0.0329366234590662,False
130009,-0.0109422228463891,0.0177284220555635,-0.0458982441781132,0.0239762185712711,False,0.727875,0.0347477072289045,False
130010,-0.0212101247010481,0.0147534126303671,-0.0498106833917943,0.0077579554190134,False,0.924625,0.0289166887555196,False
130011,-0.0159815007175746,0.0167322843601499,-0.0485569530027472,0.0169838643748194,False,0.833,0.0327952773458939,False
140001,-0.0041569851884382,0.0140862904412738,-0.0319033999407462,0.0236918805425948,False,0.619625,0.0276091292648966,False
140002,0.0062220737599867,0.018044584907714,-0.0281061048603087,0.0418085619435609,False,0.631125,0.0353673864191194,False
140003,-0.0228195147904492,0.0199332413443101,-0.0620192805407442,0.0163000122003893,False,0.87725,0.0390691530348478,False
140004,-0.0249285600648462,0.0202804724667483,-0.0639251039406515,0.015208518112832,False,0.891,0.0397497260348266,False
150001,-0.0238054376186663,0.0118935570756553,-0.0475148314679528,-0.0012569903137148,True,0.9805,0.0233113718682844,False
150002,-0.0329896997893434,0.015387821210092,-0.0626411629767408,-0.0026027034439854,True,0.98375,0.0301601295717804,False
150003,-0.0053121873894387,0.0143934688084425,-0.0335792585659444,0.023251881619709,False,0.645,0.0282111988645474,False
150004,-0.0184349791587603,0.0141316777478539,-0.0464373996193788,0.0087222489187315,False,0.90225,0.0276980883857936,False
150005,-0.0227210857572606,0.0146462436000439,-0.0521510867438619,0.0057427640687936,False,0.936625,0.0287066374560861,False
150006,-0.0292102153816374,0.0166918560221087,-0.0616538393900584,0.0037007385284332,False,0.96025,0.032716037803333,False
150007,-0.0328772244233005,0.0156534637888685,-0.0636739733041516,-0.0021508242057795,True,0.9815,0.0306807890261823,False
150008,-0.0103562313627197,0.0176539589183169,-0.0440818809125378,0.0239575831774332,False,0.718375,0.0346017594799012,False
150009,-0.0339820558446542,0.0145767075047564,-0.0625506129766593,-0.0056565709984764,True,0.990125,0.0285703467093225,False
150010,-0.0291072589836848,0.0144180364560711,-0.0574687115189972,-0.0004186948711749,True,0.977375,0.0282593514538995,False
150011,-0.0200513395296517,0.0151914129971268,-0.04941178742512,0.0087027838617363,False,0.90825,0.0297751694743685,False
150012,-0.0123415694633421,0.015676171956304,-0.0426831511886288,0.0185501393490781,False,0.781625,0.0307252970343559,False
150013,-0.0208082454165322,0.0167834254509734,-0.0547518447974733,0.0132799689692424,False,0.89825,0.0328955138839079,False
150014,-0.01178709447479,0.0180647162592846,-0.0467108657017149,0.0239795928816663,False,0.750875,0.0354068438681979,False
150015,-0.0068320037717422,0.0135919244160328,-0.033670811739942,0.0198369834528231,False,0.69025,0.0266401718554244,False
150016,0.0144764504070671,0.0150259003764308,-0.014826847790114,0.0441978250667704,False,0.83175,0.0294507647378044,False
150017,-0.0282273295761764,0.0153081868473623,-0.0579287757089182,0.0012383317092849,False,0.96875,0.0300040462208301,False
150018,-0.0277690275515841,0.0151033140052622,-0.0572458117041606,0.0012029549431828,False,0.968625,0.029602495450314,False
150019,-0.01045225953051,0.0176713109215447,-0.044783998705104,0.0251317470116734,False,0.72475,0.0346357694062277,False
150020,-0.0129492436745973,0.0138436811457892,-0.0400325460609022,0.0146185985145662,False,0.829,0.0271336150457469,False
150021,-0.0315920005503479,0.0169974681272998,-0.0654163487830689,0.0012894723812101,False,0.969125,0.0333150375295077,False
160001,-0.047086524997889,0.0141388922227584,-0.074332025313589,-0.0189836110620801,True,0.9995,0.0277122287566064,True
160002,-0.031070396887348,0.0189735110319706,-0.0681545408998545,0.0057667612732669,False,0.949625,0.0371880816226624,False
160003,-0.0048215152184415,0.0190627494012778,-0.0413513718561064,0.0341262540320709,False,0.6045,0.0373629888265046,False
160004,-0.0184812996816545,0.0195908816529824,-0.0571405796343554,0.0203688912925091,False,0.828375,0.0383981280398455,False
170001,-0.018793255644201,0.0189840007226157,-0.0557363784590786,0.0189062909357155,False,0.838,0.0372086414163267,False
170002,-0.008706146570968,0.0195609085935059,-0.0466518204851959,0.0294952958553069,False,0.670875,0.0383393808432716,False
170003,-0.0076571207042454,0.019576324886157,-0.0455566354070008,0.0305376059668032,False,0.650125,0.0383695967768678,False
170004,-0.0102811021657526,0.0204895655329182,-0.0496468271462907,0.0298122908108372,False,0.693875,0.0401595484445198,False
170005,-0.0032307379915375,0.0166570949333795,-0.0355420071162359,0.0288416060395917,False,0.576875,0.0326479060694238,False
170006,0.005205925330908,0.0202714986160981,-0.0337655550831342,0.0453149302481889,False,0.596125,0.0397321372875522,False
170007,0.007976046379887,0.0204866255583589,-0.0312184408252411,0.0481485335217549,False,0.6525,0.0401537860943835,False
170008,-0.0035982096496286,0.021095009462211,-0.0438203239063333,0.0386576939523999,False,0.5745,0.0413462185459337,False
170009,-0.005709617757377,0.0194808869995401,-0.0436130752277643,0.0336005039354426,False,0.623,0.0381825385190987,False
170010,0.0031581130391058,0.0190195596098594,-0.0340837690545273,0.0407830394464809,False,0.56475,0.0372783368353245,False
170011,-0.0025548794130494,0.0207940032616602,-0.0428528176058689,0.0385430080186576,False,0.550125,0.0407562463928541,False
210001,-0.0301664223181963,0.012750064927722,-0.0554995296832301,-0.0053466759774942,True,0.992625,0.0249901272583351,False
210002,-0.0236235267631995,0.0151556040885053,-0.0531685265376283,0.0063933149612871,False,0.94075,0.0297049840134705,False
210003,-0.035068595911359,0.0159189772342104,-0.0657818022421476,-0.0036454613345425,True,0.987125,0.0312011953790524,False
210004,-0.0435381618647887,0.0166723580751114,-0.0769532676421796,-0.0113017932926642,True,0.996,0.0326778218272184,False
210005,-0.0376298734834186,0.0156912137872319,-0.0688684234411511,-0.0079619656638788,True,0.99325,0.0307547790229745,False
210006,-0.0183832886961526,0.0171097427718827,-0.0506753184453317,0.0160123443931057,False,0.860625,0.0335350958328901,False
210007,-0.0202878493519081,0.0171503434364959,-0.0539874734489018,0.0134978207517574,False,0.881,0.0336146731355321,False
210008,-0.0366643226411434,0.0177246609237368,-0.0713006073136947,-0.0008328702835959,True,0.977875,0.0347403354105243,False
210009,-0.0257376611329703,0.0145872173407255,-0.0544695124822226,0.004090454675441,False,0.959875,0.028590945987822,False
210010,-0.0415962351710211,0.0147580949488197,-0.0706918653711568,-0.0130049125850184,True,0.99775,0.0289258660996866,False
210011,-0.0228061384470353,0.0164226516840837,-0.0547427977688469,0.0104017653947108,False,0.914125,0.0321883973008041,False
210012,-0.013596486907764,0.0170733940099678,-0.0469629027091632,0.0199434017575665,False,0.7885,0.0334638522595369,False
210013,-0.0365407199841654,0.0153987471937172,-0.0673618165422621,-0.0065320547887858,True,0.991875,0.0301815444996858,False
210014,-0.0396546368093348,0.0165509202713818,-0.0723731757926854,-0.0071157383752931,True,0.992,0.0324398037319084,False
210015,-0.0268942552576869,0.0160427288039095,-0.0578510237610616,0.0050456369691122,False,0.954375,0.0314437484556628,False
210016,-0.0147055400819715,0.0162220948351254,-0.0471694279167698,0.0166441184881083,False,0.820875,0.0317953058768458,False
210017,-0.0058549865332109,0.0173643791854967,-0.0393325228296759,0.0290882079112795,False,0.632625,0.0340341832035735,False
210018,-0.0134548949433299,0.0182103198437387,-0.0489925220534291,0.0229981653693379,False,0.7735,0.0356922268937278,False
210019,-0.0273895498954588,0.013952051280472,-0.0545050851134991,0.0004625844467315,False,0.972375,0.0273460205097251,False
210020,-0.0307317778219963,0.0148347634531732,-0.0597144435461714,-0.0010519987664302,True,0.97975,0.0290761363682196,False
210021,-0.0441881732918998,0.0152180639464787,-0.0747703685823013,-0.0148993065471452,True,0.998625,0.0298274053350984,False
210022,-0.0401486263055768,0.0152577809687228,-0.0704458088492805,-0.0101227500833649,True,0.995625,0.0299052506986968,False
220001,-0.0527022774807738,0.0146331914457277,-0.0816075992771018,-0.0242483817232478,True,0.999625,0.0286810552336264,True
220002,-0.018605708680338,0.0184120445407544,-0.0541142033374769,0.0179219458849529,False,0.844375,0.0360876072998786,False
220003,-0.0211765305075242,0.0188018378042641,-0.0575061883393922,0.0157230676951831,False,0.872625,0.0368516020963577,False
220004,-0.0211898388343883,0.0192414641886407,-0.0584893049612869,0.0176278507135254,False,0.864125,0.0377132698097359,False
220005,-0.0388347925295045,0.0185223874010894,-0.0748905854150448,-0.0020617809886239,True,0.981375,0.0363038793061354,False
220006,-0.0299308935776185,0.0159849924043746,-0.0611794773071808,0.0013390142601442,False,0.9695,0.0313305851125744,False
220007,-0.0235401603021889,0.0180192966831561,-0.0583015279235764,0.0120294550607403,False,0.90325,0.035317821498986,False
220008,-0.0272610443256698,0.0179273113721951,-0.0618482156307774,0.008334801458011,False,0.936375,0.0351375302895024,False
220009,-0.03924236076278,0.016712270780954,-0.071858561222436,-0.0060126904125509,True,0.990125,0.0327560507306699,False
220010,-0.0279688994244566,0.0185404167996759,-0.0638776485475822,0.0087783283628998,False,0.934125,0.0363392169273648,False
220011,-0.0302749122242789,0.0196269420143749,-0.0688342383764794,0.0084019403887276,False,0.9365,0.0384688063481749,False
220012,-0.030470639380307,0.0201173496380282,-0.0706083306688208,0.0093592665009931,False,0.9355,0.0394300052905352,False
220013,-0.0303948020552037,0.0183264547805405,-0.0669798914266696,0.0047502814580002,False,0.9515,0.0359198513698595,False
220014,-0.0170696279797011,0.0201556285667022,-0.056031386523196,0.0235974857956651,False,0.80275,0.0395050319907364,False
220015,-0.0245339660581693,0.0182545702289856,-0.059529577642662,0.0113820357133787,False,0.91025,0.0357789576488118,False
220016,-0.0300559771047172,0.0191516991870487,-0.0674572508013676,0.0076013360052343,False,0.9385,0.0375373304066156,False
220017,-0.0202793156410091,0.0183945569186153,-0.0559890956839158,0.0157428867699361,False,0.861625,0.0360533315604861,False
220018,-0.0360087071914246,0.0193350430833581,-0.0746407868164121,0.0015281314899215,False,0.970125,0.037896684443382,False
220019,-0.0345878251534278,0.019797110043055,-0.073590912169637,0.0031887094718834,False,0.962,0.0388023356843879,False
230001,-0.0266863070323067,0.0120170494963607,-0.0503710412009919,-0.0027569934092076,True,0.987125,0.023553417012867,False
230002,-0.0291423728628723,0.0158912084081148,-0.0608325819268357,0.0019553822684456,False,0.966375,0.031146768479905,False
230003,-0.0225632971242328,0.0174214846975283,-0.0564135612792636,0.0125542882409885,False,0.90325,0.0341461100071556,False
230004,-0.0399730070708379,0.0179300052073264,-0.0759961918617154,-0.0055104836625892,True,0.989,0.0351428102063598,False
230005,-0.0397243762747854,0.0182559378539444,-0.075882110526659,-0.0045868126769801,True,0.986125,0.035781638193731,False
230006,-0.0360867146639885,0.0157587415649935,-0.0665784662941667,-0.0049707984251536,True,0.988125,0.0308871334673874,False
230007,-0.0228172495430444,0.0165591029988624,-0.0545604968001927,0.0101413179953001,False,0.9165,0.0324558418777704,False
230008,-0.0245852540570717,0.0189686435835357,-0.0614747739304084,0.0131823270356411,False,0.901625,0.03717854142373,False
230009,-0.0202537885668641,0.0166936579480261,-0.0524396723819131,0.012269496980185,False,0.883125,0.0327195695781311,False
230010,-0.0386077086548297,0.0187225057664537,-0.0759524965972529,-0.0015966905280753,True,0.98,0.0366961113022494,False
230011,-0.0517869805318023,0.0139239410384751,-0.0797535674371081,-0.0251632974377292,True,0.999625,0.0272909244354112,True
230012,-0.0519961633693426,0.017214523041814,-0.0864147913884924,-0.0192715565135124,True,0.998625,0.0337404651619556,False
230013,-0.0473353360648606,0.0162782609925634,-0.0795109803993545,-0.0156117524613229,True,0.999375,0.0319053915454244,False
230014,-0.0289451626374668,0.0190812199253575,-0.0657324677671879,0.0093323957401633,False,0.933,0.0373991910537008,False
230015,-0.0481196788129834,0.0152780404707098,-0.0784853376354474,-0.0175581974594475,True,0.9995,0.0299449593225913,False
230016,-0.0445846540494976,0.0156094813279639,-0.075184220114465,-0.0140830194521658,True,0.997375,0.0305945834028093,False
230017,-0.0330934078125623,0.0169041480670821,-0.0660877536943971,0.0004986775459434,False,0.973,0.033132130211481,False
230018,-0.0349464552832212,0.0177731483866355,-0.0707652668471856,0.0001557288887313,False,0.974875,0.0348353708378055,False
240001,-0.0527158298402778,0.0136648075020892,-0.0795604918240479,-0.026093566566085,True,1.0,0.026783022704095,True
240002,-0.0225133067103504,0.0185702316333699,-0.0585736698985347,0.0144232364764889,False,0.890125,0.0363976540014051,False
240003,-0.0128695947008504,0.0187218457343279,-0.049049046861175,0.0251014176746589,False,0.754375,0.0366948176392828,False
240004,-0.0294668841007105,0.0190885091886745,-0.0682429479729158,0.0072281640982838,False,0.9395,0.0374134780098021,False
240005,-0.0134795550046591,0.0193263482642339,-0.0507965912237403,0.0239368131627554,False,0.758875,0.0378796425978985,False
240006,-0.0249825229170768,0.0198915536258562,-0.0637542564945137,0.0146414768121743,False,0.895875,0.0389874451066782,False
240007,-0.0238862020583289,0.0186594356494274,-0.0607989942643103,0.0125421777599884,False,0.902,0.0365724938728777,False
240008,-0.0110864472571661,0.0187884193444698,-0.047444728666515,0.0255436645549044,False,0.72175,0.0368253019151609,False
240009,-0.0122316222083802,0.0155524923423866,-0.043065569330871,0.0184573520660803,False,0.783375,0.0304828849910779,False
240010,-0.0076987634080605,0.0174709637362388,-0.0419112973841045,0.0270496517987936,False,0.671625,0.0342430889230281,False
240011,-0.0027098114852329,0.0175322181603455,-0.0366890882914103,0.0327151478312481,False,0.564625,0.0343631475942773,False
250001,-0.0151193528459472,0.0130734517077989,-0.0410147854764931,0.0100732331504766,False,0.873125,0.025623965347286,False
250002,-0.0159247059278348,0.0161508306081318,-0.0474462844899935,0.0148892431885142,False,0.83675,0.0316556279919385,False
250003,-0.0105826743406177,0.0179711894554493,-0.0454723916792553,0.0244389557559346,False,0.721625,0.0352235313326807,False
250004,-0.0096226366236977,0.0192716263028942,-0.0465611281096712,0.0279711276023308,False,0.69,0.0377723875536727,False
250005,-0.0264093034799992,0.0133898796611176,-0.0527374473618233,-0.0004200676648483,True,0.976875,0.0262441641357905,False
250006,-0.0131570121620209,0.0192056668678045,-0.0510294051263828,0.0246594279610225,False,0.755125,0.0376431070608969,False
250007,-0.0317666157900433,0.0197222961753915,-0.07081440533357,0.0066446875140931,False,0.94625,0.0386557005037675,False
250008,-0.0311233848160958,0.0198934700966967,-0.0713194754801157,0.0067803135671926,False,0.94425,0.0389912013895256,False
250009,-0.0210124214625606,0.0162959733222619,-0.0526515880153636,0.010877865214608,False,0.904125,0.0319401077116334,False
250010,-0.0136065460361867,0.0180351479435742,-0.04911790596229,0.0218300426819206,False,0.775625,0.0353488899694054,False
250011,-0.0140339413884391,0.0185972641729357,-0.0500989640889684,0.0226159891167515,False,0.778,0.036450637778954,False
250012,-0.0040087214945383,0.020003938166804,-0.0426823121751622,0.0353254052143084,False,0.582875,0.039207718806936,False
250013,-0.0181323460778377,0.0199357802730265,-0.0565697172799916,0.0216139965323139,False,0.82225,0.039074129335132,False
250014,-0.0217547431935944,0.0178195504935115,-0.0565231855548558,0.0132461531033387,False,0.88875,0.0349263189672826,False
250015,0.0006787792652208,0.0174871557929933,-0.0336297315304722,0.035891922657926,False,0.515625,0.0342748253542669,False
260001,-0.0163439531620769,0.0122633114154003,-0.0405152985262504,0.007757509827531,False,0.90775,0.0240360903741847,False
260002,-0.0158656708088821,0.0167981213366491,-0.0492830339925321,0.0167823988744118,False,0.833,0.0329243178198324,False
260003,-0.0192455903930985,0.0172189158509024,-0.0527826524727644,0.0144780244430452,False,0.86625,0.0337490750677688,False
260004,-0.0092279517119189,0.018305006567554,-0.0452990502741733,0.0270376677795073,False,0.6925,0.0358778128724058,False
260005,-0.0275635890093241,0.0186451270474897,-0.0641507175124774,0.0083561552447657,False,0.931,0.0365444490130798,False
260006,-0.0281891635222253,0.018518667845417,-0.0642006779956458,0.0081379010656768,False,0.934875,0.0362965889770173,False
260007,-0.0231964489299494,0.0184361731406539,-0.0582568340100595,0.0134931860118811,False,0.897625,0.0361348993556818,False
260008,-0.0126221890935398,0.0188547869987695,-0.0494265927727919,0.0244377098932501,False,0.74775,0.0369553825175882,False
260009,-0.0219417510019973,0.0138584653314804,-0.0490696069392653,0.0056350986260551,False,0.942375,0.0271625920497017,False
260010,-0.0196484280593464,0.0147366075503871,-0.0483495266516182,0.0095758709128328,False,0.907375,0.0288837507987588,False
260011,-0.0289111107730706,0.015418514003887,-0.0598394951848592,0.0010270291117986,False,0.971,0.0302202874476185,False
260012,-0.01758495717967,0.0168473067733081,-0.0506391603044994,0.0152119549841363,False,0.853125,0.033020721275684,False
260013,-0.0115771177927856,0.016103260867294,-0.0426724652044159,0.0201206695933706,False,0.76625,0.0315623912998963,False
260014,-0.0062511836717469,0.0178199356589363,-0.0411074649983789,0.0290873777086708,False,0.63925,0.0349270738915153,False
260015,-0.0524172387545883,0.0151780784408323,-0.0827782199047853,-0.0223146239523475,True,0.999875,0.0297490337440314,True
260016,-0.0284641269539391,0.0143064633023116,-0.0566411504635959,-0.0002419752626948,True,0.97575,0.0280406680725307,False
260017,-0.03537551777593,0.0162103335912232,-0.0671938268905725,-0.0036587920897919,True,0.9855,0.0317722538387975,False
260018,-0.0270697178298759,0.0183460859310741,-0.0635537205649095,0.0087099365006291,False,0.9295,0.0359583284249052,False
270001,-0.0326809410641637,0.0126124793462652,-0.0578280727789028,-0.0083616071013638,True,0.99625,0.0247204595186798,False
270002,-0.0116197742929468,0.016447152466003,-0.0438781817909996,0.020172974444731,False,0.757125,0.032236418833366,False
270003,-0.014373981334814,0.0161627546728272,-0.0466943121714832,0.01738750272872,False,0.812875,0.0316789991587414,False
270004,-0.0279751712950644,0.0173938052937055,-0.062586086185885,0.0057153519325336,False,0.94925,0.0340918583756628,False
270005,-0.0161937294766107,0.0172058339721201,-0.0498548248872912,0.0172450453110168,False,0.827125,0.0337234345853554,False
270006,-0.0351522025416635,0.0186529905643894,-0.0719441650467876,0.0012454202888228,False,0.970375,0.0365598615062033,False
270007,-0.0160428724155404,0.0135281600155383,-0.0423445255441948,0.0104792425996551,False,0.879375,0.0265151936304551,False
270008,-0.0080391727788577,0.0164747313026908,-0.0406481081022932,0.0243073598534648,False,0.684125,0.032290473353274,False
270009,-0.0203369537052796,0.0168661291540095,-0.0537911489513355,0.0124706900753201,False,0.888375,0.0330576131418587,False
270010,-0.0093729894315248,0.0169085012010644,-0.0422324070617304,0.023410842222638,False,0.71425,0.0331406623540864,False
270011,-0.0085974373049193,0.0165179017764849,-0.0408427908397577,0.0238981538060867,False,0.6995,0.0323750874819104,False
280001,-0.0296815113706425,0.0130739330285658,-0.0553591755085784,-0.0040813936913802,True,0.987625,0.025624908735989,False
280002,-0.0259219398477353,0.0168987320164994,-0.059336685075413,0.0068743159899067,False,0.93825,0.0331215147523389,False
280003,-0.0215904553701367,0.0172252326631072,-0.0548614034183946,0.0125531795307369,False,0.893625,0.0337614560196901,False
280004,-0.0318683636397068,0.016911002933404,-0.0646850521901173,0.0019249664273851,False,0.96675,0.033145565749472,False
280005,-0.025876254072917,0.0168917465107955,-0.0589827354219492,0.0077289219324392,False,0.937875,0.0331078231611593,False
280006,-0.0165905689186625,0.0171566308411429,-0.050744218680207,0.0168103361725451,False,0.8345,0.0336269964486402,False
290001,-0.020462185694359,0.0118208074343941,-0.0433530429948404,0.0027098208049096,False,0.958125,0.0231687825714126,False
290002,-0.0379332599648595,0.0142886974709881,-0.0659123736951471,-0.0095598185272719,True,0.994875,0.0280058470431366,False
290003,-0.0164867620455645,0.0162303649269364,-0.0484234927055683,0.0153798623597875,False,0.845375,0.0318115152567954,False
290004,-0.0136597654956527,0.0158716172312912,-0.0449688213967048,0.0172585965374418,False,0.806875,0.0311083697733308,False
290005,-0.0095215181618215,0.0151356520499588,-0.0389296271802693,0.0211800592597699,False,0.739875,0.0296658780179194,False
290006,-0.0208067390728297,0.0173206525038681,-0.0543830137640111,0.0130652026131323,False,0.88325,0.0339484789075814,False
290007,-0.0016437279357846,0.0130239542473601,-0.0265630669695228,0.0238883121075263,False,0.54625,0.0255269503248257,False
290008,-0.0220709458983182,0.0154500044106955,-0.0524863203152962,0.0081545468465101,False,0.92325,0.0302820086449632,False
290009,-0.01556011301707,0.0143801566294244,-0.0437725832887832,0.0126742130412586,False,0.860125,0.0281851069936719,False
290010,-0.0052081290840683,0.0169165171361813,-0.0372336201468321,0.0279709209907566,False,0.6255,0.0331563735869154,False
290011,-0.063230093900615,0.0142053227674286,-0.0913378533840196,-0.0357971278106187,True,1.0,0.0278424326241601,True
290012,-0.0419573492866114,0.0149720188274557,-0.0720032759007161,-0.0136261356593364,True,0.998,0.0293451569018132,False
290013,-0.0355288078943375,0.0166810556335367,-0.0682810086923502,-0.0024451885545997,True,0.98325,0.0326948690417319,False
290014,-0.0115829666449619,0.0161926414988001,-0.0440715929331663,0.0203303688715377,False,0.767375,0.0317375773376482,False
290015,-0.0280317598073106,0.0172621576453923,-0.0629294853297614,0.0054380892486836,False,0.951,0.033833828984969,False
290016,-0.0280251905693942,0.0153958615365484,-0.0581305895228518,0.0014651043227509,False,0.9685,0.0301758886116349,False
290017,-0.0338249351482391,0.0161937579384719,-0.0658039694239458,-0.0022596117263497,True,0.982875,0.031739765559405,False
290018,-0.0337444235615847,0.0143905763102763,-0.0619669894269147,-0.0056451573202115,True,0.991125,0.0282055295681415,False
290019,-0.0284544803320548,0.0177170112440033,-0.0632323342635928,0.0063137215821232,False,0.947625,0.0347253420382465,False
290020,-0.0298732787257153,0.0142268284529623,-0.0576656502433754,-0.0017349184872916,True,0.982125,0.0278845837678061,False
290021,-0.0259714419994161,0.0153336259407951,-0.0558749417130324,0.0037399356697599,False,0.95475,0.0300539068439585,False
290022,-0.0133037965994735,0.0135307082687685,-0.0398004730246902,0.0129191034050478,False,0.842875,0.0265201882067864,False
290023,-0.0148937634929543,0.0151995680454538,-0.0448166790056454,0.0149825335779569,False,0.835875,0.0297911533690895,False
290024,-0.0290974459575984,0.0165999459083688,-0.0618146586120299,0.0036757320819808,False,0.959,0.032535893980403,False
290025,-0.0303557003881606,0.0161947483349513,-0.06195143445969,0.001640090415953,False,0.968125,0.0317417067365047,False
290026,-0.0246512028527553,0.0165672237168168,-0.0567684628919955,0.0080220564535651,False,0.930375,0.032471758484961,False
290027,-0.0227028092837796,0.0176744714500192,-0.0572740871804245,0.0115565384172917,False,0.901375,0.0346419640420376,False
290028,-0.0239991493926433,0.0188408620121538,-0.0614240743232175,0.0122754037838023,False,0.89775,0.0369280895438214,False
290029,-0.0347355875259418,0.0131754341641985,-0.0608942980730963,-0.0087522033486653,True,0.99675,0.0258238509618291,False
290030,-0.0045944408258144,0.0159372163714796,-0.0353864361544359,0.027634708335188,False,0.61725,0.0312369440881,False
290031,-0.0144754426103591,0.016628527776392,-0.0466298267588545,0.0178563410530022,False,0.80775,0.0325919144417284,False
290032,-0.0348878677295537,0.0173115269820887,-0.0689156603202958,-0.0017418476532842,True,0.98025,0.033930592884894,False
290033,-0.0101180259740476,0.0169842799513155,-0.0435294227404418,0.0238733514913555,False,0.725375,0.0332891887045784,False
290034,-0.0258999563254317,0.0168612537607984,-0.0590929476103839,0.0070974590904416,False,0.937,0.0330480573711649,False
310001,-0.0055904427250595,0.0120257753927696,-0.0294022544769802,0.0179098053128094,False,0.68175,0.0235705197698285,False
310002,-0.0312076088131539,0.0160329926015875,-0.06265045896421,0.0001906413544398,False,0.97425,0.0314246654991115,False
310003,-0.0103089555741358,0.0175191211895892,-0.0449342166371306,0.0234232186368383,False,0.729875,0.0343374775315949,False
310004,-0.0293417070757385,0.0181074337901413,-0.0646906005402021,0.0055180264839573,False,0.94875,0.035490570228677,False
310005,-0.0379857373074552,0.0187178524241538,-0.0754443176525823,-0.002345867047975,True,0.98225,0.0366869907513415,False
310006,-0.0277575632301265,0.0146566621275841,-0.0573064068565754,0.0009487461499286,False,0.97025,0.0287270577700648,False
310007,-0.0125056469883916,0.0175392410661945,-0.0462843589167185,0.0223002636846489,False,0.76075,0.0343769124897412,False
310008,-0.0319233980786664,0.0172827501013779,-0.0665463875819406,0.0016775694909538,False,0.96775,0.0338741901987007,False
310009,-0.0267275662800837,0.0177251666425475,-0.0618764941421465,0.0075596649692578,False,0.938625,0.0347413266193932,False
310010,-0.0188423593150705,0.0182626674796961,-0.05413860894102,0.0168646495137591,False,0.849625,0.0357948282602044,False
310011,-0.0537913183975828,0.0189795474656781,-0.0922087597569406,-0.0182506878334984,True,0.998375,0.0371999130327292,False
310012,-0.0204442345336301,0.0185714769294358,-0.0568446465271737,0.016092126192916,False,0.86525,0.0364000947816942,False
310013,-0.0184923360376689,0.0151336522153129,-0.0478855032279379,0.0111283844476538,False,0.88525,0.0296619583420133,False
310014,-0.0230757351797441,0.0177422295024446,-0.0570809274207898,0.0114768160783929,False,0.899875,0.0347747698247914,False
310015,-0.0289178560946448,0.0177019216365153,-0.0632723313438798,0.0059203765289211,False,0.951125,0.03469576640757,False
310016,-0.0178888021935059,0.0182519447599304,-0.0532973605295607,0.0178319624798147,False,0.839875,0.0357738117294637,False
310017,-0.033501049362063,0.0185400222193617,-0.0705747658769802,0.0023057446052849,False,0.966375,0.0363384435499489,False
310018,-0.0256002604822431,0.0188654965435872,-0.0618335132697531,0.0110972577988073,False,0.914375,0.036976373225431,False
310019,-0.0332516353206811,0.0188585085746104,-0.071149435195138,0.0032150876074654,False,0.963875,0.0369626768062364,False
310020,-0.0492530913932795,0.0165889640887096,-0.0818686037882844,-0.0173491977712856,True,0.999,0.0325143696138708,False
310021,-0.0221431726364194,0.0177172306379513,-0.0563310835824827,0.0120223354399929,False,0.893125,0.0347257720503846,False
310022,-0.0160315995751878,0.0191465976191642,-0.0529902543877664,0.0218056648589444,False,0.802875,0.0375273313335618,False
310023,-0.0311777272033744,0.0193679337546104,-0.0705242760303698,0.006337626807507,False,0.946375,0.0379611501590365,False
310024,-0.0412064432036294,0.016102080663048,-0.072710732050123,-0.0099125048524849,True,0.996,0.0315600780995741,False
310025,-0.0265532113283867,0.0169435663332278,-0.0605324086588435,0.006497674333009,False,0.94175,0.0332093900131265,False
310026,-0.0210162558618188,0.0180318568001828,-0.0565977651335687,0.014161759608207,False,0.880875,0.0353424393283584,False
310027,-0.0197736310409991,0.0143943443185016,-0.0481459220929385,0.0083431978577269,False,0.912375,0.0282129148642632,False
310028,-0.0280890742731743,0.0157262818150839,-0.0587095376380368,0.0026793840613969,False,0.96475,0.0308235123575645,False
310029,-0.0123314824208178,0.0163443859347665,-0.0444796496058809,0.020331932864075,False,0.7775,0.0320349964321424,False
310030,-0.0166556176626337,0.0177934242656365,-0.0518973570142964,0.019446813951542,False,0.831,0.0348751115606476,False
310031,-0.0137125835575943,0.0178137642627709,-0.0488544907080677,0.021527957942366,False,0.7795,0.0349149779550309,False
310032,-0.020163420923959,0.0178592403639515,-0.0552219093697645,0.0149471334085367,False,0.867875,0.0350041111133449,False
310033,-0.0191821752601324,0.0183591609991065,-0.0549040436871951,0.0169442072566191,False,0.8525,0.0359839555582487,False
310034,-0.020282751042846,0.0186624827404508,-0.056630266227312,0.0160403356222732,False,0.862875,0.0365784661712836,False
310035,-0.0293883610288788,0.0193658159106266,-0.0675244769002615,0.0080534702967301,False,0.9315,0.0379569991848282,False
310036,-0.0254152732450781,0.0192489108812883,-0.0634567451813255,0.0126110903911354,False,0.9065,0.0377278653273251,False
310037,-0.0232482433814668,0.0172866628453639,-0.0572982508402345,0.010013585313625,False,0.912125,0.0338818591769133,False
310038,-0.0312400505520035,0.0160159749640595,-0.0631158671131415,0.0004162793603069,False,0.973625,0.0313913109295568,False
310039,-0.0412831701525268,0.0179900735692595,-0.0769726508463619,-0.006186040020891,True,0.98925,0.0352605441957487,False
310040,-0.0202316490435164,0.0172172709537738,-0.0539748559427194,0.0135256749223773,False,0.87975,0.0337458510693966,False
310041,-0.0349454348882436,0.0168448173346687,-0.0688399468518544,-0.0021901639627744,True,0.981875,0.0330158419759507,False
310042,-0.0256762117751685,0.0171647395530074,-0.0601909355258255,0.0081544648213231,False,0.93,0.0336428895238946,False
310043,-0.0309056575912833,0.0168203775704481,-0.0637711180044024,0.0025823480462802,False,0.96425,0.0329679400380783,False
310044,-0.0233886541024283,0.018123442424348,-0.0596765986817494,0.0110634032541044,False,0.905,0.0355219471517221,False
310045,-0.0203264654745367,0.0179526825753165,-0.0555942089124762,0.0148317440921635,False,0.869875,0.0351872578476204,False
310046,-0.0203761179255544,0.0177479332207144,-0.0536417207496069,0.0143243633215324,False,0.8735,0.0347859491126002,False
310047,-0.0242968096674045,0.0179805757660834,-0.0599555790932241,0.0105813399484897,False,0.911125,0.0352419285015235,False
310048,-0.0330441545576791,0.0190706767022965,-0.0709313160628031,0.00412643338752,False,0.959625,0.0373785263365013,False
310049,-0.0239386955582164,0.0193568748005831,-0.0619220093496028,0.0142398916892483,False,0.89525,0.037939474609143,False
310050,-0.027584601548958,0.0150194554259121,-0.0566264163397059,0.0024090048944865,False,0.966625,0.0294381326347877,False
310051,-0.0165978677590402,0.0173738647062399,-0.0504221006632334,0.0184019386490557,False,0.83175,0.0340527748242303,False
310052,-0.0092717879484095,0.01749473769258,-0.0430454010740026,0.0250881477623071,False,0.698625,0.0342896858774568,False
310053,-0.0178092431904129,0.0174168621014287,-0.052188299146125,0.0162183795763803,False,0.850125,0.0341370497188003,False
310054,-0.0294055237805431,0.0191655921275394,-0.0672570708948052,0.0073321878136767,False,0.940375,0.0375645605699772,False
310055,-0.0069843075567163,0.015339130256643,-0.0362148355933519,0.0226453841308608,False,0.67225,0.0300646953030203,False
310056,-0.0338835524592387,0.0173599850013341,-0.0678667190158475,-0.0001527399983237,True,0.9755,0.034025570602615,False
310057,-0.0091474403679547,0.0188763151470825,-0.046110335325974,0.0278709511885193,False,0.6885,0.0369975776882818,False
310058,-0.0338777663984773,0.0189797604219498,-0.0713950870201782,0.003211736200311,False,0.962875,0.0372003304270216,False
310059,-0.0348075039069905,0.015633441502157,-0.0662120507306471,-0.0046328002746158,True,0.9875,0.0306415453442277,False
310060,-0.0064862406216915,0.0182987732598932,-0.0424573507150213,0.029799038261449,False,0.63975,0.0358655955893908,False
310061,-0.0139038621766821,0.019092150467774,-0.0515521976403365,0.0246506979989054,False,0.776625,0.0374206149168371,False
310062,-0.0176113332344139,0.0149807180193104,-0.04673540133833,0.0111989145541608,False,0.881125,0.0293622073178485,False
310063,-0.0221253649916224,0.0178826360915628,-0.0575943002172839,0.0128578114455037,False,0.891375,0.0350499667394631,False
310064,-0.010173606019451,0.0183181119599493,-0.0451358286033503,0.0263398221532233,False,0.71425,0.0359034994415007,False
310065,-0.0169350914186252,0.0146839922542748,-0.0449644645030292,0.0122043959771326,False,0.87775,0.0287806248183787,False
310066,-0.0118410129513159,0.0177939870697572,-0.0463852267283675,0.0241680553983233,False,0.751875,0.0348762146567242,False
310067,-0.0340386548575071,0.0183964040776572,-0.0703400192231249,0.0013760179520633,False,0.969625,0.0360569519922082,False
310068,-0.0242081568370576,0.0183823350953351,-0.0598839297523485,0.0122475703738892,False,0.907375,0.0360293767868568,False
310069,-0.0321003888959334,0.0189943767343298,-0.0694894458953192,0.0056554937401955,False,0.953125,0.0372289783992864,False
310070,-0.0164626178537103,0.0197372813948599,-0.05522153223653,0.0219464351202969,False,0.798625,0.0386850715339255,False
320001,0.0033651131603176,0.0135814764059793,-0.0230015187676933,0.0299605270207859,False,0.596125,0.0266196937557195,False
320002,-0.0024107715065086,0.0182921770203356,-0.0377910732075695,0.033175973180832,False,0.5565,0.0358526669598579,False
320003,-0.0124740887172912,0.0166614057875684,-0.0456363489970709,0.0204894355299066,False,0.777375,0.0326563553436342,False
320004,-0.0023291096152375,0.0163122726546559,-0.0340895918395282,0.0300169631578077,False,0.56275,0.0319720544031256,False
320005,-0.0393276105113975,0.0166616062654598,-0.0730925885936946,-0.0070934568869497,True,0.9915,0.0326567482803012,False
320006,-0.0152286166845425,0.0181950067488109,-0.0509568468993061,0.0205197205406129,False,0.796,0.0356622132276695,False
320007,-0.0044755234564991,0.0165820251969419,-0.0368421746728912,0.0277182335838435,False,0.60625,0.0325007693860062,False
320008,-0.0268619223336475,0.0184579247193406,-0.0629537830480237,0.0100212365928415,False,0.925875,0.0361775324499075,False
330001,-0.0064607916902594,0.0116019231569475,-0.0290921449920241,0.0165504215742158,False,0.706875,0.0227397693876171,False
330002,-0.0143945111070568,0.0185359034886813,-0.051144258669109,0.0216292157363562,False,0.779125,0.0363303708378155,False
330003,-0.016300114524443,0.0187026287835368,-0.0527083377078998,0.0202645360004777,False,0.81,0.0366571524157322,False
330004,-0.0046414003386156,0.0156093040948394,-0.0349116335564675,0.0260799666221583,False,0.61925,0.0305942360258853,False
330005,0.0021826769168864,0.0166418598980848,-0.0296966628480464,0.0356042063861465,False,0.551,0.0326180454002462,False
330006,-0.0240599056587188,0.0177199385009212,-0.0581792686835834,0.0107981065984003,False,0.916625,0.0347310794618055,False
330007,-0.0034644030763378,0.0163239061656567,-0.0354217098909417,0.0289463790110038,False,0.58675,0.0319948560846872,False
330008,-0.014934116661855,0.0168631063964569,-0.0480808123767992,0.017919937019737,False,0.813125,0.0330516885370556,False
330009,-0.0137660689581247,0.0178649534604951,-0.0492748099880111,0.021917169686201,False,0.78525,0.0350153087825705,False
330010,-0.0033809030177632,0.0134550408806565,-0.0292233171107208,0.0229587564368562,False,0.600375,0.0263718801260867,False
330011,-0.0170120426277103,0.0179546614555541,-0.0522156959767238,0.0180609904289484,False,0.833125,0.035191136452886,False
330012,-0.014313849655803,0.0192863471930839,-0.0521707182933779,0.0240125609070368,False,0.773625,0.0378012404984444,False
330013,-0.0119291708214455,0.0149339277069099,-0.0421028946262933,0.0176959117631825,False,0.7915,0.0292704983055435,False
330014,-0.0166894242384076,0.0152974987091375,-0.0468986513497457,0.0127663734858694,False,0.86225,0.0299830974699095,False
350001,-0.0043690576785585,0.0113536717798276,-0.0267729884005175,0.017633266442597,False,0.65025,0.0222531966884622,False
350002,-0.0782085665981757,0.0136029768861964,-0.104937551376634,-0.0524361875002949,True,1.0,0.026661834696945,True
350003,-0.0237258443832102,0.0126600184460043,-0.0481787936011996,0.0013494682894474,False,0.968,0.0248136361541685,False
350004,-0.0477790035129256,0.0158865183556107,-0.0796520661365025,-0.0173901632645721,True,0.998125,0.0311375759769969,False
350005,-0.0198823065848345,0.0164361580958089,-0.0523405834633962,0.0121479743386926,False,0.889875,0.0322148698677855,False
350006,-0.0233711717164086,0.0171712579968189,-0.0568166740735166,0.0098174908874322,False,0.915125,0.0336556656737652,False
350007,-0.0252739255018038,0.0169874634979535,-0.0587628623244202,0.0078350084872204,False,0.93275,0.0332954284559888,False
350008,-0.0302207338231811,0.0171927325161866,-0.0648516374612081,0.0034526269832447,False,0.962625,0.0336977557317257,False
350009,-0.0660551145944019,0.0162363506213916,-0.0986294544128262,-0.0344152495315378,True,1.0,0.0318232472179276,True
350010,-0.0256820149325646,0.0162313535422062,-0.0574723961171258,0.0055501542007383,False,0.942125,0.0318134529427242,False
350011,-0.0148666134582931,0.0177487478626306,-0.0488868049940154,0.0196061566568811,False,0.7955,0.0347875458107561,False
350012,-0.0093803307720378,0.0180849609798085,-0.0439427855269141,0.0266295998954217,False,0.701125,0.0354465235204248,False
350013,-0.0219119085091015,0.0167581733722904,-0.0552883934108961,0.0110860634088886,False,0.909625,0.0328460198096893,False
350014,-0.0035049298578776,0.0174870636461757,-0.0374049020567864,0.0313609459687346,False,0.5825,0.0342746447465044,False
350015,-0.0099265954076015,0.0178318752309543,-0.0444401663001785,0.0251245937575299,False,0.715375,0.0349504754526705,False
350016,-0.0286165044617868,0.018882225470268,-0.0658063561310019,0.0078936320113098,False,0.934875,0.0370091619217254,False
350017,-0.0175096210011669,0.0197632237457918,-0.0558693664279173,0.0211292000397102,False,0.811625,0.0387359185417519,False
350018,-0.0217787724358993,0.0155910951891322,-0.05133329205733,0.0095276776884736,False,0.917125,0.0305585465706992,False
350019,-0.0188110356787132,0.0188120093383677,-0.0562801701954485,0.0181824734660709,False,0.84775,0.0368715383032008,False
350020,-0.0219777911607232,0.0186643814494036,-0.0588914736809373,0.0151464657469921,False,0.883125,0.036582187640831,False
350021,-0.0296642665378097,0.0190712686974503,-0.0663209063743637,0.0077384832273689,False,0.942,0.0373796866470026,False
350022,0.0086387333308958,0.0171187141903293,-0.0240716109553987,0.0431926551634962,False,0.686125,0.0335526798130456,False
350023,-0.005896491182643,0.0167424139453586,-0.038842427401342,0.0274009648075888,False,0.64025,0.0328151313329029,False
350024,-0.0137512256766934,0.0179087390769268,-0.0486537887736906,0.021762750475497,False,0.779625,0.0351011285907765,False
350025,-0.0393124585215934,0.0153167994746175,-0.0701222306454936,-0.0099786494836145,True,0.99575,0.0300209269702503,False
350026,-0.0229645272837639,0.0173705439182803,-0.0576143099697919,0.0108016594529416,False,0.90575,0.0340462660798295,False
350027,-0.0194822227483383,0.0187234688618765,-0.0560008374005796,0.0172915073983693,False,0.855875,0.0366979989692779,False
350028,-0.0346714020513718,0.0190707065007694,-0.0725316018625637,0.0017619384126098,False,0.968375,0.037378584741508,False
350029,-0.0094991995536025,0.0190753081535703,-0.0464245648185309,0.0280465011577632,False,0.693,0.0373876039809979,False
350030,-0.0204318797348659,0.0197961717077864,-0.0593561960595306,0.0185156570851296,False,0.852375,0.0388004965472613,False
350031,-0.0118642728639108,0.0139828080990121,-0.0391572667811018,0.0153767880897271,False,0.80225,0.0274063038740639,False
350032,-0.0093624581078369,0.0160243651889911,-0.0406298152148175,0.0227212426664865,False,0.720875,0.0314077557704226,False
350033,-0.0290152950178967,0.0154614100336115,-0.0590436347423203,0.0018477544668281,False,0.968125,0.0303043636658786,False
350034,-0.0282095800721205,0.0181131323261096,-0.0640198652597,0.0068448378228301,False,0.94175,0.0355017393591748,False
350035,-0.0143475134650076,0.0189898715436834,-0.0516963681877088,0.0225635556177238,False,0.781,0.0372201482256195,False
350036,-0.0120847756659981,0.0154065526918019,-0.0420197790132162,0.0183508970747675,False,0.78325,0.0301968432759318,False
350037,-0.0190923728217855,0.0163318101954216,-0.0510793383865694,0.0124457432395036,False,0.8785,0.0320103479830264,False
350038,-0.0103469046198424,0.0125570999736627,-0.0349264772965692,0.0145011501432648,False,0.80175,0.0246119159483789,False
350039,-0.0245737566138808,0.0138288380768027,-0.0517095979761709,0.0024420545434491,False,0.96025,0.0271045226305333,False
350040,-0.0280051771229328,0.0172006981818002,-0.0624825379609002,0.0055563663534473,False,0.952,0.0337133684363285,False
350041,-0.0301682618809526,0.0154891137910294,-0.0602744470402449,8.819771185161273e-05,False,0.9745,0.0303586630304177,False
350042,-0.0066010484297676,0.0168505000143911,-0.0384621783183399,0.0271640260600442,False,0.6565,0.0330269800282067,False
350043,-0.0209124326368713,0.0172616921389187,-0.0549837712244459,0.0134533600051246,False,0.888,0.0338329165922808,False
350044,-0.016244046360601,0.0168231507745512,-0.049235691124939,0.0167138127077557,False,0.839625,0.0329733755181203,False
350045,-0.0253673056659587,0.0172123782484608,-0.0592938081351514,0.0081186299577495,False,0.933875,0.0337362613669832,False
350046,-0.018373395806481,0.0173061166223796,-0.0516803192605117,0.015930972197614,False,0.85525,0.0339199885798641,False
350047,-0.0035411654344387,0.0179517079906707,-0.0381342459557938,0.032367181679119,False,0.589,0.0351853476617146,False
350048,-0.0130884764872817,0.0190927739910646,-0.050424456579369,0.0242259615296832,False,0.7575,0.0374218370224867,False
350049,-0.0259892187001916,0.01421224803083,-0.0546262466703057,0.0017399144001829,False,0.96575,0.0278560061404269,False
350050,-0.0182788571486088,0.0145441533130822,-0.0468987725310153,0.010784787532304,False,0.89425,0.0285065404936411,False
350051,-0.0023305982174338,0.0163344346516241,-0.0334315915241428,0.0306627633029094,False,0.564875,0.0320154919171833,False
350052,-0.026525063299456,0.0167977546921051,-0.059812373744716,0.0056165224855937,False,0.943,0.032923599196526,False
350053,-0.017137623767141,0.017647434302851,-0.0510242612632507,0.017713724145757,False,0.829625,0.034588971233588,False
410001,-0.0395186486058777,0.0130069966294422,-0.0651289193351551,-0.0147860662425697,True,0.99925,0.0254937133937067,False
410002,-0.0241300621938877,0.0171983414224486,-0.0573897601222274,0.010197800632272,False,0.9225,0.0337087491879993,False
410003,-0.0293712268514413,0.0185489452258142,-0.0653098258528559,0.0069716647498341,False,0.9445,0.0363559326425959,False
410004,-0.0407737438225176,0.0171415515920825,-0.0745096354248499,-0.0072148469374518,True,0.99225,0.0335974411204817,False
410005,-0.0282466827091841,0.0201703758184602,-0.0679758419174266,0.0113615118237532,False,0.918,0.0395339366041819,False
410006,-0.0229650808979402,0.0180981894224143,-0.0579006389347731,0.0124434251885553,False,0.891625,0.035472451267932,False
410007,-0.0228925262548557,0.0168755983274254,-0.0554867129397017,0.0097507738142817,False,0.913,0.0330761727217537,False
410008,-0.0322030826669735,0.0172800868245333,-0.06665047751788,0.0012608125607006,False,0.970875,0.0338689701760852,False
410009,-0.0519828570049154,0.018042457750925,-0.0873937825166594,-0.0176507194491778,True,0.998625,0.035363217191813,False
410010,-0.0321965415506602,0.0171808371767836,-0.0663230971508071,0.0008384533130957,False,0.97175,0.0336744408664959,False
410011,-0.0436084524849094,0.0194420278576608,-0.082528739527859,-0.006085589472571,True,0.9895,0.0381063746010151,False
410012,-0.038744272103201,0.0199531319448098,-0.0786400487338755,-8.064578721227403e-05,True,0.975125,0.0391081386118272,False
410013,-0.0290305466608736,0.0197078709652561,-0.0681316373635883,0.0091512733728909,False,0.92825,0.0386274270919021,False
410014,-0.0177353019250875,0.0174614453888741,-0.0512598113955612,0.0172185762694878,False,0.848,0.0342244329621933,False
410015,-0.0275074416633803,0.016525043393749,-0.0598520749787958,0.0051102771105354,False,0.9515,0.0323890850517481,False
410016,-0.0379908230432239,0.0180777570952545,-0.0732148559024629,-0.0025617136865716,True,0.981875,0.0354324039066989,False
410017,-0.0376149096113821,0.0184338245598144,-0.0744815062348575,-0.0013476903745428,True,0.978625,0.0361302961372363,False
410018,-0.0344000593024711,0.0192947403248435,-0.0729134241553137,0.0034633403652882,False,0.961625,0.0378176910366932,False
410019,-0.025670722799172,0.0203556184656171,-0.0659259143479456,0.0138813205858506,False,0.893625,0.0398970121926095,False
410020,-0.0322876613489279,0.0202713106768757,-0.0723868367010464,0.0078817696820674,False,0.94325,0.0397317689266765,False
410021,-0.0294610865658985,0.0160592037024545,-0.0611306078175685,0.002248476525011,False,0.965875,0.0314760392568108,False
410022,-0.0373615815147511,0.0173207193987215,-0.0705817778953368,-0.0032740865862265,True,0.984,0.0339486100214942,False
410023,-0.0369573222527773,0.0185334060883404,-0.073406829123437,-0.0009819198714063,True,0.978,0.0363254759331472,False
410024,-0.0104169417011055,0.0194422897151953,-0.0477263032802373,0.028508257668873,False,0.703875,0.0381068878417828,False
410025,-0.026870131381477,0.0187988780534069,-0.0639479307626135,0.0095744247995783,False,0.92425,0.0368458009846776,False
410026,-0.020561346126874,0.0204195233421972,-0.0600927436707872,0.0202659124741198,False,0.845875,0.0400222657507066,False
410027,-0.0425232319835286,0.0156301269397052,-0.0738611004189164,-0.012822324153222,True,0.997375,0.0306350488018222,False
410028,-0.0318895228639566,0.0183617870214906,-0.0679864505323063,0.0034827252901211,False,0.9605,0.0359891025621216,False
410029,-0.0294654363463382,0.0196731115947668,-0.0681919416306853,0.0091966399314805,False,0.93,0.038559298725743,False
420001,-0.0207366684326607,0.0140115222225278,-0.0478054208829345,0.0068178079054347,False,0.931625,0.0274625835561544,False
420002,-0.0186173955410076,0.0161463359567584,-0.0504275462118954,0.0134858877323844,False,0.875625,0.0316468184752465,False
420003,0.0007146759457319,0.0172391827466285,-0.032906906876211,0.0347511771076433,False,0.511375,0.0337887981833919,False
420004,-0.0232355945684332,0.0178459773996973,-0.0580160446726681,0.0113168192539573,False,0.8985,0.0349781157034067,False
420005,-0.0290308455521974,0.0158540841286529,-0.0607290651555953,0.0015102575227121,False,0.968625,0.0310740048921597,False
420006,-0.0370097174575906,0.0197007460049072,-0.0764429158199765,0.0009131324857788,False,0.972125,0.0386134621696182,False
420007,-0.0290451653187709,0.0172091476884522,-0.0628463242547866,0.0041483432341538,False,0.954375,0.0337299294693663,False
420008,-0.007165351476327,0.0181391127381151,-0.0427288920606943,0.0288095589824214,False,0.654375,0.0355526609667056,False
420009,-0.0342889347561244,0.0179679466034386,-0.069941887511466,0.0004666030893073,False,0.974125,0.0352171753427397,False
420010,-0.0083258980969632,0.0188562556127489,-0.0456110711048138,0.0282145173636652,False,0.671625,0.036958261000988,False
420011,-0.0139231903710884,0.018265330495985,-0.049968441034519,0.0223878255220642,False,0.77975,0.0358000477721306,False
420012,-0.0192949718661032,0.0198676195753175,-0.0585365887308099,0.0202147501998335,False,0.8365,0.0389405343676223,False
420013,-0.0105923403043023,0.0199807509495149,-0.0495292416373319,0.029105315047378,False,0.706,0.0391622718610492,False
420014,-0.0090028381350742,0.0189392194559694,-0.0457416283702284,0.0285261233114791,False,0.687,0.0371208701337001,False
420015,-0.0195472750302289,0.0187261847473578,-0.0566766103072158,0.016902586110229,False,0.85725,0.0367033221048213,False
420016,-0.0392006836176405,0.0151093820966789,-0.0689739321719826,-0.0102259041701898,True,0.995875,0.0296143889094906,False
420017,-0.022879005896771,0.017891642303753,-0.0578352514522573,0.0121158412779687,False,0.90375,0.0350676189153559,False
420018,-0.0232007947622058,0.018834543538097,-0.0602932839364369,0.0144852621067336,False,0.897125,0.0369157053346702,False
420019,-0.0220243578646149,0.0148129033106752,-0.0512606158688829,0.0069380495446992,False,0.932625,0.0290332904889234,False
420020,-0.0145350384858594,0.0145096653965216,-0.0422047416231303,0.0139895643702121,False,0.839875,0.0284389441771824,False
420021,-0.0431160750188179,0.0179722911706726,-0.0782509537870816,-0.0081128236082122,True,0.99175,0.0352256906945183,False
420022,-0.0182205228225832,0.0180149434022189,-0.0534289529481011,0.0175663442761751,False,0.844125,0.0353092890683491,False
420023,-0.0200884726031645,0.0194196414698195,-0.0575671887931754,0.0184562902301136,False,0.851875,0.0380624972808463,False
420024,-0.0084826441637723,0.0200438195135588,-0.0464419381976922,0.031641158610042,False,0.6665,0.0392858862465753,False
430001,-0.021028944148023,0.0133385678991464,-0.0472894749908476,0.0049062128686185,False,0.941875,0.026143593082327,False
430002,-0.0240248081644795,0.0142681486478361,-0.0519341318310317,0.0038608811258096,False,0.955625,0.0279655713497588,False
430003,-0.0052109562369055,0.0170567155490866,-0.0382878084028563,0.0288483730065186,False,0.62125,0.0334311624762097,False
430004,-0.0246236924519276,0.0180484913071826,-0.0600088519091725,0.0107706160867205,False,0.91425,0.035375042962078,False
430005,-0.022783188138038,0.0190534672549524,-0.0605664120782861,0.0141978456140872,False,0.881,0.0373447958197068,False
430006,-0.0158300575907641,0.0194503153680332,-0.0542825598874483,0.0218406295792904,False,0.789875,0.0381226181213451,False
430007,-0.0285837100676508,0.0198051523243696,-0.0670510064878682,0.0093587590584809,False,0.928125,0.0388180985557645,False
430008,-0.0213707083417038,0.0197350956719305,-0.0599307499799729,0.0175644553875449,False,0.85925,0.0386807875169839,False
430009,-0.0286992830614327,0.0146389816305415,-0.0575975338510985,-8.723766958265572e-05,True,0.975625,0.0286924039958614,False
430010,-0.0271378791888654,0.018010170907707,-0.063058135645233,0.0080321171016652,False,0.936625,0.0352999349791057,False
430011,-0.0273421044639465,0.0174093029598546,-0.0611400554718886,0.0070063298180272,False,0.940875,0.034122233801315,False
430012,-0.0281277750982957,0.0186893676666398,-0.0652226279875458,0.0087706133965946,False,0.930625,0.0366311606266142,False
430013,-0.0270566046958594,0.0194197952815722,-0.0646017248304155,0.0121348478194351,False,0.9205,0.0380627987518816,False
430014,-0.0317466206337184,0.0200235129831564,-0.0714683104758945,0.0069042793675659,False,0.9445,0.0392460854469866,False
430015,-0.0236248114327702,0.0174833171648101,-0.0568275649274993,0.0113496121603704,False,0.910375,0.0342673016430279,False
430016,-0.0100903133194389,0.0177862400399612,-0.0441589142897311,0.0246456017606381,False,0.7165,0.0348610304783239,False
430017,-0.042255319724161,0.0189679239558013,-0.0796697573930644,-0.0058161769580864,True,0.9875,0.0371771309533706,False
430018,-0.0237625464965674,0.018095503398186,-0.0584116116858843,0.0127198165844191,False,0.907125,0.0354671866604447,False
430019,-0.042131320432235,0.0196559888595831,-0.0814005654834841,-0.0038224107938599,True,0.9845,0.0385257381647829,False
430020,-0.0206839997822422,0.0188447848171827,-0.0568090365307501,0.0160849881838528,False,0.858625,0.0369357782416782,False
430021,-0.0205178802508337,0.018770345644463,-0.0568515109370945,0.0165366872477552,False,0.863,0.0367898774631475,False
430022,-0.0219082027468404,0.0195190002446346,-0.06047565700709,0.0168200465639928,False,0.8675,0.0382572404794839,False
430023,-0.026581789819148,0.019746194491808,-0.0654158560449802,0.0117724139523994,False,0.9095,0.0387025412039437,False
430024,-0.0253746995774558,0.0202306381277402,-0.0642752724021878,0.0147956211476726,False,0.89275,0.0396520507303708,False
430025,-0.0217214481493134,0.0184571230072731,-0.0573015976517062,0.0152943500159866,False,0.878625,0.0361759610942553,False
430026,-0.0231518161248132,0.0176665108162781,-0.0581128487562612,0.0116474023919944,False,0.9055,0.0346263611999051,False
430027,-0.0243443371415982,0.0183348694044826,-0.060256675536437,0.0122697782006381,False,0.9105,0.035936344032786,False
430028,-0.0331581189125234,0.0190590598340928,-0.0705191912441494,0.0044534197300215,False,0.95825,0.0373557572748219,False
430029,-0.0209229849482841,0.0192653350252111,-0.0586402562582279,0.0172572199269541,False,0.86625,0.0377600566494137,False
430030,-0.0337333443195458,0.0198852848065086,-0.0739619191311623,0.004848273567321,False,0.956375,0.0389751582207569,False
430031,-0.0245190571406398,0.0202560921243537,-0.0646844560703695,0.0149011707476503,False,0.89175,0.0397019405637333,False
430032,-0.029835627915642,0.0198908327789787,-0.069580549292757,0.008797129796077,False,0.93525,0.0389860322467983,False
430033,-0.0284022020439846,0.0200638202399098,-0.0682858577150961,0.0099880350664109,False,0.92125,0.0393250876702232,False
430034,-0.0353775182770483,0.0200502445961475,-0.0753069134494036,0.0036467277552203,False,0.96125,0.0392984794084492,False
430035,-0.0159828665479518,0.0197286434549012,-0.0544131512993645,0.0229040530573599,False,0.7895,0.0386681411716063,False
430036,-0.0270977697924177,0.0166220037663744,-0.0597139157369275,0.0053255745946969,False,0.94825,0.0325791273820939,False
430037,-0.0249789112877372,0.0189185862687765,-0.0616885569681528,0.0121261222088839,False,0.90775,0.037080429086802,False
430038,-0.0287827388081364,0.0194866029062407,-0.0668570431553231,0.0091715727781448,False,0.9295,0.0381937416962319,False
430039,-0.0085566323653059,0.0192243107332103,-0.0463779153682408,0.0299048525747878,False,0.672,0.0376796490370921,False
430040,-0.0193913063242559,0.0170690251198946,-0.0524698997911501,0.0141953190983318,False,0.87325,0.0334552892349935,False
430041,-0.0497691059155469,0.0178542221974549,-0.0856278707827253,-0.0158451191105493,True,0.998625,0.0349942755070116,False
430042,-0.0279290910299229,0.0197604961164682,-0.0669386927150099,0.0108564464974428,False,0.92425,0.0387305723882776,False
430043,-0.0194818798471541,0.0200713465817479,-0.0593174343270814,0.0203929133609993,False,0.834875,0.0393398393002258,False
500001,-0.0219377972481855,0.0142431053281276,-0.0499026819781535,0.0063985639828276,False,0.938375,0.0279164864431301,False
500002,-0.0214308963587575,0.017492254905181,-0.0557218580445787,0.0130205913512462,False,0.89125,0.0342848196141549,False
500003,-0.0222599885453559,0.0183827579661848,-0.0583910206258413,0.0131085701182461,False,0.885625,0.0360302056137222,False
500004,-0.023042058358309,0.0188173873556538,-0.0600240091079511,0.0141360155856934,False,0.89125,0.0368820792170815,False
500005,-0.0185855904193247,0.0156342255934746,-0.049123492384628,0.0127154194811493,False,0.88075,0.0306430821632102,False
500006,-0.0098949563983306,0.0184803894913482,-0.0457886326781078,0.0264185614112699,False,0.712,0.0362215634030425,False
500007,-0.0164407963403783,0.0191972471973668,-0.0547645799518595,0.0209975337812585,False,0.8045,0.037626604506839,False
500008,-0.0200794632789698,0.0182267562857834,-0.0553532677890505,0.0153220649835396,False,0.864375,0.0357244423201356,False
500009,-0.0143401675983497,0.0177907556915627,-0.0489608772141267,0.0208877434602888,False,0.792125,0.034869881155463,False
500010,-0.0265198693349913,0.0175068610131152,-0.0613248460742663,0.0081127947621797,False,0.9345,0.0343134475857059,False
500011,-0.0312737832232246,0.0184351265978376,-0.0668436426525541,0.0043098452100061,False,0.955375,0.0361328481317618,False
500012,-0.0392013209767534,0.0185842292575411,-0.0754950354862842,-0.0034253099228397,True,0.984,0.0364250893447806,False
510001,-0.013499107184579,0.0134461662250679,-0.0399670814698375,0.0129009175677104,False,0.843125,0.0263544858011331,False
510002,-0.0131661778429107,0.0164128816636044,-0.0457184542117211,0.0185927882031742,False,0.792125,0.0321692480606647,False
510003,-0.0152520715671446,0.0195571824170853,-0.0536474365396839,0.0241280599462621,False,0.782625,0.0383320775374872,False
510004,-0.0157876067056725,0.0185333677797279,-0.0525458754899206,0.0203966621806927,False,0.798875,0.0363254008482668,False
510005,-0.008438647143168,0.0182360083848633,-0.0445468783717256,0.0270081196632469,False,0.684125,0.0357425764343321,False
510006,-0.0151683144728206,0.0188946211209748,-0.0523613469531137,0.0225856294186211,False,0.7955,0.0370334573971107,False
510007,-0.0254783377262118,0.016116675513944,-0.0571796962290174,0.0055390573907734,False,0.94625,0.0315886840073302,False
510008,-0.0052683152847249,0.016274052398044,-0.0368831317068996,0.0276491496131693,False,0.634875,0.0318971427001663,False
510009,-0.0128629045188531,0.0182534095549529,-0.0482889958462692,0.0232856093850219,False,0.761,0.0357766827277078,False
510010,-0.009099760256941,0.0185160244132553,-0.0454933901914748,0.0277296787386119,False,0.6905,0.0362914078499804,False
510011,-0.0203330267247457,0.0184064808879276,-0.0570857173816742,0.0153378823565924,False,0.867875,0.0360767025403381,False
510012,-0.012695720020671,0.0192637540088221,-0.0506270654968989,0.0246896912793645,False,0.745875,0.0377569578572913,False
510013,-0.0112003238733626,0.018052176626723,-0.0466169340857426,0.0247523260009202,False,0.73825,0.0353822661883771,False
510014,-0.0160858088743307,0.0184283070038571,-0.0520217038222675,0.0197980448393707,False,0.80675,0.0361194817275601,False
510015,-0.0060086346431288,0.0170989842963713,-0.0395272290691415,0.0280723476420113,False,0.643375,0.0335140092208878,False
510016,-0.011785618381337,0.0171402584115562,-0.0451729455507369,0.0225402021224922,False,0.760375,0.0335949064866502,False
510017,-0.0263917975770167,0.0183320039052759,-0.0629261500898388,0.0102316103640689,False,0.924375,0.0359307276543408,False
510018,-0.0157649352937816,0.0201247497252939,-0.0549641437611324,0.0235467773072808,False,0.778,0.0394445094615761,False
520001,-0.0312308582873512,0.0125886879164886,-0.0559274624069396,-0.0068324210515804,True,0.993875,0.0246738283163177,False
520002,-0.0385118510745819,0.014477112396945,-0.0674450160287731,-0.0102274355610083,True,0.9965,0.0283751402980122,False
520003,-0.018272263288875,0.0179431038949287,-0.0528040186681427,0.0172046297031692,False,0.845875,0.0351684836340603,False
520004,-0.0344497135088404,0.0180291267756556,-0.0702429826049544,0.0011750831824831,False,0.970625,0.035337088480285,False
520005,-0.0382231221393595,0.0185368871626523,-0.0751669847082593,-0.0026040364363117,True,0.9805,0.0363322988387986,False
520006,-0.025352221998859,0.0200928714162564,-0.0640887778959015,0.0142096708656916,False,0.899375,0.0393820279758626,False
520007,-0.0319147334894461,0.0174260968176592,-0.0663972205817394,0.002322828445183,False,0.9655,0.034155149762612,False
520008,-0.0214272351806871,0.0177253221756039,-0.0559405004652581,0.013927477961751,False,0.887875,0.0347416314641836,False
520009,-0.0356272924171063,0.0194105578069698,-0.0739915825798621,0.002396200162322,False,0.9675,0.0380446933016609,False
520010,-0.0231647924301964,0.0160791601430402,-0.0549153320117856,0.0084396875557423,False,0.92525,0.0315151538803589,False
520011,-0.02719399284382,0.0169267391290755,-0.0600397097637267,0.0059337666690143,False,0.946875,0.0331764086929881,False
520012,-0.03752989439752,0.0185043800840825,-0.0737402390425565,-0.0016247222729439,True,0.980125,0.0362685849648018,False
520013,-0.0305366725849816,0.020035068719101,-0.0712123563702683,0.0089941502202711,False,0.93725,0.0392687346894381,False
520014,-0.0251670098684847,0.0188344508666376,-0.0620576799864387,0.0120712227223679,False,0.913125,0.0369155236986097,False
520015,-0.0461597325997302,0.0181761017240031,-0.0827756993355915,-0.0113114988001757,True,0.995875,0.0356251593790461,False
520016,-0.0249639930442156,0.0181402928608365,-0.0601922963219769,0.0107205221058009,False,0.913625,0.0355549740072396,False
520017,-0.0378736431130635,0.0182939623614582,-0.0739995709807178,-0.0015224674249899,True,0.97975,0.0358561662284581,False
520018,-0.019242976426466,0.0168382139821915,-0.0518344201297551,0.0143956360997536,False,0.875125,0.0330028994050955,False
520019,-0.0028820471393209,0.014877559409131,-0.0318902772531731,0.0266655852205317,False,0.58025,0.0291600164418968,False
520020,-0.0266267976978058,0.015810588050636,-0.0578766049034414,0.0040360865622553,False,0.9555,0.0309887525792467,False
520021,-0.0238075135878873,0.0183390764539802,-0.0594277486413103,0.0126263341158369,False,0.901125,0.0359445898498011,False
520022,-0.035851990247784,0.0197381479311488,-0.0749189454541171,0.0027501315404092,False,0.96625,0.0386867699450516,False
530001,-0.0565656646693052,0.013454239416455,-0.0826358902669811,-0.030375299503568,True,0.999875,0.0263703092562518,True
