rgi_id,UF,births_2014_2024,avoidable_deaths_2014_2024,avoidable_deaths_per_unit_year,slope_per_year,posterior_sd,lo95,hi95,pct_change_per_decade,classified_95
110001,RO,107440,417,37.9,-0.07712,0.01558,-0.10839,-0.04662,-53.8,True
110002,RO,33711,161,14.6,-0.02225,0.0172,-0.05666,0.01079,-20.0,False
110003,RO,18098,87,7.9,-0.02306,0.0189,-0.05972,0.01389,-20.6,False
110004,RO,51221,209,19.0,-0.04459,0.01658,-0.07699,-0.01216,-36.0,True
110005,RO,49760,191,17.4,-0.0169,0.01699,-0.0497,0.01711,-15.6,False
110006,RO,26224,108,9.8,-0.0192,0.01785,-0.05454,0.015,-17.5,False
120001,AC,85845,405,36.8,-0.01517,0.01502,-0.04463,0.01415,-14.1,False
120002,AC,14912,67,6.1,-0.02536,0.0187,-0.0626,0.01142,-22.4,False
120003,AC,13176,82,7.5,-0.01339,0.0189,-0.05112,0.02433,-12.5,False
120004,AC,33278,153,13.9,-0.01242,0.01732,-0.0466,0.021,-11.7,False
120005,AC,24350,140,12.7,-0.02194,0.01731,-0.0552,0.0113,-19.7,False
130001,AM,469161,1946,176.9,-0.03589,0.01206,-0.05963,-0.01267,-30.2,True
130002,AM,23825,183,16.6,-0.01891,0.01705,-0.05292,0.01441,-17.2,False
130003,AM,30860,153,13.9,-0.01278,0.01685,-0.04487,0.02005,-12.0,False
130004,AM,29752,129,11.7,-0.02981,0.01736,-0.06469,0.0042,-25.8,False
130005,AM,55931,361,32.8,-0.02566,0.01491,-0.05536,0.00349,-22.6,False
130006,AM,59060,359,32.6,-0.0242,0.01507,-0.05396,0.00574,-21.5,False
130007,AM,23278,183,16.6,-0.01561,0.0168,-0.04826,0.01708,-14.4,False
130008,AM,27243,158,14.4,-0.02903,0.0168,-0.06204,0.0039,-25.2,False
130009,AM,28299,137,12.5,-0.01094,0.01773,-0.0459,0.02398,-10.4,False
130010,AM,53003,378,34.4,-0.02121,0.01475,-0.04981,0.00776,-19.1,False
130011,AM,34000,185,16.8,-0.01598,0.01673,-0.04856,0.01698,-14.8,False
140001,RR,102501,533,48.5,-0.00416,0.01409,-0.0319,0.02369,-4.1,False
140002,RR,20523,135,12.3,0.00622,0.01804,-0.02811,0.04181,6.4,False
140003,RR,10458,56,5.1,-0.02282,0.01993,-0.06202,0.0163,-20.4,False
140004,RR,6019,33,3.0,-0.02493,0.02028,-0.06393,0.01521,-22.1,False
150001,PA,398893,2052,186.5,-0.02381,0.01189,-0.04751,-0.00126,-21.2,True
150002,PA,43888,326,29.6,-0.03299,0.01539,-0.06264,-0.0026,-28.1,True
150003,PA,70070,405,36.8,-0.00531,0.01439,-0.03358,0.02325,-5.2,False
150004,PA,85935,480,43.6,-0.01843,0.01413,-0.04644,0.00872,-16.8,False
150005,PA,56222,345,31.4,-0.02272,0.01465,-0.05215,0.00574,-20.3,False
150006,PA,31497,159,14.5,-0.02921,0.01669,-0.06165,0.0037,-25.3,False
150007,PA,50551,243,22.1,-0.03288,0.01565,-0.06367,-0.00215,-28.0,True
150008,PA,21157,109,9.9,-0.01036,0.01765,-0.04408,0.02396,-9.8,False
150009,PA,96199,479,43.5,-0.03398,0.01458,-0.06255,-0.00566,-28.8,True
150010,PA,76966,412,37.5,-0.02911,0.01442,-0.05747,-0.00042,-25.3,True
150011,PA,60981,286,26.0,-0.02005,0.01519,-0.04941,0.0087,-18.2,False
150012,PA,42475,258,23.5,-0.01234,0.01568,-0.04268,0.01855,-11.6,False
150013,PA,26237,163,14.8,-0.02081,0.01678,-0.05475,0.01328,-18.8,False
150014,PA,15978,91,8.3,-0.01179,0.01806,-0.04671,0.02398,-11.1,False
150015,PA,110473,828,75.3,-0.00683,0.01359,-0.03367,0.01984,-6.6,False
150016,PA,51490,406,36.9,0.01448,0.01503,-0.01483,0.0442,15.6,False
150017,PA,46132,346,31.5,-0.02823,0.01531,-0.05793,0.00124,-24.6,False
150018,PA,57700,276,25.1,-0.02777,0.0151,-0.05725,0.0012,-24.2,False
150019,PA,15954,106,9.6,-0.01045,0.01767,-0.04478,0.02513,-9.9,False
150020,PA,104653,595,54.1,-0.01295,0.01384,-0.04003,0.01462,-12.1,False
150021,PA,22950,137,12.5,-0.03159,0.017,-0.06542,0.00129,-27.1,False
160001,AP,126142,623,56.6,-0.04709,0.01414,-0.07433,-0.01898,-37.6,True
160002,AP,11088,80,7.3,-0.03107,0.01897,-0.06815,0.00577,-26.7,False
160003,AP,15410,87,7.9,-0.00482,0.01906,-0.04135,0.03413,-4.7,False
160004,AP,10010,48,4.4,-0.01848,0.01959,-0.05714,0.02037,-16.9,False
170001,TO,60611,97,8.8,-0.01879,0.01898,-0.05574,0.01891,-17.1,False
170002,TO,20662,61,5.5,-0.00871,0.01956,-0.04665,0.0295,-8.3,False
170003,TO,19880,64,5.8,-0.00766,0.01958,-0.04556,0.03054,-7.4,False
170004,TO,8402,43,3.9,-0.01028,0.02049,-0.04965,0.02981,-9.8,False
170005,TO,56980,221,20.1,-0.00323,0.01666,-0.03554,0.02884,-3.2,False
170006,TO,13929,48,4.4,0.00521,0.02027,-0.03377,0.04531,5.3,False
170007,TO,11013,53,4.8,0.00798,0.02049,-0.03122,0.04815,8.3,False
170008,TO,8287,28,2.5,-0.0036,0.0211,-0.04382,0.03866,-3.5,False
170009,TO,22628,75,6.8,-0.00571,0.01948,-0.04361,0.0336,-5.5,False
170010,TO,29270,82,7.5,0.00316,0.01902,-0.03408,0.04078,3.2,False
170011,TO,12185,45,4.1,-0.00255,0.02079,-0.04285,0.03854,-2.5,False
210001,MA,257703,1068,97.1,-0.03017,0.01275,-0.0555,-0.00535,-26.0,True
210002,MA,52811,322,29.3,-0.02362,0.01516,-0.05317,0.00639,-21.0,False
210003,MA,52650,263,23.9,-0.03507,0.01592,-0.06578,-0.00365,-29.6,True
210004,MA,40314,203,18.5,-0.04354,0.01667,-0.07695,-0.0113,-35.3,True
210005,MA,43609,272,24.7,-0.03763,0.01569,-0.06887,-0.00796,-31.4,True
210006,MA,22715,119,10.8,-0.01838,0.01711,-0.05068,0.01601,-16.8,False
210007,MA,30045,124,11.3,-0.02029,0.01715,-0.05399,0.0135,-18.4,False
210008,MA,19762,132,12.0,-0.03666,0.01772,-0.0713,-0.00083,-30.7,True
210009,MA,78771,410,37.3,-0.02574,0.01459,-0.05447,0.00409,-22.7,False
210010,MA,66776,367,33.4,-0.0416,0.01476,-0.07069,-0.013,-34.0,True
210011,MA,36850,187,17.0,-0.02281,0.01642,-0.05474,0.0104,-20.4,False
210012,MA,31541,150,13.6,-0.0136,0.01707,-0.04696,0.01994,-12.7,False
210013,MA,46037,258,23.5,-0.03654,0.0154,-0.06736,-0.00653,-30.6,True
210014,MA,45764,181,16.5,-0.03965,0.01655,-0.07237,-0.00712,-32.7,True
210015,MA,41175,229,20.8,-0.02689,0.01604,-0.05785,0.00505,-23.6,False
210016,MA,40394,195,17.7,-0.01471,0.01622,-0.04717,0.01664,-13.7,False
210017,MA,23247,121,11.0,-0.00585,0.01736,-0.03933,0.02909,-5.7,False
210018,MA,14502,90,8.2,-0.01345,0.01821,-0.04899,0.023,-12.6,False
210019,MA,101416,527,47.9,-0.02739,0.01395,-0.05451,0.00046,-24.0,False
210020,MA,56053,358,32.5,-0.03073,0.01483,-0.05971,-0.00105,-26.5,True
210021,MA,44528,271,24.6,-0.04419,0.01522,-0.07477,-0.0149,-35.7,True
210022,MA,43892,290,26.4,-0.04015,0.01526,-0.07045,-0.01012,-33.1,True
220001,PI,180057,463,42.1,-0.0527,0.01463,-0.08161,-0.02425,-41.0,True
220002,PI,23009,86,7.8,-0.01861,0.01841,-0.05411,0.01792,-17.0,False
220003,PI,18538,57,5.2,-0.02118,0.0188,-0.05751,0.01572,-19.1,False
220004,PI,10361,44,4.0,-0.02119,0.01924,-0.05849,0.01763,-19.1,False
220005,PI,14953,68,6.2,-0.03883,0.01852,-0.07489,-0.00206,-32.2,True
220006,PI,45963,235,21.4,-0.02993,0.01598,-0.06118,0.00134,-25.9,False
220007,PI,26494,93,8.5,-0.02354,0.01802,-0.0583,0.01203,-21.0,False
220008,PI,23264,99,9.0,-0.02726,0.01793,-0.06185,0.00833,-23.9,False
220009,PI,39422,194,17.6,-0.03924,0.01671,-0.07186,-0.00601,-32.5,True
220010,PI,12328,77,7.0,-0.02797,0.01854,-0.06388,0.00878,-24.4,False
220011,PI,9380,30,2.7,-0.03027,0.01963,-0.06883,0.0084,-26.1,False
220012,PI,5686,27,2.5,-0.03047,0.02012,-0.07061,0.00936,-26.3,False
220013,PI,17471,89,8.1,-0.03039,0.01833,-0.06698,0.00475,-26.2,False
220014,PI,7486,40,3.6,-0.01707,0.02016,-0.05603,0.0236,-15.7,False
220015,PI,20415,93,8.5,-0.02453,0.01825,-0.05953,0.01138,-21.8,False
220016,PI,13022,55,5.0,-0.03006,0.01915,-0.06746,0.0076,-26.0,False
220017,PI,19612,97,8.8,-0.02028,0.01839,-0.05599,0.01574,-18.4,False
220018,PI,11313,58,5.3,-0.03601,0.01934,-0.07464,0.00153,-30.2,False
220019,PI,6647,32,2.9,-0.03459,0.0198,-0.07359,0.00319,-29.2,False
230001,CE,607977,2202,200.2,-0.02669,0.01202,-0.05037,-0.00276,-23.4,True
230002,CE,50846,246,22.4,-0.02914,0.01589,-0.06083,0.00196,-25.3,False
230003,CE,32938,128,11.6,-0.02256,0.01742,-0.05641,0.01255,-20.2,False
230004,CE,27885,102,9.3,-0.03997,0.01793,-0.076,-0.00551,-32.9,True
230005,CE,21750,100,9.1,-0.03972,0.01826,-0.07588,-0.00459,-32.8,True
230006,CE,47454,287,26.1,-0.03609,0.01576,-0.06658,-0.00497,-30.3,True
230007,CE,50432,208,18.9,-0.02282,0.01656,-0.05456,0.01014,-20.4,False
230008,CE,20009,65,5.9,-0.02459,0.01897,-0.06147,0.01318,-21.8,False
230009,CE,41268,210,19.1,-0.02025,0.01669,-0.05244,0.01227,-18.3,False
230010,CE,14595,64,5.8,-0.03861,0.01872,-0.07595,-0.0016,-32.0,True
230011,CE,136131,680,61.8,-0.05179,0.01392,-0.07975,-0.02516,-40.4,True
230012,CE,29428,164,14.9,-0.052,0.01721,-0.08641,-0.01927,-40.5,True
230013,CE,34860,242,22.0,-0.04734,0.01628,-0.07951,-0.01561,-37.7,True
230014,CE,13633,55,5.0,-0.02895,0.01908,-0.06573,0.00933,-25.1,False
230015,CE,88557,356,32.4,-0.04812,0.01528,-0.07849,-0.01756,-38.2,True
230016,CE,68628,269,24.5,-0.04458,0.01561,-0.07518,-0.01408,-36.0,True
230017,CE,37220,168,15.3,-0.03309,0.0169,-0.06609,0.0005,-28.2,False
230018,CE,23308,112,10.2,-0.03495,0.01777,-0.07077,0.00016,-29.5,False
240001,RN,242979,781,71.0,-0.05272,0.01366,-0.07956,-0.02609,-41.0,True
240002,RN,20013,79,7.2,-0.02251,0.01857,-0.05857,0.01442,-20.2,False
240003,RN,22111,83,7.5,-0.01287,0.01872,-0.04905,0.0251,-12.1,False
240004,RN,14519,52,4.7,-0.02947,0.01909,-0.06824,0.00723,-25.5,False
240005,RN,11381,47,4.3,-0.01348,0.01933,-0.0508,0.02394,-12.6,False
240006,RN,8646,33,3.0,-0.02498,0.01989,-0.06375,0.01464,-22.1,False
240007,RN,20645,80,7.3,-0.02389,0.01866,-0.0608,0.01254,-21.2,False
240008,RN,14599,69,6.3,-0.01109,0.01879,-0.04744,0.02554,-10.5,False
240009,RN,66844,278,25.3,-0.01223,0.01555,-0.04307,0.01846,-11.5,False
240010,RN,31205,159,14.5,-0.0077,0.01747,-0.04191,0.02705,-7.4,False
240011,RN,31038,138,12.5,-0.00271,0.01753,-0.03669,0.03272,-2.7,False
250001,PB,224916,944,85.8,-0.01512,0.01307,-0.04101,0.01007,-14.0,False
250002,PB,45895,205,18.6,-0.01592,0.01615,-0.04745,0.01489,-14.7,False
250003,PB,25456,98,8.9,-0.01058,0.01797,-0.04547,0.02444,-10.0,False
250004,PB,9474,39,3.5,-0.00962,0.01927,-0.04656,0.02797,-9.2,False
250005,PB,149313,746,67.8,-0.02641,0.01339,-0.05274,-0.00042,-23.2,True
250006,PB,11799,69,6.3,-0.01316,0.01921,-0.05103,0.02466,-12.3,False
250007,PB,8603,47,4.3,-0.03177,0.01972,-0.07081,0.00664,-27.2,False
250008,PB,7469,48,4.4,-0.03112,0.01989,-0.07132,0.00678,-26.7,False
250009,PB,39081,199,18.1,-0.02101,0.0163,-0.05265,0.01088,-19.0,False
250010,PB,16597,94,8.5,-0.01361,0.01804,-0.04912,0.02183,-12.7,False
250011,PB,15799,77,7.0,-0.01403,0.0186,-0.0501,0.02262,-13.1,False
250012,PB,8775,28,2.5,-0.00401,0.02,-0.04268,0.03533,-3.9,False
250013,PB,8074,37,3.4,-0.01813,0.01994,-0.05657,0.02161,-16.6,False
250014,PB,19659,115,10.5,-0.02175,0.01782,-0.05652,0.01325,-19.6,False
250015,PB,21228,128,11.6,0.00068,0.01749,-0.03363,0.03589,0.7,False
260001,PE,569747,1209,109.9,-0.01634,0.01226,-0.04052,0.00776,-15.1,False
260002,PE,50103,142,12.9,-0.01587,0.0168,-0.04928,0.01678,-14.7,False
260003,PE,38013,115,10.5,-0.01925,0.01722,-0.05278,0.01448,-17.5,False
260004,PE,29570,91,8.3,-0.00923,0.01831,-0.0453,0.02704,-8.8,False
260005,PE,31442,59,5.4,-0.02756,0.01865,-0.06415,0.00836,-24.1,False
260006,PE,25443,82,7.5,-0.02819,0.01852,-0.0642,0.00814,-24.6,False
260007,PE,25058,84,7.6,-0.0232,0.01844,-0.05826,0.01349,-20.7,False
260008,PE,19372,61,5.5,-0.01262,0.01885,-0.04943,0.02444,-11.9,False
260009,PE,167728,550,50.0,-0.02194,0.01386,-0.04907,0.00564,-19.7,False
260010,PE,88937,353,32.1,-0.01965,0.01474,-0.04835,0.00958,-17.8,False
260011,PE,56580,290,26.4,-0.02891,0.01542,-0.05984,0.00103,-25.1,False
260012,PE,39704,162,14.7,-0.01758,0.01685,-0.05064,0.01521,-16.1,False
260013,PE,54553,240,21.8,-0.01158,0.0161,-0.04267,0.02012,-10.9,False
260014,PE,28324,100,9.1,-0.00625,0.01782,-0.04111,0.02909,-6.1,False
260015,PE,89119,387,35.2,-0.05242,0.01518,-0.08278,-0.02231,-40.8,True
260016,PE,58389,400,36.4,-0.02846,0.01431,-0.05664,-0.00024,-24.8,True
260017,PE,31308,196,17.8,-0.03538,0.01621,-0.06719,-0.00366,-29.8,True
260018,PE,22463,69,6.3,-0.02707,0.01835,-0.06355,0.00871,-23.7,False
270001,AL,206238,1098,99.8,-0.03268,0.01261,-0.05783,-0.00836,-27.9,True
270002,AL,34186,169,15.4,-0.01162,0.01645,-0.04388,0.02017,-11.0,False
270003,AL,31335,182,16.5,-0.01437,0.01616,-0.04669,0.01739,-13.4,False
270004,AL,23686,128,11.6,-0.02798,0.01739,-0.06259,0.00572,-24.4,False
270005,AL,27291,141,12.8,-0.01619,0.01721,-0.04985,0.01725,-15.0,False
270006,AL,18607,88,8.0,-0.03515,0.01865,-0.07194,0.00125,-29.6,False
270007,AL,94823,590,53.6,-0.01604,0.01353,-0.04234,0.01048,-14.8,False
270008,AL,29096,171,15.5,-0.00804,0.01647,-0.04065,0.02431,-7.7,False
270009,AL,26908,162,14.7,-0.02034,0.01687,-0.05379,0.01247,-18.4,False
270010,AL,25764,156,14.2,-0.00937,0.01691,-0.04223,0.02341,-8.9,False
270011,AL,21748,167,15.2,-0.0086,0.01652,-0.04084,0.0239,-8.2,False
280001,SE,183180,927,84.3,-0.02968,0.01307,-0.05536,-0.00408,-25.7,True
280002,SE,38224,164,14.9,-0.02592,0.0169,-0.05934,0.00687,-22.8,False
280003,SE,24519,140,12.7,-0.02159,0.01723,-0.05486,0.01255,-19.4,False
280004,SE,36893,172,15.6,-0.03187,0.01691,-0.06469,0.00192,-27.3,False
280005,SE,38205,159,14.5,-0.02588,0.01689,-0.05898,0.00773,-22.8,False
280006,SE,29365,130,11.8,-0.01659,0.01716,-0.05074,0.01681,-15.3,False
290001,BA,507059,2365,215.0,-0.02046,0.01182,-0.04335,0.00271,-18.5,False
290002,BA,67505,435,39.5,-0.03793,0.01429,-0.06591,-0.00956,-31.6,True
290003,BA,38579,198,18.0,-0.01649,0.01623,-0.04842,0.01538,-15.2,False
290004,BA,35954,197,17.9,-0.01366,0.01587,-0.04497,0.01726,-12.8,False
290005,BA,37944,341,31.0,-0.00952,0.01514,-0.03893,0.02118,-9.1,False
290006,BA,21544,131,11.9,-0.02081,0.01732,-0.05438,0.01307,-18.8,False
290007,BA,92180,893,81.2,-0.00164,0.01302,-0.02656,0.02389,-1.6,False
290008,BA,71476,262,23.8,-0.02207,0.01545,-0.05249,0.00815,-19.8,False
290009,BA,67504,361,32.8,-0.01556,0.01438,-0.04377,0.01267,-14.4,False
290010,BA,18323,165,15.0,-0.00521,0.01692,-0.03723,0.02797,-5.1,False
290011,BA,124221,613,55.7,-0.06323,0.01421,-0.09134,-0.0358,-46.9,True
290012,BA,50657,298,27.1,-0.04196,0.01497,-0.072,-0.01363,-34.3,True
290013,BA,28181,143,13.0,-0.03553,0.01668,-0.06828,-0.00245,-29.9,True
290014,BA,30185,197,17.9,-0.01158,0.01619,-0.04407,0.02033,-10.9,False
290015,BA,19324,136,12.4,-0.02803,0.01726,-0.06293,0.00544,-24.4,False
290016,BA,62566,291,26.5,-0.02803,0.0154,-0.05813,0.00147,-24.4,False
290017,BA,34687,223,20.3,-0.03382,0.01619,-0.0658,-0.00226,-28.7,True
290018,BA,87383,431,39.2,-0.03374,0.01439,-0.06197,-0.00565,-28.6,True
290019,BA,20542,114,10.4,-0.02845,0.01772,-0.06323,0.00631,-24.8,False
290020,BA,61734,397,36.1,-0.02987,0.01423,-0.05767,-0.00173,-25.8,True
290021,BA,36305,252,22.9,-0.02597,0.01533,-0.05587,0.00374,-22.9,False
290022,BA,94023,639,58.1,-0.0133,0.01353,-0.0398,0.01292,-12.5,False
290023,BA,45583,284,25.8,-0.01489,0.0152,-0.04482,0.01498,-13.8,False
290024,BA,31487,167,15.2,-0.0291,0.0166,-0.06181,0.00368,-25.2,False
290025,BA,28085,184,16.7,-0.03036,0.01619,-0.06195,0.00164,-26.2,False
290026,BA,26577,155,14.1,-0.02465,0.01657,-0.05677,0.00802,-21.8,False
290027,BA,13279,84,7.6,-0.0227,0.01767,-0.05727,0.01156,-20.3,False
290028,BA,11864,50,4.5,-0.024,0.01884,-0.06142,0.01228,-21.3,False
290029,BA,173621,883,80.3,-0.03474,0.01318,-0.06089,-0.00875,-29.3,True
290030,BA,45060,235,21.4,-0.00459,0.01594,-0.03539,0.02763,-4.5,False
290031,BA,31571,142,12.9,-0.01448,0.01663,-0.04663,0.01786,-13.5,False
290032,BA,27547,112,10.2,-0.03489,0.01731,-0.06892,-0.00174,-29.5,True
290033,BA,27011,140,12.7,-0.01012,0.01698,-0.04353,0.02387,-9.6,False
290034,BA,25794,161,14.6,-0.0259,0.01686,-0.05909,0.0071,-22.8,False
310001,MG,695427,1974,179.5,-0.00559,0.01203,-0.0294,0.01791,-5.4,False
310002,MG,51949,231,21.0,-0.03121,0.01603,-0.06265,0.00019,-26.8,False
310003,MG,35860,124,11.3,-0.01031,0.01752,-0.04493,0.02342,-9.8,False
310004,MG,22917,74,6.7,-0.02934,0.01811,-0.06469,0.00552,-25.4,False
310005,MG,19846,66,6.0,-0.03799,0.01872,-0.07544,-0.00235,-31.6,True
310006,MG,109174,371,33.7,-0.02776,0.01466,-0.05731,0.00095,-24.2,False
310007,MG,33265,115,10.5,-0.01251,0.01754,-0.04628,0.0223,-11.8,False
310008,MG,25310,117,10.6,-0.03192,0.01728,-0.06655,0.00168,-27.3,False
310009,MG,22753,104,9.5,-0.02673,0.01773,-0.06188,0.00756,-23.5,False
310010,MG,20102,76,6.9,-0.01884,0.01826,-0.05414,0.01686,-17.2,False
310011,MG,15845,59,5.4,-0.05379,0.01898,-0.09221,-0.01825,-41.6,True
310012,MG,12181,50,4.5,-0.02044,0.01857,-0.05684,0.01609,-18.5,False
310013,MG,65475,331,30.1,-0.01849,0.01513,-0.04789,0.01113,-16.9,False
310014,MG,22489,66,6.0,-0.02308,0.01774,-0.05708,0.01148,-20.6,False
310015,MG,20752,104,9.5,-0.02892,0.0177,-0.06327,0.00592,-25.1,False
310016,MG,17122,75,6.8,-0.01789,0.01825,-0.0533,0.01783,-16.4,False
310017,MG,11308,56,5.1,-0.0335,0.01854,-0.07057,0.00231,-28.5,False
310018,MG,11116,50,4.5,-0.0256,0.01887,-0.06183,0.0111,-22.6,False
310019,MG,7529,45,4.1,-0.03325,0.01886,-0.07115,0.00322,-28.3,False
310020,MG,61648,176,16.0,-0.04925,0.01659,-0.08187,-0.01735,-38.9,True
310021,MG,24289,97,8.8,-0.02214,0.01772,-0.05633,0.01202,-19.9,False
310022,MG,8430,28,2.5,-0.01603,0.01915,-0.05299,0.02181,-14.8,False
310023,MG,8221,35,3.2,-0.03118,0.01937,-0.07052,0.00634,-26.8,False
310024,MG,82993,192,17.5,-0.04121,0.0161,-0.07271,-0.00991,-33.8,True
310025,MG,31036,144,13.1,-0.02655,0.01694,-0.06053,0.0065,-23.3,False
310026,MG,18389,64,5.8,-0.02102,0.01803,-0.0566,0.01416,-19.0,False
310027,MG,85546,318,28.9,-0.01977,0.01439,-0.04815,0.00834,-17.9,False
310028,MG,54569,198,18.0,-0.02809,0.01573,-0.05871,0.00268,-24.5,False
310029,MG,33873,184,16.7,-0.01233,0.01634,-0.04448,0.02033,-11.6,False
310030,MG,21459,104,9.5,-0.01666,0.01779,-0.0519,0.01945,-15.3,False
310031,MG,21940,97,8.8,-0.01371,0.01781,-0.04885,0.02153,-12.8,False
310032,MG,19270,90,8.2,-0.02016,0.01786,-0.05522,0.01495,-18.3,False
310033,MG,20202,63,5.7,-0.01918,0.01836,-0.0549,0.01694,-17.5,False
310034,MG,16120,55,5.0,-0.02028,0.01866,-0.05663,0.01604,-18.4,False
310035,MG,8670,41,3.7,-0.02939,0.01937,-0.06752,0.00805,-25.5,False
310036,MG,7047,50,4.5,-0.02542,0.01925,-0.06346,0.01261,-22.4,False
310037,MG,25771,122,11.1,-0.02325,0.01729,-0.0573,0.01001,-20.7,False
310038,MG,45165,199,18.1,-0.03124,0.01602,-0.06312,0.00042,-26.8,False
310039,MG,21245,88,8.0,-0.04128,0.01799,-0.07697,-0.00619,-33.8,True
310040,MG,27378,127,11.5,-0.02023,0.01722,-0.05397,0.01353,-18.3,False
310041,MG,32663,153,13.9,-0.03495,0.01684,-0.06884,-0.00219,-29.5,True
310042,MG,32046,141,12.8,-0.02568,0.01716,-0.06019,0.00815,-22.6,False
310043,MG,28568,153,13.9,-0.03091,0.01682,-0.06377,0.00258,-26.6,False
310044,MG,19762,83,7.5,-0.02339,0.01812,-0.05968,0.01106,-20.9,False
310045,MG,17227,100,9.1,-0.02033,0.01795,-0.05559,0.01483,-18.4,False
310046,MG,16812,96,8.7,-0.02038,0.01775,-0.05364,0.01432,-18.4,False
310047,MG,15255,71,6.5,-0.0243,0.01798,-0.05996,0.01058,-21.6,False
310048,MG,10122,29,2.6,-0.03304,0.01907,-0.07093,0.00413,-28.1,False
310049,MG,6866,34,3.1,-0.02394,0.01936,-0.06192,0.01424,-21.3,False
310050,MG,72365,293,26.6,-0.02758,0.01502,-0.05663,0.00241,-24.1,False
310051,MG,32349,110,10.0,-0.0166,0.01737,-0.05042,0.0184,-15.3,False
310052,MG,25117,90,8.2,-0.00927,0.01749,-0.04305,0.02509,-8.9,False
310053,MG,22220,101,9.2,-0.01781,0.01742,-0.05219,0.01622,-16.3,False
310054,MG,8526,43,3.9,-0.02941,0.01917,-0.06726,0.00733,-25.5,False
310055,MG,59537,254,23.1,-0.00698,0.01534,-0.03621,0.02265,-6.7,False
310056,MG,25260,122,11.1,-0.03388,0.01736,-0.06787,-0.00015,-28.7,True
310057,MG,13134,44,4.0,-0.00915,0.01888,-0.04611,0.02787,-8.7,False
310058,MG,8817,34,3.1,-0.03388,0.01898,-0.0714,0.00321,-28.7,False
310059,MG,129628,233,21.2,-0.03481,0.01563,-0.06621,-0.00463,-29.4,True
310060,MG,17990,71,6.5,-0.00649,0.0183,-0.04246,0.0298,-6.3,False
310061,MG,9211,39,3.5,-0.0139,0.01909,-0.05155,0.02465,-13.0,False
310062,MG,70351,338,30.7,-0.01761,0.01498,-0.04674,0.0112,-16.1,False
310063,MG,24858,75,6.8,-0.02213,0.01788,-0.05759,0.01286,-19.8,False
310064,MG,20563,74,6.7,-0.01017,0.01832,-0.04514,0.02634,-9.7,False
310065,MG,92935,295,26.8,-0.01694,0.01468,-0.04496,0.0122,-15.6,False
310066,MG,19307,86,7.8,-0.01184,0.01779,-0.04639,0.02417,-11.2,False
310067,MG,18110,69,6.3,-0.03404,0.0184,-0.07034,0.00138,-28.9,False
310068,MG,18157,53,4.8,-0.02421,0.01838,-0.05988,0.01225,-21.5,False
310069,MG,12880,34,3.1,-0.0321,0.01899,-0.06949,0.00566,-27.5,False
310070,MG,4200,16,1.5,-0.01646,0.01974,-0.05522,0.02195,-15.2,False
320001,ES,305474,733,66.6,0.00337,0.01358,-0.023,0.02996,3.4,False
320002,ES,33701,109,9.9,-0.00241,0.01829,-0.03779,0.03318,-2.4,False
320003,ES,44921,199,18.1,-0.01247,0.01666,-0.04564,0.02049,-11.7,False
320004,ES,56446,214,19.5,-0.00233,0.01631,-0.03409,0.03002,-2.3,False
320005,ES,42349,201,18.3,-0.03933,0.01666,-0.07309,-0.00709,-32.5,True
320006,ES,20865,92,8.4,-0.01523,0.0182,-0.05096,0.02052,-14.1,False
320007,ES,62541,206,18.7,-0.00448,0.01658,-0.03684,0.02772,-4.4,False
320008,ES,28109,98,8.9,-0.02686,0.01846,-0.06295,0.01002,-23.6,False
330001,RJ,1644252,6107,555.2,-0.00646,0.0116,-0.02909,0.01655,-6.3,False
330002,RJ,33463,83,7.5,-0.01439,0.01854,-0.05114,0.02163,-13.4,False
330003,RJ,18734,67,6.1,-0.0163,0.0187,-0.05271,0.02026,-15.0,False
330004,RJ,80109,305,27.7,-0.00464,0.01561,-0.03491,0.02608,-4.5,False
330005,RJ,27178,164,14.9,0.00218,0.01664,-0.0297,0.0356,2.2,False
330006,RJ,22597,113,10.3,-0.02406,0.01772,-0.05818,0.0108,-21.4,False
330007,RJ,67473,230,20.9,-0.00346,0.01632,-0.03542,0.02895,-3.4,False
330008,RJ,41224,169,15.4,-0.01493,0.01686,-0.04808,0.01792,-13.9,False
330009,RJ,20547,119,10.8,-0.01377,0.01786,-0.04927,0.02192,-12.9,False
330010,RJ,97810,673,61.2,-0.00338,0.01346,-0.02922,0.02296,-3.3,False
330011,RJ,25685,112,10.2,-0.01701,0.01795,-0.05222,0.01806,-15.6,False
330012,RJ,14865,48,4.4,-0.01431,0.01929,-0.05217,0.02401,-13.3,False
330013,RJ,80155,334,30.4,-0.01193,0.01493,-0.0421,0.0177,-11.2,False
330014,RJ,76326,335,30.5,-0.01669,0.0153,-0.0469,0.01277,-15.4,False
350001,SP,3091619,9843,894.8,-0.00437,0.01135,-0.02677,0.01763,-4.3,False
350002,SP,250759,898,81.6,-0.07821,0.0136,-0.10494,-0.05244,-54.3,True
350003,SP,252508,931,84.6,-0.02373,0.01266,-0.04818,0.00135,-21.1,False
350004,SP,53502,252,22.9,-0.04778,0.01589,-0.07965,-0.01739,-38.0,True
350005,SP,38311,154,14.0,-0.01988,0.01644,-0.05234,0.01215,-18.0,False
350006,SP,33515,112,10.2,-0.02337,0.01717,-0.05682,0.00982,-20.8,False
350007,SP,32198,122,11.1,-0.02527,0.01699,-0.05876,0.00784,-22.3,False
350008,SP,23550,104,9.5,-0.03022,0.01719,-0.06485,0.00345,-26.1,False
350009,SP,84858,263,23.9,-0.06606,0.01624,-0.09863,-0.03442,-48.3,True
350010,SP,41344,209,19.0,-0.02568,0.01623,-0.05747,0.00555,-22.6,False
350011,SP,34068,85,7.7,-0.01487,0.01775,-0.04889,0.01961,-13.8,False
350012,SP,19800,97,8.8,-0.00938,0.01808,-0.04394,0.02663,-9.0,False
350013,SP,49929,161,14.6,-0.02191,0.01676,-0.05529,0.01109,-19.7,False
350014,SP,29987,113,10.3,-0.0035,0.01749,-0.0374,0.03136,-3.4,False
350015,SP,30382,91,8.3,-0.00993,0.01783,-0.04444,0.02512,-9.4,False
350016,SP,15477,56,5.1,-0.02862,0.01888,-0.06581,0.00789,-24.9,False
350017,SP,7391,11,1.0,-0.01751,0.01976,-0.05587,0.02113,-16.1,False
350018,SP,68916,243,22.1,-0.02178,0.01559,-0.05133,0.00953,-19.6,False
350019,SP,13551,50,4.5,-0.01881,0.01881,-0.05628,0.01818,-17.1,False
350020,SP,15902,35,3.2,-0.02198,0.01866,-0.05889,0.01515,-19.7,False
350021,SP,10380,39,3.5,-0.02966,0.01907,-0.06632,0.00774,-25.7,False
350022,SP,38300,174,15.8,0.00864,0.01712,-0.02407,0.04319,9.0,False
350023,SP,34751,174,15.8,-0.0059,0.01674,-0.03884,0.0274,-5.7,False
350024,SP,21839,85,7.7,-0.01375,0.01791,-0.04865,0.02176,-12.8,False
350025,SP,115809,284,25.8,-0.03931,0.01532,-0.07012,-0.00998,-32.5,True
350026,SP,28919,120,10.9,-0.02296,0.01737,-0.05761,0.0108,-20.5,False
350027,SP,20184,56,5.1,-0.01948,0.01872,-0.056,0.01729,-17.7,False
350028,SP,12478,46,4.2,-0.03467,0.01907,-0.07253,0.00176,-29.3,False
350029,SP,12989,36,3.3,-0.0095,0.01908,-0.04642,0.02805,-9.1,False
350030,SP,6324,18,1.6,-0.02043,0.0198,-0.05936,0.01852,-18.5,False
350031,SP,187063,523,47.5,-0.01186,0.01398,-0.03916,0.01538,-11.2,False
350032,SP,53348,227,20.6,-0.00936,0.01602,-0.04063,0.02272,-8.9,False
350033,SP,60413,233,21.2,-0.02902,0.01546,-0.05904,0.00185,-25.2,False
350034,SP,19105,78,7.1,-0.02821,0.01811,-0.06402,0.00684,-24.6,False
350035,SP,14338,43,3.9,-0.01435,0.01899,-0.0517,0.02256,-13.4,False
350036,SP,75319,316,28.7,-0.01208,0.01541,-0.04202,0.01835,-11.4,False
350037,SP,63572,156,14.2,-0.01909,0.01633,-0.05108,0.01245,-17.4,False
350038,SP,406637,1197,108.8,-0.01035,0.01256,-0.03493,0.0145,-9.8,False
350039,SP,136883,591,53.7,-0.02457,0.01383,-0.05171,0.00244,-21.8,False
350040,SP,80732,118,10.7,-0.02801,0.0172,-0.06248,0.00556,-24.4,False
350041,SP,66237,243,22.1,-0.03017,0.01549,-0.06027,9e-05,-26.0,False
350042,SP,46592,144,13.1,-0.0066,0.01685,-0.03846,0.02716,-6.4,False
350043,SP,41359,137,12.5,-0.02091,0.01726,-0.05498,0.01345,-18.9,False
350044,SP,37222,145,13.2,-0.01624,0.01682,-0.04924,0.01671,-15.0,False
350045,SP,33608,142,12.9,-0.02537,0.01721,-0.05929,0.00812,-22.4,False
350046,SP,30960,119,10.8,-0.01837,0.01731,-0.05168,0.01593,-16.8,False
350047,SP,21836,86,7.8,-0.00354,0.01795,-0.03813,0.03237,-3.5,False
350048,SP,16084,35,3.2,-0.01309,0.01909,-0.05042,0.02423,-12.3,False
350049,SP,149908,485,44.1,-0.02599,0.01421,-0.05463,0.00174,-22.9,False
350050,SP,83829,347,31.5,-0.01828,0.01454,-0.0469,0.01078,-16.7,False
350051,SP,51477,208,18.9,-0.00233,0.01633,-0.03343,0.03066,-2.3,False
350052,SP,41470,151,13.7,-0.02653,0.0168,-0.05981,0.00562,-23.3,False
350053,SP,19096,113,10.3,-0.01714,0.01765,-0.05102,0.01771,-15.7,False
410001,PR,498954,920,83.6,-0.03952,0.01301,-0.06513,-0.01479,-32.6,True
410002,PR,45538,142,12.9,-0.02413,0.0172,-0.05739,0.0102,-21.4,False
410003,PR,25266,75,6.8,-0.02937,0.01855,-0.06531,0.00697,-25.5,False
410004,PR,57437,135,12.3,-0.04077,0.01714,-0.07451,-0.00721,-33.5,True
410005,PR,11991,31,2.8,-0.02825,0.02017,-0.06798,0.01136,-24.6,False
410006,PR,83022,70,6.4,-0.02297,0.0181,-0.0579,0.01244,-20.5,False
410007,PR,66402,180,16.4,-0.02289,0.01688,-0.05549,0.00975,-20.5,False
410008,PR,50778,155,14.1,-0.0322,0.01728,-0.06665,0.00126,-27.5,False
410009,PR,40362,93,8.5,-0.05198,0.01804,-0.08739,-0.01765,-40.5,True
410010,PR,44748,154,14.0,-0.0322,0.01718,-0.06632,0.00084,-27.5,False
410011,PR,17228,37,3.4,-0.04361,0.01944,-0.08253,-0.00609,-35.3,True
410012,PR,12421,27,2.5,-0.03874,0.01995,-0.07864,-8e-05,-32.1,True
410013,PR,11876,43,3.9,-0.02903,0.01971,-0.06813,0.00915,-25.2,False
410014,PR,108107,112,10.2,-0.01774,0.01746,-0.05126,0.01722,-16.3,False
410015,PR,44487,193,17.5,-0.02751,0.01653,-0.05985,0.00511,-24.0,False
410016,PR,42696,93,8.5,-0.03799,0.01808,-0.07321,-0.00256,-31.6,True
410017,PR,28613,64,5.8,-0.03761,0.01843,-0.07448,-0.00135,-31.4,True
410018,PR,22253,45,4.1,-0.0344,0.01929,-0.07291,0.00346,-29.1,False
410019,PR,9129,17,1.5,-0.02567,0.02036,-0.06593,0.01388,-22.6,False
410020,PR,8791,19,1.7,-0.03229,0.02027,-0.07239,0.00788,-27.6,False
410021,PR,144233,228,20.7,-0.02946,0.01606,-0.06113,0.00225,-25.5,False
410022,PR,38224,108,9.8,-0.03736,0.01732,-0.07058,-0.00327,-31.2,True
410023,PR,31024,72,6.5,-0.03696,0.01853,-0.07341,-0.00098,-30.9,True
410024,PR,22666,54,4.9,-0.01042,0.01944,-0.04773,0.02851,-9.9,False
410025,PR,19057,56,5.1,-0.02687,0.0188,-0.06395,0.00957,-23.6,False
410026,PR,8027,12,1.1,-0.02056,0.02042,-0.06009,0.02027,-18.6,False
410027,PR,99377,277,25.2,-0.04252,0.01563,-0.07386,-0.01282,-34.6,True
410028,PR,28169,97,8.8,-0.03189,0.01836,-0.06799,0.00348,-27.3,False
410029,PR,22071,40,3.6,-0.02947,0.01967,-0.06819,0.0092,-25.5,False
420001,SC,165286,447,40.6,-0.02074,0.01401,-0.04781,0.00682,-18.7,False
420002,SC,62755,174,15.8,-0.01862,0.01615,-0.05043,0.01349,-17.0,False
420003,SC,44797,153,13.9,0.00071,0.01724,-0.03291,0.03475,0.7,False
420004,SC,29119,100,9.1,-0.02324,0.01785,-0.05802,0.01132,-20.7,False
420005,SC,43578,290,26.4,-0.02903,0.01585,-0.06073,0.00151,-25.2,False
420006,SC,11971,31,2.8,-0.03701,0.0197,-0.07644,0.00091,-30.9,False
420007,SC,67104,128,11.6,-0.02905,0.01721,-0.06285,0.00415,-25.2,False
420008,SC,26576,103,9.4,-0.00717,0.01814,-0.04273,0.02881,-6.9,False
420009,SC,22954,92,8.4,-0.03429,0.01797,-0.06994,0.00047,-29.0,False
420010,SC,20919,77,7.0,-0.00833,0.01886,-0.04561,0.02821,-8.0,False
420011,SC,20262,68,6.2,-0.01392,0.01827,-0.04997,0.02239,-13.0,False
420012,SC,7791,17,1.5,-0.01929,0.01987,-0.05854,0.02021,-17.5,False
420013,SC,6756,37,3.4,-0.01059,0.01998,-0.04953,0.02911,-10.1,False
420014,SC,16812,50,4.5,-0.009,0.01894,-0.04574,0.02853,-8.6,False
420015,SC,20053,51,4.6,-0.01955,0.01873,-0.05668,0.0169,-17.8,False
420016,SC,148807,342,31.1,-0.0392,0.01511,-0.06897,-0.01023,-32.4,True
420017,SC,35495,93,8.5,-0.02288,0.01789,-0.05784,0.01212,-20.5,False
420018,SC,19555,59,5.4,-0.0232,0.01883,-0.06029,0.01449,-20.7,False
420019,SC,86454,324,29.5,-0.02202,0.01481,-0.05126,0.00694,-19.8,False
420020,SC,129674,394,35.8,-0.01454,0.01451,-0.0422,0.01399,-13.5,False
420021,SC,33580,121,11.0,-0.04312,0.01797,-0.07825,-0.00811,-35.0,True
420022,SC,27960,80,7.3,-0.01822,0.01801,-0.05343,0.01757,-16.7,False
420023,SC,8751,27,2.5,-0.02009,0.01942,-0.05757,0.01846,-18.2,False
420024,SC,7808,25,2.3,-0.00848,0.02004,-0.04644,0.03164,-8.1,False
430001,RS,414530,824,74.9,-0.02103,0.01334,-0.04729,0.00491,-19.0,False
430002,RS,116578,449,40.8,-0.02402,0.01427,-0.05193,0.00386,-21.4,False
430003,RS,36525,167,15.2,-0.00521,0.01706,-0.03829,0.02885,-5.1,False
430004,RS,27243,103,9.4,-0.02462,0.01805,-0.06001,0.01077,-21.8,False
430005,RS,16472,48,4.4,-0.02278,0.01905,-0.06057,0.0142,-20.4,False
430006,RS,14579,40,3.6,-0.01583,0.01945,-0.05428,0.02184,-14.6,False
430007,RS,12496,35,3.2,-0.02858,0.01981,-0.06705,0.00936,-24.9,False
430008,RS,10102,26,2.4,-0.02137,0.01974,-0.05993,0.01756,-19.2,False
430009,RS,102506,385,35.0,-0.0287,0.01464,-0.0576,-9e-05,-24.9,True
430010,RS,25282,74,6.7,-0.02714,0.01801,-0.06306,0.00803,-23.8,False
430011,RS,57103,117,10.6,-0.02734,0.01741,-0.06114,0.00701,-23.9,False
430012,RS,14137,62,5.6,-0.02813,0.01869,-0.06522,0.00877,-24.5,False
430013,RS,11807,45,4.1,-0.02706,0.01942,-0.0646,0.01213,-23.7,False
430014,RS,7387,22,2.0,-0.03175,0.02002,-0.07147,0.0069,-27.2,False
430015,RS,28690,125,11.4,-0.02362,0.01748,-0.05683,0.01135,-21.0,False
430016,RS,19403,91,8.3,-0.01009,0.01779,-0.04416,0.02465,-9.6,False
430017,RS,14125,64,5.8,-0.04226,0.01897,-0.07967,-0.00582,-34.5,True
430018,RS,27592,99,9.0,-0.02376,0.0181,-0.05841,0.01272,-21.2,False
430019,RS,17152,37,3.4,-0.04213,0.01966,-0.0814,-0.00382,-34.4,True
430020,RS,16674,63,5.7,-0.02068,0.01884,-0.05681,0.01608,-18.7,False
430021,RS,15022,46,4.2,-0.02052,0.01877,-0.05685,0.01654,-18.5,False
430022,RS,8772,35,3.2,-0.02191,0.01952,-0.06048,0.01682,-19.7,False
430023,RS,8789,25,2.3,-0.02658,0.01975,-0.06542,0.01177,-23.3,False
430024,RS,5055,13,1.2,-0.02537,0.02023,-0.06428,0.0148,-22.4,False
430025,RS,39900,67,6.1,-0.02172,0.01846,-0.0573,0.01529,-19.5,False
430026,RS,26211,102,9.3,-0.02315,0.01767,-0.05811,0.01165,-20.7,False
430027,RS,19103,65,5.9,-0.02434,0.01833,-0.06026,0.01227,-21.6,False
430028,RS,19706,47,4.3,-0.03316,0.01906,-0.07052,0.00445,-28.2,False
430029,RS,16312,48,4.4,-0.02092,0.01927,-0.05864,0.01726,-18.9,False
430030,RS,10226,16,1.5,-0.03373,0.01989,-0.07396,0.00485,-28.6,False
430031,RS,8847,16,1.5,-0.02452,0.02026,-0.06468,0.0149,-21.7,False
430032,RS,8947,12,1.1,-0.02984,0.01989,-0.06958,0.0088,-25.8,False
430033,RS,8050,12,1.1,-0.0284,0.02006,-0.06829,0.00999,-24.7,False
430034,RS,7560,23,2.1,-0.03538,0.02005,-0.07531,0.00365,-29.8,False
430035,RS,5832,25,2.3,-0.01598,0.01973,-0.05441,0.0229,-14.8,False
430036,RS,104406,167,15.2,-0.0271,0.01662,-0.05971,0.00533,-23.7,False
430037,RS,30377,42,3.8,-0.02498,0.01892,-0.06169,0.01213,-22.1,False
430038,RS,13067,38,3.5,-0.02878,0.01949,-0.06686,0.00917,-25.0,False
430039,RS,14723,48,4.4,-0.00856,0.01922,-0.04638,0.0299,-8.2,False
430040,RS,44805,157,14.3,-0.01939,0.01707,-0.05247,0.0142,-17.6,False
430041,RS,38547,105,9.5,-0.04977,0.01785,-0.08563,-0.01585,-39.2,True
430042,RS,6903,16,1.5,-0.02793,0.01976,-0.06694,0.01086,-24.4,False
430043,RS,6841,15,1.4,-0.01948,0.02007,-0.05932,0.02039,-17.7,False
500001,MS,176205,443,40.3,-0.02194,0.01424,-0.0499,0.0064,-19.7,False
500002,MS,31503,109,9.9,-0.02143,0.01749,-0.05572,0.01302,-19.3,False
500003,MS,19745,82,7.5,-0.02226,0.01838,-0.05839,0.01311,-20.0,False
500004,MS,17799,53,4.8,-0.02304,0.01882,-0.06002,0.01414,-20.6,False
500005,MS,76582,255,23.2,-0.01859,0.01563,-0.04912,0.01272,-17.0,False
500006,MS,21690,78,7.1,-0.00989,0.01848,-0.04579,0.02642,-9.4,False
500007,MS,17896,60,5.5,-0.01644,0.0192,-0.05476,0.021,-15.2,False
500008,MS,21299,92,8.4,-0.02008,0.01823,-0.05535,0.01532,-18.2,False
500009,MS,17931,110,10.0,-0.01434,0.01779,-0.04896,0.02089,-13.4,False
500010,MS,23818,137,12.5,-0.02652,0.01751,-0.06132,0.00811,-23.3,False
500011,MS,19692,80,7.3,-0.03127,0.01844,-0.06684,0.00431,-26.9,False
500012,MS,18715,90,8.2,-0.0392,0.01858,-0.0755,-0.00343,-32.4,True
510001,MT,190659,663,60.3,-0.0135,0.01345,-0.03997,0.0129,-12.6,False
510002,MT,45263,200,18.2,-0.01317,0.01641,-0.04572,0.01859,-12.3,False
510003,MT,12320,41,3.7,-0.01525,0.01956,-0.05365,0.02413,-14.1,False
510004,MT,19288,93,8.5,-0.01579,0.01853,-0.05255,0.0204,-14.6,False
510005,MT,19519,90,8.2,-0.00844,0.01824,-0.04455,0.02701,-8.1,False
510006,MT,14419,62,5.6,-0.01517,0.01889,-0.05236,0.02259,-14.1,False
510007,MT,53408,202,18.4,-0.02548,0.01612,-0.05718,0.00554,-22.5,False
510008,MT,56524,221,20.1,-0.00527,0.01627,-0.03688,0.02765,-5.1,False
510009,MT,21740,99,9.0,-0.01286,0.01825,-0.04829,0.02329,-12.1,False
510010,MT,18116,88,8.0,-0.0091,0.01852,-0.04549,0.02773,-8.7,False
510011,MT,17655,82,7.5,-0.02033,0.01841,-0.05709,0.01534,-18.4,False
510012,MT,9597,46,4.2,-0.0127,0.01926,-0.05063,0.02469,-11.9,False
510013,MT,19892,106,9.6,-0.0112,0.01805,-0.04662,0.02475,-10.6,False
510014,MT,19373,90,8.2,-0.01609,0.01843,-0.05202,0.0198,-14.9,False
510015,MT,24714,151,13.7,-0.00601,0.0171,-0.03953,0.02807,-5.8,False
510016,MT,55018,129,11.7,-0.01179,0.01714,-0.04517,0.02254,-11.1,False
510017,MT,23099,77,7.0,-0.02639,0.01833,-0.06293,0.01023,-23.2,False
510018,MT,7738,17,1.5,-0.01576,0.02012,-0.05496,0.02355,-14.6,False
520001,GO,389154,1307,118.8,-0.03123,0.01259,-0.05593,-0.00683,-26.8,True
520002,GO,95468,411,37.4,-0.03851,0.01448,-0.06745,-0.01023,-32.0,True
520003,GO,21012,93,8.5,-0.01827,0.01794,-0.0528,0.0172,-16.7,False
520004,GO,22534,72,6.5,-0.03445,0.01803,-0.07024,0.00118,-29.1,False
520005,GO,20590,73,6.6,-0.03822,0.01854,-0.07517,-0.0026,-31.8,True
520006,GO,6862,30,2.7,-0.02535,0.02009,-0.06409,0.01421,-22.4,False
520007,GO,26835,116,10.5,-0.03191,0.01743,-0.0664,0.00232,-27.3,False
520008,GO,23204,104,9.5,-0.02143,0.01773,-0.05594,0.01393,-19.3,False
520009,GO,7813,43,3.9,-0.03563,0.01941,-0.07399,0.0024,-30.0,False
520010,GO,53836,268,24.4,-0.02316,0.01608,-0.05492,0.00844,-20.7,False
520011,GO,36884,155,14.1,-0.02719,0.01693,-0.06004,0.00593,-23.8,False
520012,GO,12038,61,5.5,-0.03753,0.0185,-0.07374,-0.00162,-31.3,True
520013,GO,7569,28,2.5,-0.03054,0.02004,-0.07121,0.00899,-26.3,False
520014,GO,13233,65,5.9,-0.02517,0.01883,-0.06206,0.01207,-22.2,False
520015,GO,19736,90,8.2,-0.04616,0.01818,-0.08278,-0.01131,-37.0,True
520016,GO,19193,91,8.3,-0.02496,0.01814,-0.06019,0.01072,-22.1,False
520017,GO,17543,83,7.5,-0.03787,0.01829,-0.074,-0.00152,-31.5,True
520018,GO,35040,165,15.0,-0.01924,0.01684,-0.05183,0.0144,-17.5,False
520019,GO,109577,404,36.7,-0.00288,0.01488,-0.03189,0.02667,-2.8,False
520020,GO,76514,273,24.8,-0.02663,0.01581,-0.05788,0.00404,-23.4,False
520021,GO,20542,86,7.8,-0.02381,0.01834,-0.05943,0.01263,-21.2,False
520022,GO,7440,34,3.1,-0.03585,0.01974,-0.07492,0.00275,-30.1,False
530001,DF,447476,804,73.1,-0.05657,0.01345,-0.08264,-0.03038,-43.2,True
