rgi_id,b_mean,b_lo95,b_hi95,changed_vs_zero,delta_mean,delta_lo95,delta_hi95,lagging,leading,label
110001,-0.07712402547230428,-0.10839025786074868,-0.04662353211469107,True,-0.05484937468061117,-0.0858452032071689,-0.024147909160835573,False,True,Ahead of the country
110002,-0.02225208274357536,-0.05665550030322752,0.010789542378881542,False,2.256804811773927e-05,-0.03441771049379667,0.03348728219537512,False,False,No determination
110003,-0.023064546644652014,-0.05972111699867993,0.013886771736326015,False,-0.0007898958529589169,-0.037580388603746864,0.0362026052262078,False,False,No determination
110004,-0.04458797108730548,-0.07699306467275252,-0.012158377162178659,True,-0.022313320295612372,-0.05448508872796048,0.009808435570839213,False,False,"Changed, in line with the country"
110005,-0.016903421891130564,-0.04969546766831745,0.01710931444085525,False,0.0053712289005625365,-0.02779711809012919,0.039409534045582624,False,False,No determination
110006,-0.01919652481083156,-0.05454005501498012,0.014999060588312867,False,0.0030781259808615336,-0.03228947304352422,0.037120476029939856,False,False,No determination
120001,-0.015171098886589579,-0.04462958882208672,0.014152494501762505,False,0.00710355190510352,-0.022361827676927966,0.0365412905688634,False,False,No determination
120002,-0.025358589499303533,-0.06259522409462237,0.011420635421230355,False,-0.0030839387076104317,-0.04001823134667144,0.033456003767156774,False,False,No determination
120003,-0.01339003323193189,-0.05112056722102355,0.024328353341376924,False,0.00888461755976121,-0.028752051566222188,0.046739784919667356,False,False,No determination
120004,-0.012422843066235959,-0.04660270529069005,0.020999270121306538,False,0.00985180772545714,-0.024426093417591926,0.04322743822399303,False,False,No determination
120005,-0.021940598912057418,-0.05520275725958763,0.011298240242746093,False,0.00033405187963568057,-0.033074636622341363,0.03345362028589456,False,False,No determination
130001,-0.03588971005053329,-0.059634252764899545,-0.012669733369380747,True,-0.013615059258840191,-0.03789843121101127,0.009912032012532471,False,False,"Changed, in line with the country"
130002,-0.018912219455695312,-0.05291822615724913,0.014408173763060049,False,0.003362431335997789,-0.030453536084161653,0.03657380611992869,False,False,No determination
130003,-0.012781432379890646,-0.04486567387831269,0.020049870778831937,False,0.009493218411802454,-0.02280779624597567,0.04278447278087028,False,False,No determination
130004,-0.02981407218815298,-0.06468736874748807,0.004204222603155283,False,-0.007539421396459882,-0.04286131443695559,0.026294685634094594,False,False,No determination
130005,-0.025661507254963623,-0.05536161752968067,0.00349039731683968,False,-0.0033868564632705267,-0.03348392458924843,0.025544425750359315,False,False,No determination
130006,-0.024199625415088084,-0.05395620910191951,0.005739765996464048,False,-0.0019249746233949865,-0.03221435696391887,0.02807105355130502,False,False,No determination
130007,-0.01560590253964765,-0.04825929589024974,0.01708250418721297,False,0.006668748252045448,-0.0260852445239428,0.0390093388197956,False,False,No determination
130008,-0.02902721122813618,-0.06204146950708032,0.0039042662836116025,False,-0.006752560436443086,-0.04064749525224774,0.026330583342307992,False,False,No determination
130009,-0.010942222846389186,-0.04589824417811321,0.023976218571271194,False,0.011332427945303912,-0.023352404527688157,0.046563474915831855,False,False,No determination
130010,-0.02121012470104818,-0.04981068339179438,0.007757955419013439,False,0.0010645260906449194,-0.02778974671309196,0.03012023015809523,False,False,No determination
130011,-0.015981500717574662,-0.048556953002747226,0.016983864374819493,False,0.006293150074118435,-0.02612368876845517,0.039176968320073315,False,False,No determination
140001,-0.004156985188438235,-0.03190339994074629,0.023691880542594863,False,0.018117665603254864,-0.009725553446131905,0.045953259073901895,False,False,No determination
140002,0.006222073759986754,-0.02810610486030874,0.04180856194356096,False,0.028496724551679856,-0.0060625788638564515,0.0640188423502465,False,False,No determination
140003,-0.022819514790449354,-0.06201928054074425,0.01630001220038938,False,-0.000544863998756258,-0.03952843595952337,0.038136140355805634,False,False,No determination
140004,-0.024928560064846263,-0.06392510394065154,0.015208518112832001,False,-0.002653909273153164,-0.041874554664511274,0.03707244251842902,False,False,No determination
150001,-0.02380543761866638,-0.04751483146795289,-0.0012569903137148672,True,-0.00153078682697328,-0.02525058771892882,0.021531989791559715,False,False,"Changed, in line with the country"
150002,-0.032989699789343394,-0.06264116297674084,-0.002602703443985499,True,-0.010715048997650292,-0.040817279765585496,0.02006112721074205,False,False,"Changed, in line with the country"
150003,-0.005312187389438721,-0.03357925856594448,0.023251881619709043,False,0.01696246340225438,-0.011630579540236849,0.04568145214787142,False,False,No determination
150004,-0.018434979158760342,-0.04643739961937884,0.00872224891873157,False,0.0038396716329327585,-0.024178757791477937,0.031241246260530833,False,False,No determination
150005,-0.022721085757260652,-0.05215108674386199,0.005742764068793623,False,-0.0004464349655675499,-0.029947321302618412,0.028476050508661775,False,False,No determination
150006,-0.029210215381637566,-0.061653839390058474,0.0037007385284332254,False,-0.00693556458994447,-0.03944575826513742,0.026198508982805752,False,False,No determination
150007,-0.03287722442330056,-0.06367397330415167,-0.0021508242057795587,True,-0.010602573631607461,-0.04144771049569282,0.02040489091435513,False,False,"Changed, in line with the country"
150008,-0.010356231362719764,-0.04408188091253787,0.023957583177433208,False,0.011918419428973337,-0.02211186684083826,0.04654569073634235,False,False,No determination
150009,-0.03398205584465443,-0.06255061297665934,-0.005656570998476464,True,-0.011707405052961332,-0.04094338900378271,0.01695290629830192,False,False,"Changed, in line with the country"
150010,-0.029107258983684877,-0.05746871151899721,-0.00041869487117497206,True,-0.006832608191991777,-0.03548671677760112,0.021454838265926583,False,False,"Changed, in line with the country"
150011,-0.020051339529651727,-0.04941178742512001,0.008702783861736315,False,0.00222331126204137,-0.027709176531147992,0.03127531250617186,False,False,No determination
150012,-0.012341569463342146,-0.04268315118862885,0.018550139349078124,False,0.009933081328350952,-0.020479464498777716,0.04092609146314208,False,False,No determination
150013,-0.020808245416532128,-0.054751844797473324,0.013279968969242498,False,0.0014664053751609733,-0.032334812137030614,0.035369189448138424,False,False,No determination
150014,-0.011787094474790021,-0.046710865701714954,0.023979592881666366,False,0.010487556316903077,-0.02454717980783689,0.046742513511902645,False,False,No determination
150015,-0.0068320037717422115,-0.033670811739942005,0.01983698345282319,False,0.01544264701995089,-0.011629739879457816,0.042409163355879034,False,False,No determination
150016,0.014476450407067073,-0.014826847790114077,0.04419782506677041,False,0.036751101198760176,0.007370461933394226,0.06678128285277068,True,False,Lagging the country
150017,-0.028227329576176453,-0.05792877570891825,0.0012383317092849997,False,-0.00595267878448335,-0.03598482388221865,0.024093947821461337,False,False,No determination
150018,-0.027769027551584273,-0.05724581170416067,0.0012029549431828036,False,-0.005494376759891172,-0.034947987971013776,0.023497801659852387,False,False,No determination
150019,-0.01045225953051005,-0.044783998705104015,0.02513174701167349,False,0.01182239126118305,-0.022523707300680873,0.047522230749357464,False,False,No determination
150020,-0.012949243674597283,-0.04003254606090225,0.014618598514566239,False,0.009325407117095817,-0.01818412826939943,0.03735118506547172,False,False,No determination
150021,-0.03159200055034795,-0.06541634878306896,0.0012894723812101113,False,-0.009317349758654846,-0.043565893082309695,0.023756750036574317,False,False,No determination
160001,-0.04708652499788909,-0.07433202531358908,-0.01898361106208017,True,-0.024811874206195995,-0.05248472390084229,0.0032331464704079766,False,False,"Changed, in line with the country"
160002,-0.031070396887348167,-0.06815454089985454,0.005766761273266969,False,-0.008795746095655069,-0.04584445123067101,0.02824263355435729,False,False,No determination
160003,-0.004821515218441522,-0.04135137185610645,0.03412625403207098,False,0.017453135573251576,-0.018990633926269217,0.05591631214925791,False,False,No determination
160004,-0.018481299681654493,-0.05714057963435548,0.02036889129250916,False,0.0037933511100386053,-0.03499883903368107,0.04196871127169492,False,False,No determination
170001,-0.018793255644201076,-0.055736378459078695,0.0189062909357155,False,0.0034813951474920246,-0.03335710398316608,0.04104784979045664,False,False,No determination
170002,-0.008706146570968062,-0.046651820485195984,0.02949529585530691,False,0.013568504220725036,-0.02463427049232769,0.05130640110120495,False,False,No determination
170003,-0.00765712070424543,-0.0455566354070008,0.030537605966803202,False,0.014617530087447669,-0.023125707645325424,0.05347146849158938,False,False,No determination
170004,-0.010281102165752589,-0.04964682714629074,0.029812290810837295,False,0.011993548625940511,-0.026982676084291262,0.052191036009364526,False,False,No determination
170005,-0.003230737991537536,-0.03554200711623595,0.028841606039591725,False,0.019043912800155563,-0.01332304601977524,0.05083414802926721,False,False,No determination
170006,0.005205925330908032,-0.03376555508313424,0.045314930248188987,False,0.027480576122601127,-0.01129261660940945,0.06757077653564758,False,False,No determination
170007,0.00797604637988704,-0.031218440825241195,0.048148533521754945,False,0.03025069717158014,-0.00846326131031555,0.07048030149745252,False,False,No determination
170008,-0.0035982096496286935,-0.04382032390633337,0.03865769395239991,False,0.018676441142064404,-0.020965247852065105,0.06059269404586339,False,False,No determination
170009,-0.005709617757377025,-0.043613075227764385,0.03360050393544263,False,0.016565033034316074,-0.021145005577253403,0.05572294139015275,False,False,No determination
170010,0.003158113039105832,-0.03408376905452736,0.04078303944648097,False,0.025432763830798934,-0.01155019164483368,0.06254262069931125,False,False,No determination
170011,-0.002554879413049413,-0.042852817605868926,0.03854300801865762,False,0.019719771378643686,-0.020588247202112955,0.06009318263404691,False,False,No determination
210001,-0.030166422318196415,-0.0554995296832301,-0.005346675977494285,True,-0.007891771526503312,-0.03373689788621113,0.017247900095281946,False,False,"Changed, in line with the country"
210002,-0.023623526763199662,-0.053168526537628304,0.006393314961287164,False,-0.001348875971506564,-0.0316019388326573,0.028804508003364884,False,False,No determination
210003,-0.035068595911358864,-0.06578180224214768,-0.003645461334542523,True,-0.012793945119665763,-0.043910155002378645,0.019007309814552426,False,False,"Changed, in line with the country"
210004,-0.04353816186478875,-0.07695326764217969,-0.01130179329266429,True,-0.021263511073095657,-0.05449155262198323,0.011026726077360566,False,False,"Changed, in line with the country"
210005,-0.03762987348341868,-0.06886842344115116,-0.007961965663878847,True,-0.015355222691725583,-0.046643601208215875,0.014525396902138965,False,False,"Changed, in line with the country"
210006,-0.018383288696152605,-0.050675318445331775,0.01601234439310578,False,0.003891362095540497,-0.028750624881722687,0.038821291258631714,False,False,No determination
210007,-0.02028784935190815,-0.053987473448901806,0.013497820751757417,False,0.0019868014397849488,-0.03180039639323104,0.03583801082249792,False,False,No determination
210008,-0.03666432264114335,-0.07130060731369474,-0.0008328702835959402,True,-0.01438967184945025,-0.04906602426494395,0.021151338530468442,False,False,"Changed, in line with the country"
210009,-0.025737661132970387,-0.0544695124822226,0.004090454675441098,False,-0.003463010341277288,-0.032646454051769004,0.026311515042137447,False,False,No determination
210010,-0.041596235171021165,-0.07069186537115686,-0.01300491258501849,True,-0.019321584379328058,-0.048617874728768676,0.00943527118739636,False,False,"Changed, in line with the country"
210011,-0.02280613844703528,-0.05474279776884693,0.010401765394710829,False,-0.0005314876553421773,-0.0329436177731952,0.03273700112544826,False,False,No determination
210012,-0.013596486907764046,-0.04696290270916328,0.019943401757566537,False,0.008678163883929052,-0.02500337700197585,0.04263361044830359,False,False,No determination
210013,-0.03654071998416531,-0.06736181654226213,-0.006532054788785865,True,-0.014266069192472215,-0.045600069280206476,0.01608156945557095,False,False,"Changed, in line with the country"
210014,-0.03965463680933501,-0.07237317579268546,-0.007115738375293174,True,-0.01737998601764191,-0.050499507017712844,0.014875937352854557,False,False,"Changed, in line with the country"
210015,-0.026894255257686902,-0.057851023761061646,0.005045636969112276,False,-0.0046196044659938,-0.035910610627735255,0.02753648122590013,False,False,No determination
210016,-0.014705540081971544,-0.047169427916769896,0.01664411848810837,False,0.007569110709721557,-0.024858554715460206,0.03924458304346191,False,False,No determination
210017,-0.005854986533210965,-0.03933252282967595,0.02908820791127953,False,0.016419664258482135,-0.01755136458133566,0.051332618168499086,False,False,No determination
210018,-0.013454894943329942,-0.0489925220534291,0.022998165369337943,False,0.008819755848363158,-0.026336987410187262,0.04544458780280301,False,False,No determination
210019,-0.027389549895458755,-0.054505085113499184,0.00046258444673157224,False,-0.005114899103765658,-0.03255593744382381,0.02307886467291303,False,False,No determination
210020,-0.03073177782199639,-0.05971444354617144,-0.0010519987664302814,True,-0.008457127030303284,-0.03746630451673378,0.021333809943981066,False,False,"Changed, in line with the country"
210021,-0.04418817329189973,-0.07477036858230132,-0.014899306547145295,True,-0.021913522500206627,-0.05256869074001375,0.007596398610155057,False,False,"Changed, in line with the country"
210022,-0.040148626305576814,-0.07044580884928058,-0.0101227500833649,True,-0.017873975513883714,-0.04882890274153536,0.012552234820739847,False,False,"Changed, in line with the country"
220001,-0.05270227748077387,-0.0816075992771018,-0.024248381723247826,True,-0.030427626689080778,-0.05978494770643934,-0.0014164716300093581,False,True,Ahead of the country
220002,-0.018605708680338003,-0.05411420333747694,0.01792194588495293,False,0.0036689421113550945,-0.03201608171222846,0.04003051701659394,False,False,No determination
220003,-0.021176530507524133,-0.05750618833939225,0.015723067695183113,False,0.0010981202841689626,-0.035657257554599676,0.03819149958375339,False,False,No determination
220004,-0.021189838834388464,-0.058489304961286924,0.01762785071352549,False,0.0010848119573046335,-0.036280649977658085,0.0403557934115878,False,False,No determination
220005,-0.03883479252950457,-0.07489058541504483,-0.0020617809886239714,True,-0.016560141737811476,-0.05257295895342737,0.019962630125834734,False,False,"Changed, in line with the country"
220006,-0.02993089357761855,-0.061179477307180825,0.0013390142601442318,False,-0.007656242785925451,-0.03922740683512337,0.023821545058493546,False,False,No determination
220007,-0.023540160302188893,-0.058301527923576436,0.012029455060740303,False,-0.0012655095104957936,-0.036329426136646345,0.034346619885448626,False,False,No determination
220008,-0.02726104432566987,-0.06184821563077747,0.008334801458011012,False,-0.00498639353397677,-0.03992262872340175,0.0305537648739267,False,False,No determination
220009,-0.03924236076278009,-0.07185856122243604,-0.006012690412550942,True,-0.016967709971086996,-0.04993712838699045,0.01651540489457534,False,False,"Changed, in line with the country"
220010,-0.027968899424456645,-0.06387764854758228,0.008778328362899806,False,-0.0056942486327635445,-0.04181228866730392,0.030989853514326503,False,False,No determination
220011,-0.03027491222427894,-0.0688342383764794,0.008401940388727613,False,-0.008000261432585837,-0.04740635286847971,0.03084433831809543,False,False,No determination
220012,-0.030470639380307075,-0.07060833066882088,0.009359266500993127,False,-0.008195988588613973,-0.048856513121406764,0.03203293743480804,False,False,No determination
220013,-0.030394802055203732,-0.06697989142666963,0.004750281458000229,False,-0.008120151263510634,-0.044585176629219056,0.027567256766290123,False,False,No determination
220014,-0.01706962797970117,-0.05603138652319607,0.02359748579566519,False,0.0052050228119919295,-0.034257145784547624,0.0456779444013449,False,False,No determination
220015,-0.024533966058169317,-0.05952957764266202,0.01138203571337873,False,-0.0022593152664762144,-0.03797673099762597,0.033641026029566985,False,False,No determination
220016,-0.030055977104717222,-0.06745725080136766,0.007601336005234386,False,-0.007781326313024124,-0.0451117461588494,0.029985530316943107,False,False,No determination
220017,-0.02027931564100917,-0.055989095683915815,0.01574288676993618,False,0.0019953351506839323,-0.03358996038364358,0.03815017164346328,False,False,No determination
220018,-0.03600870719142488,-0.0746407868164121,0.0015281314899215517,False,-0.013734056399731777,-0.05225550293522856,0.02360678915992814,False,False,No determination
220019,-0.03458782515342787,-0.07359091216963703,0.0031887094718834946,False,-0.01231317436173477,-0.05196742198223073,0.02544278140608241,False,False,No determination
230001,-0.026686307032306757,-0.0503710412009919,-0.002756993409207603,True,-0.004411656240613657,-0.028459525023822513,0.019234339643586916,False,False,"Changed, in line with the country"
230002,-0.029142372862872374,-0.06083258192683572,0.0019553822684456007,False,-0.006867722071179274,-0.03879384456266744,0.024631686310083677,False,False,No determination
230003,-0.02256329712423284,-0.056413561279263655,0.012554288240988505,False,-0.00028864633253973705,-0.03467935231646413,0.03460027170969914,False,False,No determination
230004,-0.039973007070837924,-0.07599619186171544,-0.005510483662589294,True,-0.017698356279144817,-0.05403010818386604,0.01689149337102342,False,False,"Changed, in line with the country"
230005,-0.03972437627478549,-0.07588211052665908,-0.0045868126769801135,True,-0.017449725483092402,-0.05393133297190693,0.01795801650454371,False,False,"Changed, in line with the country"
230006,-0.0360867146639887,-0.06657846629416675,-0.004970798425153678,True,-0.013812063872295596,-0.04494019706686162,0.017460422659933642,False,False,"Changed, in line with the country"
230007,-0.02281724954304453,-0.05456049680019275,0.01014131799530016,False,-0.0005425987513514325,-0.032522404542201074,0.03282298541583856,False,False,No determination
230008,-0.024585254057071744,-0.061474773930408455,0.01318232703564113,False,-0.002310603265378646,-0.040007880010781524,0.03541485139918361,False,False,No determination
230009,-0.020253788566864172,-0.05243967238191312,0.012269496980185026,False,0.002020862224828924,-0.030054911133129976,0.03479538405546478,False,False,No determination
230010,-0.03860770865482957,-0.07595249659725299,-0.0015966905280753072,True,-0.016333057863136474,-0.05344525275826423,0.020441581618785343,False,False,"Changed, in line with the country"
230011,-0.05178698053180246,-0.07975356743710815,-0.025163297437729288,True,-0.029512329740109353,-0.05759137038609476,-0.002445960858345979,False,True,Ahead of the country
230012,-0.05199616336934253,-0.08641479138849249,-0.019271556513512443,True,-0.02972151257764942,-0.06446963548491261,0.0030470739648881828,False,False,"Changed, in line with the country"
230013,-0.0473353360648605,-0.07951098039935456,-0.015611752461322974,True,-0.025060685273167394,-0.058133077649542765,0.0073785290556138226,False,False,"Changed, in line with the country"
230014,-0.028945162637466784,-0.06573246776718794,0.009332395740163339,False,-0.006670511845773684,-0.04376415089110304,0.03185044641621873,False,False,No determination
230015,-0.04811967881298351,-0.07848533763544746,-0.01755819745944756,True,-0.025845028021290416,-0.05637365541505328,0.00406133402486538,False,False,"Changed, in line with the country"
230016,-0.04458465404949774,-0.07518422011446509,-0.01408301945216582,True,-0.022310003257804644,-0.053300768974347566,0.00828631246703469,False,False,"Changed, in line with the country"
230017,-0.03309340781256215,-0.06608775369439715,0.0004986775459434566,False,-0.01081875702086905,-0.04435420090827175,0.023053649503259853,False,False,No determination
230018,-0.03494645528322124,-0.07076526684718568,0.0001557288887313288,False,-0.012671804491528145,-0.04877584917521434,0.022071834577585697,False,False,No determination
240001,-0.0527158298402776,-0.07956049182404795,-0.026093566566085035,True,-0.0304411790485845,-0.05775392245081257,-0.003601037116456037,False,True,Ahead of the country
240002,-0.022513306710350473,-0.058573669898534776,0.014423236476488986,False,-0.00023865591865737733,-0.03593045402346496,0.03710654636539263,False,False,No determination
240003,-0.012869594700850466,-0.04904904686117505,0.02510141767465898,False,0.009405056090842632,-0.02712485036791437,0.04701019312840112,False,False,No determination
240004,-0.029466884100710505,-0.06824294797291583,0.007228164098283873,False,-0.007192233309017407,-0.04550395217341457,0.029671363291520543,False,False,No determination
240005,-0.013479555004659213,-0.05079659122374035,0.02393681316275549,False,0.008795095787033887,-0.027941189576816898,0.04578750745923447,False,False,No determination
240006,-0.02498252291707675,-0.06375425649451376,0.014641476812174396,False,-0.00270787212538365,-0.04157075655127045,0.036704722159392876,False,False,No determination
240007,-0.02388620205832904,-0.060798994264310395,0.012542177759988452,False,-0.00161155126663594,-0.03878265518743517,0.03420716427933526,False,False,No determination
240008,-0.011086447257166124,-0.047444728666515015,0.025543664554904408,False,0.011188203534526974,-0.025121587654589102,0.047824387391197036,False,False,No determination
240009,-0.012231622208380321,-0.04306556933087101,0.018457352066080325,False,0.010043028583312779,-0.020615554441252373,0.04035995068943505,False,False,No determination
240010,-0.007698763408060577,-0.04191129738410451,0.027049651798793616,False,0.014575887383632522,-0.01953081675921978,0.049258538282750765,False,False,No determination
240011,-0.0027098114852329943,-0.03668908829141039,0.032715147831248105,False,0.019564839306460104,-0.014414434714211772,0.054906617424883536,False,False,No determination
250001,-0.015119352845947153,-0.041014785476493114,0.010073233150476686,False,0.0071552979457459465,-0.018688957461502995,0.03284292797772759,False,False,No determination
250002,-0.015924705927834848,-0.047446284489993544,0.014889243188514211,False,0.006349944863858253,-0.02582545603795572,0.03773015005938661,False,False,No determination
250003,-0.010582674340617755,-0.04547239167925536,0.02443895575593461,False,0.011691976451075345,-0.023088372152027605,0.04705507801414789,False,False,No determination
250004,-0.00962263662369784,-0.0465611281096712,0.027971127602330892,False,0.012652014167995261,-0.024406129825368567,0.0501753166145685,False,False,No determination
250005,-0.026409303479999195,-0.05273744736182338,-0.0004200676648483449,True,-0.0041346526883060935,-0.03083229427083448,0.022129828444446272,False,False,"Changed, in line with the country"
250006,-0.013157012162020903,-0.05102940512638284,0.024659427961022544,False,0.009117638629672197,-0.028287998193163136,0.04660764925088287,False,False,No determination
250007,-0.031766615790043376,-0.07081440533357004,0.006644687514093164,False,-0.009491964998350273,-0.04858119674548256,0.028825423139795928,False,False,No determination
250008,-0.03112338481609581,-0.07131947548011572,0.006780313567192693,False,-0.008848734024402713,-0.04842943381348114,0.029496052963542813,False,False,No determination
250009,-0.02101242146256056,-0.052651588015363696,0.010877865214608004,False,0.0012622293291325406,-0.0303859215144137,0.033283461237467296,False,False,No determination
250010,-0.013606546036186768,-0.049117905962290064,0.021830042681920615,False,0.00866810475550633,-0.027249028112545374,0.04372636958502564,False,False,No determination
250011,-0.014033941388439124,-0.050098964088968405,0.022615989116751545,False,0.008240709403253972,-0.027652367363010865,0.044996019755478976,False,False,No determination
250012,-0.004008721494538328,-0.04268231217516226,0.03532540521430841,False,0.01826592929715477,-0.020464648823122007,0.05793736124726442,False,False,No determination
250013,-0.018132346077837817,-0.05656971727999168,0.021613996532313905,False,0.004142304713855282,-0.034573201604975186,0.04399013450612655,False,False,No determination
250014,-0.021754743193594415,-0.0565231855548558,0.013246153103338739,False,0.0005199075980986822,-0.0341389200753189,0.035552150246361915,False,False,No determination
250015,0.0006787792652208038,-0.033629731530472225,0.03589192265792604,False,0.022953430056913905,-0.01098227776124175,0.058452364112131644,False,False,No determination
260001,-0.016343953162076957,-0.04051529852625042,0.007757509827531055,False,0.005930697629616144,-0.017995789422161356,0.03037395856372569,False,False,No determination
260002,-0.015865670808882168,-0.049283033992532144,0.016782398874411842,False,0.006408979982810934,-0.02714346536343944,0.03937727557451223,False,False,No determination
260003,-0.0192455903930985,-0.05278265247276443,0.014478024443045235,False,0.003029060398594597,-0.030516728266225354,0.03668470817194224,False,False,No determination
260004,-0.009227951711918881,-0.04529905027417336,0.02703766777950731,False,0.013046699079774217,-0.023592062650584653,0.049597516661889024,False,False,No determination
260005,-0.027563589009324183,-0.06415071751247746,0.008356155244765759,False,-0.0052889382176310815,-0.04221927645164027,0.03060992206504762,False,False,No determination
260006,-0.028189163522225457,-0.06420067799564588,0.00813790106567683,False,-0.005914512730532359,-0.04166787273264733,0.03069056214114815,False,False,No determination
260007,-0.023196448929949428,-0.05825683401005958,0.013493186011881137,False,-0.0009217981382563317,-0.0360786723473584,0.03610646527085498,False,False,No determination
260008,-0.012622189093539805,-0.049426592772791926,0.02443770989325011,False,0.009652461698153291,-0.027777167404134072,0.046920194715616426,False,False,No determination
260009,-0.021941751001997276,-0.04906960693926537,0.005635098626055189,False,0.00033289978969582327,-0.026750340011225938,0.028008864264980143,False,False,No determination
260010,-0.01964842805934642,-0.0483495266516182,0.009575870912832818,False,0.0026262227323466795,-0.0263993180603645,0.03193789319887987,False,False,No determination
260011,-0.028911110773070625,-0.05983949518485921,0.001027029111798603,False,-0.006636459981377522,-0.03742387278222471,0.023798058795371356,False,False,No determination
260012,-0.017584957179670128,-0.0506391603044994,0.015211954984136373,False,0.0046896936120229705,-0.028366990261368,0.03759832090223116,False,False,No determination
260013,-0.01157711779278565,-0.042672465204415914,0.020120669593370645,False,0.010697532998907449,-0.020856165933101436,0.04247941305580508,False,False,No determination
260014,-0.006251183671746943,-0.04110746499837895,0.029087377708670842,False,0.016023467119946153,-0.01857575067968258,0.05186591499009531,False,False,No determination
260015,-0.052417238754588306,-0.0827782199047853,-0.022314623952347536,True,-0.0301425879628952,-0.0606395037585851,0.00019241736566537942,False,False,"Changed, in line with the country"
260016,-0.02846412695393927,-0.05664115046359591,-0.00024197526269483343,True,-0.006189476162246169,-0.03489744164528021,0.02175710245633967,False,False,"Changed, in line with the country"
260017,-0.03537551777593018,-0.06719382689057254,-0.0036587920897919414,True,-0.013100866984237087,-0.044898928158939776,0.018794377116872627,False,False,"Changed, in line with the country"
260018,-0.02706971782987589,-0.06355372056490952,0.0087099365006291,False,-0.004795067038182793,-0.04111740829043789,0.03176305573478727,False,False,No determination
270001,-0.03268094106416369,-0.05782807277890287,-0.008361607101363846,True,-0.010406290272470597,-0.03537045789198184,0.014141807380332792,False,False,"Changed, in line with the country"
270002,-0.011619774292946928,-0.04387818179099961,0.020172974444731,False,0.01065487649874617,-0.021919909176099466,0.04323235130183545,False,False,No determination
270003,-0.014373981334814108,-0.046694312171483246,0.017387502728720017,False,0.007900669456878992,-0.024493521682882092,0.03952701249786991,False,False,No determination
270004,-0.027975171295064445,-0.06258608618588508,0.005715351932533628,False,-0.005700520503371345,-0.04042260452600223,0.02803565757146649,False,False,No determination
270005,-0.016193729476610737,-0.04985482488729122,0.017245045311016893,False,0.006080921315082363,-0.027941128143171835,0.03976534954257395,False,False,No determination
270006,-0.0351522025416635,-0.07194416504678762,0.00124542028882289,False,-0.012877551749970398,-0.04968287955888711,0.023451861587863863,False,False,No determination
270007,-0.01604287241554046,-0.04234452554419488,0.010479242599655127,False,0.0062317783761526415,-0.019551370728005706,0.03301915994748402,False,False,No determination
270008,-0.008039172778857765,-0.04064810810229321,0.024307359853464824,False,0.014235478012835333,-0.018148989376052714,0.0464035219270274,False,False,No determination
270009,-0.02033695370527963,-0.05379114895133554,0.012470690075320139,False,0.001937697086413467,-0.03104026060518573,0.03463522728372234,False,False,No determination
270010,-0.00937298943152484,-0.04223240706173047,0.023410842222638097,False,0.012901661360168258,-0.0198931486475596,0.04619945018583161,False,False,No determination
270011,-0.008597437304919324,-0.040842790839757726,0.023898153806086793,False,0.013677213486773776,-0.01875627691923135,0.0461747645978115,False,False,No determination
280001,-0.02968151137064251,-0.05535917550857845,-0.004081393691380238,True,-0.007406860578949411,-0.03301966397292053,0.018495191014031433,False,False,"Changed, in line with the country"
280002,-0.025921939847735366,-0.05933668507541302,0.006874315989906773,False,-0.00364728905604227,-0.03682226734768437,0.029144355647987785,False,False,No determination
280003,-0.02159045537013679,-0.054861403418394614,0.012553179530736942,False,0.0006841954215563107,-0.03320463858787569,0.03428822810232417,False,False,No determination
280004,-0.03186836363970681,-0.06468505219011736,0.001924966427385102,False,-0.009593712848013712,-0.04271651864837757,0.024306344339288168,False,False,No determination
280005,-0.025876254072917056,-0.05898273542194925,0.007728921932439246,False,-0.0036016032812239587,-0.0364622091367963,0.029957924900275355,False,False,No determination
280006,-0.016590568918662618,-0.050744218680207,0.016810336172545112,False,0.005684081873030479,-0.028560513399037653,0.03920223536385826,False,False,No determination
290001,-0.02046218569435906,-0.043353042994840496,0.00270982080490963,False,0.0018124650973340391,-0.021341767163217812,0.0257698214927518,False,False,No determination
290002,-0.03793325996485958,-0.06591237369514712,-0.009559818527271939,True,-0.015658609173166478,-0.04414043737235769,0.012535303146086082,False,False,"Changed, in line with the country"
290003,-0.016486762045564568,-0.04842349270556832,0.015379862359787553,False,0.005787888746128533,-0.026357559600344475,0.03793934668206076,False,False,No determination
290004,-0.013659765495652757,-0.044968821396704876,0.017258596537441818,False,0.008614885296040342,-0.023110410127401757,0.03954299746705665,False,False,No determination
290005,-0.009521518161821558,-0.038929627180269384,0.021180059259769932,False,0.012753132629871542,-0.01713843262619961,0.043412283425024255,False,False,No determination
290006,-0.020806739072829768,-0.05438301376401112,0.013065202613132395,False,0.001467911718863331,-0.03225237489757918,0.0357126209386975,False,False,No determination
290007,-0.0016437279357846485,-0.026563066969522837,0.023888312107526392,False,0.020630922855908448,-0.00490481212234176,0.04638473246007612,False,False,No determination
290008,-0.022070945898318265,-0.052486320315296264,0.008154546846510197,False,0.00020370489337483673,-0.030644437934526102,0.030700101341021947,False,False,No determination
290009,-0.01556011301707006,-0.04377258328878329,0.01267421304125864,False,0.006714537774623043,-0.021456184257020627,0.03543298354618991,False,False,No determination
290010,-0.005208129084068323,-0.03723362014683212,0.02797092099075666,False,0.017066521707624776,-0.015367196096679695,0.05065423511306792,False,False,No determination
290011,-0.06323009390061494,-0.09133785338401963,-0.0357971278106187,True,-0.04095544310892184,-0.06922235197840294,-0.013567463385989194,False,True,Ahead of the country
290012,-0.041957349286611406,-0.07200327590071613,-0.013626135659336406,True,-0.019682698494918306,-0.04977722606905715,0.008984611910429187,False,False,"Changed, in line with the country"
290013,-0.03552880789433745,-0.06828100869235022,-0.0024451885545997087,True,-0.013254157102644343,-0.046284407372856703,0.01994995989464565,False,False,"Changed, in line with the country"
290014,-0.011582966644961917,-0.04407159293316637,0.020330368871537705,False,0.010691684146731183,-0.022013780041065332,0.042956311198966125,False,False,No determination
290015,-0.028031759807310572,-0.06292948532976145,0.005438089248683653,False,-0.005757109015617473,-0.04102754817119206,0.027557981582518147,False,False,No determination
290016,-0.028025190569394204,-0.05813058952285185,0.0014651043227509224,False,-0.005750539777701109,-0.03594918201885583,0.0240705144240989,False,False,No determination
290017,-0.0338249351482389,-0.06580396942394583,-0.0022596117263497728,True,-0.011550284356545803,-0.043852543989420324,0.01989681001303635,False,False,"Changed, in line with the country"
290018,-0.033744423561584705,-0.06196698942691476,-0.005645157320211534,True,-0.011469772769891603,-0.040012144528106,0.016924446650312293,False,False,"Changed, in line with the country"
290019,-0.028454480332054857,-0.06323233426359282,0.006313721582123207,False,-0.006179829540361757,-0.04116789362964355,0.028407456141252046,False,False,No determination
290020,-0.029873278725715414,-0.05766565024337544,-0.0017349184872916385,True,-0.007598627934022318,-0.03608337628751249,0.020848186656882782,False,False,"Changed, in line with the country"
290021,-0.02597144199941615,-0.05587494171303245,0.003739935669759972,False,-0.0036967912077230467,-0.034194022313067986,0.02671263988765947,False,False,No determination
290022,-0.013303796599473552,-0.03980047302469021,0.012919103405047845,False,0.008970854192219548,-0.017957650557180394,0.03574955953101203,False,False,No determination
290023,-0.014893763492954432,-0.044816679005645434,0.014982533577956925,False,0.007380887298738668,-0.02205844715754859,0.03740867602765685,False,False,No determination
290024,-0.02909744595759847,-0.061814658612029984,0.003675732081980811,False,-0.0068227951659053715,-0.03966601945699665,0.02582704837642111,False,False,No determination
290025,-0.030355700388160656,-0.06195143445969002,0.0016400904159530874,False,-0.008081049596467558,-0.040015192709707575,0.024101063849735725,False,False,No determination
290026,-0.024651202852755325,-0.056768462891995525,0.008022056453565185,False,-0.002376552061062225,-0.03497797584905837,0.03023919261008485,False,False,No determination
290027,-0.022702809283779785,-0.05727408718042453,0.011556538417291713,False,-0.00042815849208668465,-0.03508639045310537,0.03441531056858884,False,False,No determination
290028,-0.023999149392643405,-0.06142407432321754,0.012275403783802336,False,-0.0017244986009503033,-0.03915408306030883,0.0350264013725802,False,False,No determination
290029,-0.03473558752594208,-0.06089429807309639,-0.008752203348665303,True,-0.012460936734248975,-0.03859305142551665,0.01388212541778804,False,False,"Changed, in line with the country"
290030,-0.004594440825814423,-0.035386436154435985,0.027634708335188007,False,0.017680209965878674,-0.013438960376232014,0.04967653241536757,False,False,No determination
290031,-0.01447544261035916,-0.046629826758854506,0.01785634105300221,False,0.0077992081813339385,-0.024927356506272976,0.04057860157120753,False,False,No determination
290032,-0.03488786772955368,-0.06891566032029589,-0.0017418476532842341,True,-0.012613216937860574,-0.04714812448683468,0.020774796033443246,False,False,"Changed, in line with the country"
290033,-0.010118025974047668,-0.04352942274044189,0.023873351491355586,False,0.012156624817645434,-0.02147438824983532,0.046011652036520446,False,False,No determination
290034,-0.025899956325431767,-0.05909294761038391,0.007097459090441689,False,-0.0036253055337386684,-0.03697000864757944,0.029440810260448088,False,False,No determination
310001,-0.0055904427250595195,-0.029402254476980232,0.01790980531280942,False,0.01668420806663358,-0.007557500455281872,0.0406387118629721,False,False,No determination
310002,-0.031207608813153973,-0.06265045896421002,0.00019064135443989775,False,-0.00893295802146087,-0.04091887617627601,0.0222249240519837,False,False,No determination
310003,-0.010308955574135806,-0.04493421663713065,0.023423218636838324,False,0.011965695217557294,-0.023098965301149327,0.04587768112236829,False,False,No determination
310004,-0.02934170707573857,-0.06469060054020216,0.005518026483957396,False,-0.007067056284045469,-0.042755684934548094,0.028557183197830523,False,False,No determination
310005,-0.03798573730745534,-0.07544431765258235,-0.0023458670479750664,True,-0.015711086515762234,-0.05360062824461492,0.020226044921541283,False,False,"Changed, in line with the country"
310006,-0.027757563230126504,-0.05730640685657545,0.0009487461499286766,False,-0.0054829124384334045,-0.03507774535313065,0.023713637736691336,False,False,No determination
310007,-0.012505646988391683,-0.04628435891671854,0.022300263684648984,False,0.009769003803301417,-0.023870233811063672,0.04447104727599844,False,False,No determination
310008,-0.031923398078666516,-0.06654638758194067,0.001677569490953898,False,-0.009648747286973415,-0.04438776903173952,0.023983962043699323,False,False,No determination
310009,-0.026727566280083645,-0.06187649414214658,0.007559664969257868,False,-0.004452915488390545,-0.03996769966729347,0.029747544100921525,False,False,No determination
310010,-0.018842359315070598,-0.05413860894102003,0.01686464951375912,False,0.0034322914766225002,-0.03217189504121641,0.03946644762693598,False,False,No determination
310011,-0.05379131839758296,-0.09220875975694069,-0.018250687833498484,True,-0.03151666760588986,-0.07000328528606471,0.004191653192389272,False,False,"Changed, in line with the country"
310012,-0.02044423453363014,-0.05684464652717375,0.016092126192916043,False,0.0018304162580629632,-0.03394878685925699,0.03866448510754736,False,False,No determination
310013,-0.018492336037668956,-0.047885503227937956,0.011128384447653888,False,0.0037823147540241415,-0.026079039576525936,0.03368702858725956,False,False,No determination
310014,-0.02307573517974419,-0.0570809274207898,0.011476816078392994,False,-0.0008010843880510887,-0.035289331351561294,0.03423730422344724,False,False,No determination
310015,-0.028917856094644784,-0.0632723313438798,0.005920376528921141,False,-0.006643205302951683,-0.04158331319589396,0.028425364625718548,False,False,No determination
310016,-0.01788880219350596,-0.0532973605295607,0.01783196247981471,False,0.004385848598187141,-0.03154779318410773,0.04019073804021757,False,False,No determination
310017,-0.033501049362063016,-0.07057476587698029,0.0023057446052849964,False,-0.011226398570369915,-0.04845560054306477,0.024715735692363974,False,False,No determination
310018,-0.025600260482243186,-0.06183351326975316,0.011097257798807351,False,-0.0033256096905500848,-0.03989159876415552,0.03379546347142197,False,False,No determination
310019,-0.03325163532068116,-0.07114943519513806,0.0032150876074654427,False,-0.010976984528988064,-0.04874698801025775,0.02540770844188817,False,False,No determination
310020,-0.049253091393279574,-0.08186860378828449,-0.017349197771285664,True,-0.026978440601586474,-0.060254913665519896,0.004822029574439542,False,False,"Changed, in line with the country"
310021,-0.022143172636419486,-0.05633108358248274,0.012022335439992957,False,0.00013147815527361217,-0.03446909766459578,0.03500991082441288,False,False,No determination
310022,-0.016031599575187853,-0.05299025438776647,0.021805664858944446,False,0.006243051216505249,-0.030655242049211027,0.04415906679066303,False,False,No determination
310023,-0.031177727203374465,-0.07052427603036983,0.006337626807507084,False,-0.008903076411681369,-0.04835281334457746,0.02900893659714528,False,False,No determination
310024,-0.04120644320362959,-0.07271073205012307,-0.009912504852484945,True,-0.018931792411936488,-0.05105356367448958,0.012814472712291138,False,False,"Changed, in line with the country"
310025,-0.02655321132838665,-0.06053240865884359,0.006497674333009095,False,-0.0042785605366935505,-0.037982711750116645,0.02881276451770395,False,False,No determination
310026,-0.021016255861818857,-0.056597765133568706,0.014161759608207088,False,0.0012583949298742415,-0.03508554687537059,0.037066123989495506,False,False,No determination
310027,-0.01977363104099902,-0.048145922092938526,0.008343197857726912,False,0.002501019750694077,-0.025945623818967447,0.030972661127748515,False,False,No determination
310028,-0.02808907427317442,-0.0587095376380368,0.0026793840613969014,False,-0.005814423481481319,-0.0368137826526184,0.025130420190333614,False,False,No determination
310029,-0.012331482420817792,-0.04447964960588097,0.020331932864075076,False,0.009943168370875308,-0.022426553306411426,0.0426354146603814,False,False,No determination
310030,-0.016655617662633737,-0.05189735701429643,0.019446813951542026,False,0.0056190331290593655,-0.030298029143723024,0.04127889526641784,False,False,No determination
310031,-0.013712583557594346,-0.04885449070806774,0.021527957942366026,False,0.008562067234098752,-0.027217620936907574,0.04388413768606006,False,False,No determination
310032,-0.020163420923959095,-0.055221909369764524,0.014947133408536702,False,0.0021112298677340067,-0.03354511292704072,0.037577867914042454,False,False,No determination
310033,-0.01918217526013242,-0.05490404368719516,0.016944207256619177,False,0.0030924755315606786,-0.033134680093009086,0.03941238199526567,False,False,No determination
310034,-0.020282751042846124,-0.056630266227312036,0.016040335622273257,False,0.0019918997488469793,-0.034618265119824035,0.03810773452304937,False,False,No determination
310035,-0.0293883610288788,-0.06752447690026152,0.008053470296730189,False,-0.007113710237185701,-0.045388028449738,0.030328175516013658,False,False,No determination
310036,-0.025415273245078147,-0.06345674518132552,0.012611090391135468,False,-0.003140622453385049,-0.040886090757858436,0.03526406398906985,False,False,No determination
310037,-0.023248243381466936,-0.05729825084023456,0.010013585313625088,False,-0.000973592589773835,-0.03543635248370498,0.032711449592230886,False,False,No determination
310038,-0.03124005055200358,-0.06311586711314153,0.00041627936030693053,False,-0.008965399760310478,-0.04130993843040315,0.023232722006163935,False,False,No determination
310039,-0.041283170152526735,-0.07697265084636194,-0.0061860400208910375,True,-0.019008519360833635,-0.05509444653399264,0.01651005746682565,False,False,"Changed, in line with the country"
310040,-0.020231649043516497,-0.05397485594271949,0.013525674922377363,False,0.0020430017481765997,-0.03212714430480147,0.036313794657527154,False,False,No determination
310041,-0.034945434888243546,-0.06883994685185443,-0.0021901639627744506,True,-0.012670784096550446,-0.04689183253970531,0.020243551613467966,False,False,"Changed, in line with the country"
310042,-0.025676211775168517,-0.06019093552582552,0.008154464821323126,False,-0.0034015609834754214,-0.03789402323940305,0.03079741178834069,False,False,No determination
310043,-0.030905657591283463,-0.06377111800440245,0.00258234804628029,False,-0.008631006799590361,-0.04215957041343556,0.024668850296320016,False,False,No determination
310044,-0.02338865410242829,-0.05967659868174944,0.011063403254104402,False,-0.0011140033107351894,-0.03743643856656652,0.03381738711187458,False,False,No determination
310045,-0.02032646547453666,-0.05559420891247627,0.014831744092163502,False,0.0019481853171564396,-0.03341271202554301,0.03698446711190372,False,False,No determination
310046,-0.020376117925554518,-0.05364172074960697,0.014324363321532444,False,0.0018985328661385843,-0.03186497840388642,0.03662917239148276,False,False,No determination
310047,-0.024296809667404568,-0.059955579093224194,0.01058133994848972,False,-0.0020221588757114647,-0.03756171749209061,0.032942123259158414,False,False,No determination
310048,-0.033044154557679235,-0.0709313160628031,0.0041264333875200105,False,-0.010769503765986137,-0.04884639617557265,0.026387993278760315,False,False,No determination
310049,-0.023938695558216413,-0.0619220093496028,0.014239891689248373,False,-0.001664044766523312,-0.03982389129983866,0.03655870906556119,False,False,No determination
310050,-0.027584601548958143,-0.056626416339705936,0.0024090048944865484,False,-0.005309950757265044,-0.034880439819038,0.025073826516047754,False,False,No determination
310051,-0.0165978677590402,-0.050422100663233486,0.018401938649055778,False,0.0056767830326528955,-0.028385226523462908,0.040404249885883384,False,False,No determination
310052,-0.0092717879484095,-0.0430454010740026,0.0250881477623071,False,0.013002862843283601,-0.020693449677341307,0.048070760779194394,False,False,No determination
310053,-0.017809243190412907,-0.05218829914612503,0.01621837957638032,False,0.004465407601280192,-0.03001241487267116,0.03869410618343557,False,False,No determination
310054,-0.029405523780543227,-0.0672570708948052,0.007332187813676701,False,-0.007130872988850129,-0.04486727560258953,0.029462760528002615,False,False,No determination
310055,-0.0069843075567163114,-0.03621483559335197,0.022645384130860834,False,0.015290343234976788,-0.01412755915788859,0.045299126774543445,False,False,No determination
310056,-0.033883552459238846,-0.06786671901584759,-0.00015273999832374362,True,-0.011608901667545742,-0.04613908768969906,0.022256000653847443,False,False,"Changed, in line with the country"
310057,-0.00914744036795479,-0.04611033532597407,0.02787095118851931,False,0.013127210423738309,-0.023614310161905364,0.05040607547095084,False,False,No determination
310058,-0.033877766398477394,-0.07139508702017829,0.0032117362003110995,False,-0.011603115606784294,-0.049369849195110546,0.025680843077285628,False,False,No determination
310059,-0.03480750390699056,-0.06621205073064719,-0.004632800274615862,True,-0.012532853115297463,-0.04401496952223693,0.018111616642317585,False,False,"Changed, in line with the country"
310060,-0.006486240621691539,-0.04245735071502135,0.029799038261449057,False,0.015788410170001557,-0.02050397976393473,0.05240009644678195,False,False,No determination
310061,-0.013903862176682167,-0.05155219764033652,0.024650697998905482,False,0.008370788615010933,-0.0291311162104227,0.04669702497011059,False,False,No determination
310062,-0.01761133323441394,-0.04673540133833002,0.011198914554160885,False,0.004663317557279161,-0.024857181400374333,0.03391582856734076,False,False,No determination
310063,-0.022125364991622508,-0.05759430021728397,0.012857811445503792,False,0.0001492858000705922,-0.03563919230286294,0.03535928857220158,False,False,No determination
310064,-0.010173606019451052,-0.04513582860335033,0.026339822153223353,False,0.012101044772242048,-0.02335419059943618,0.04906460686267859,False,False,No determination
310065,-0.016935091418625238,-0.04496446450302927,0.012204395977132661,False,0.005339559373067861,-0.023423827376902427,0.03420351852826875,False,False,No determination
310066,-0.011841012951315942,-0.04638522672836758,0.02416805539832334,False,0.010433637840377158,-0.02415021039385475,0.045926292438284215,False,False,No determination
310067,-0.03403865485750717,-0.07034001922312494,0.0013760179520633025,False,-0.011764004065814064,-0.04809574241267864,0.024037987667569264,False,False,No determination
310068,-0.02420815683705755,-0.05988392975234852,0.012247570373889216,False,-0.0019335060453644518,-0.038335928573356534,0.034952458573811435,False,False,No determination
310069,-0.03210038889593329,-0.06948944589531926,0.00565549374019556,False,-0.009825738104240192,-0.046866646271926965,0.027706416571752195,False,False,No determination
310070,-0.01646261785371042,-0.05522153223653005,0.021946435120296953,False,0.005812032937982682,-0.033094471017093716,0.044628673219819046,False,False,No determination
320001,0.0033651131603176414,-0.02300151876769335,0.02996052702078594,False,0.025639763952010744,-0.0008915125020416825,0.05262343768978318,False,False,No determination
320002,-0.002410771506508606,-0.03779107320756953,0.033175973180832,False,0.019863879285184495,-0.015573364626710417,0.055770947202781966,False,False,No determination
320003,-0.012474088717291255,-0.045636348997070905,0.020489435529906615,False,0.009800562074401846,-0.023405106185264972,0.042854470671432304,False,False,No determination
320004,-0.002329109615237584,-0.03408959183952824,0.030016963157807726,False,0.019945541176455514,-0.012036717510104785,0.05182453258747943,False,False,No determination
320005,-0.03932761051139751,-0.07309258859369465,-0.007093456886949771,True,-0.01705295971970441,-0.05034044352158175,0.015279945263976313,False,False,"Changed, in line with the country"
320006,-0.015228616684542513,-0.050956846899306116,0.020519720540612976,False,0.007046034107150584,-0.028769971058622418,0.04260010379537437,False,False,No determination
320007,-0.004475523456499191,-0.036842174672891206,0.02771823358384356,False,0.01779912733519391,-0.014634504366957206,0.0501015756473836,False,False,No determination
320008,-0.02686192233364747,-0.06295378304802374,0.010021236592841501,False,-0.004587271541954373,-0.04077100757575511,0.03189331634965171,False,False,No determination
330001,-0.006460791690259465,-0.029092144992024123,0.016550421574215848,False,0.015813859101433635,-0.007308507862642072,0.0389128064538436,False,False,No determination
330002,-0.014394511107056779,-0.05114425866910906,0.021629215736356292,False,0.007880139684636321,-0.02854576378385058,0.04422703625336268,False,False,No determination
330003,-0.01630011452444297,-0.05270833770789987,0.02026453600047771,False,0.0059745362672501325,-0.03041042730305918,0.04279288526654127,False,False,No determination
330004,-0.004641400338615705,-0.03491163355646756,0.02607996662215831,False,0.017633250453077395,-0.013175074378574427,0.04849027736654978,False,False,No determination
330005,0.0021826769168864393,-0.029696662848046416,0.035604206386146586,False,0.024457327708579536,-0.007543920268862078,0.05803933165088411,False,False,No determination
330006,-0.024059905658718784,-0.058179268683583404,0.01079810659840038,False,-0.0017852548670256874,-0.035906144461337136,0.03311716301308714,False,False,No determination
330007,-0.0034644030763378445,-0.0354217098909417,0.02894637901100385,False,0.018810247715355253,-0.013281652959579034,0.051686384860776834,False,False,No determination
330008,-0.014934116661855047,-0.04808081237679926,0.017919937019737053,False,0.007340534129838051,-0.025988342993189018,0.04040360051413215,False,False,No determination
330009,-0.013766068958124784,-0.04927480998801111,0.021917169686201013,False,0.008508581833568316,-0.026778491930026266,0.043648951870343636,False,False,No determination
330010,-0.0033809030177632273,-0.029223317110720827,0.02295875643685626,False,0.018893747773929874,-0.007521678217399936,0.04575652842886232,False,False,No determination
330011,-0.017012042627710385,-0.05221569597672385,0.018060990428948445,False,0.005262608163982714,-0.0302798296911721,0.040460628561488625,False,False,No determination
330012,-0.014313849655803117,-0.052170718293377986,0.024012560907036826,False,0.007960801135889983,-0.02926900401113396,0.04618517828883911,False,False,No determination
330013,-0.0119291708214456,-0.0421028946262933,0.01769591176318253,False,0.0103454799702475,-0.01916924869380091,0.04037208069969876,False,False,No determination
330014,-0.01668942423840772,-0.04689865134974579,0.012766373485869403,False,0.005585226553285381,-0.024991541254339174,0.03522058856831427,False,False,No determination
350001,-0.004369057678558562,-0.026772988400517526,0.017633266442597,False,0.017905593113134537,-0.005594714136865722,0.04040245252928634,False,False,No determination
350002,-0.07820856659817592,-0.104937551376634,-0.052436187500294926,True,-0.05593391580648283,-0.08262502928806194,-0.029159079333759906,False,True,Ahead of the country
350003,-0.023725844383210102,-0.04817879360119966,0.0013494682894474822,False,-0.0014511935915170015,-0.026449876545813863,0.023792775085264797,False,False,No determination
350004,-0.04777900351292548,-0.07965206613650258,-0.017390163264572146,True,-0.02550435272123238,-0.05758387869552341,0.004815667340887753,False,False,"Changed, in line with the country"
350005,-0.019882306584834482,-0.05234058346339629,0.012147974338692689,False,0.0023923442068586186,-0.03035354749425664,0.034540358623993093,False,False,No determination
350006,-0.023371171716408654,-0.05681667407351666,0.009817490887432216,False,-0.0010965209247155508,-0.03519043140917944,0.03201624983195416,False,False,No determination
350007,-0.02527392550180391,-0.058762862324420295,0.007835008487220463,False,-0.002999274710110807,-0.03676686396900297,0.029976871934690164,False,False,No determination
350008,-0.0302207338231811,-0.06485163746120816,0.003452626983244711,False,-0.007946083031488,-0.042348652487046876,0.025690737098506968,False,False,No determination
350009,-0.06605511459440205,-0.09862945441282625,-0.03441524953153786,True,-0.04378046380270897,-0.0761955528102621,-0.01212136064245199,False,True,Ahead of the country
350010,-0.025682014932564553,-0.057472396117125873,0.0055501542007383884,False,-0.0034073641408714525,-0.03580533639200972,0.028240603488904368,False,False,No determination
350011,-0.014866613458293163,-0.04888680499401541,0.019606156656881164,False,0.007408037333399935,-0.026871536367844343,0.04217700384447832,False,False,No determination
350012,-0.009380330772037796,-0.043942785526914115,0.026629599895421744,False,0.012894320019655304,-0.022522733025979767,0.04901412492446281,False,False,No determination
350013,-0.021911908509101578,-0.05528839341089614,0.011086063408888604,False,0.0003627422825915184,-0.032824401196802945,0.0336138983449444,False,False,No determination
350014,-0.0035049298578776725,-0.037404902056786475,0.03136094596873469,False,0.018769720933815428,-0.015216204794215267,0.05404513922570256,False,False,No determination
350015,-0.009926595407601546,-0.044440166300178593,0.025124593757529942,False,0.012348055384091556,-0.02244791354906435,0.04764583335588834,False,False,No determination
350016,-0.028616504461786874,-0.0658063561310019,0.00789363201130985,False,-0.006341853670093773,-0.04346892368807535,0.03026916814656615,False,False,No determination
350017,-0.017509621001166983,-0.05586936642791737,0.021129200039710253,False,0.004765029790526116,-0.033622138619852075,0.0439701480668313,False,False,No determination
350018,-0.021778772435899235,-0.05133329205733008,0.009527677688473667,False,0.0004958783557938662,-0.02957768888830049,0.03221289307016598,False,False,No determination
350019,-0.018811035678713325,-0.05628017019544855,0.018182473466070926,False,0.003463615112979773,-0.033720516550281195,0.039891891251816324,False,False,No determination
350020,-0.021977791160723223,-0.05889147368093735,0.015146465746992181,False,0.0002968596309698789,-0.036242845085949243,0.03733377541419011,False,False,No determination
350021,-0.029664266537809843,-0.0663209063743637,0.007738483227368965,False,-0.007389615746116744,-0.04435448519358864,0.02995431862217933,False,False,No determination
350022,0.008638733330895836,-0.02407161095539877,0.043192655163496234,False,0.030913384122588938,-0.0018833386386003068,0.06550466152047492,False,False,No determination
350023,-0.005896491182643026,-0.03884242740134202,0.027400964807588815,False,0.016378159609050074,-0.016655932786427387,0.04966558980437738,False,False,No determination
350024,-0.013751225676693355,-0.04865378877369066,0.02176275047549705,False,0.008523425114999745,-0.026536473492066365,0.04413194769863532,False,False,No determination
350025,-0.03931245852159329,-0.07012223064549364,-0.009978649483614516,True,-0.01703780772990019,-0.047785690186774275,0.012904214984025646,False,False,"Changed, in line with the country"
350026,-0.022964527283763966,-0.057614309969791916,0.010801659452941642,False,-0.0006898764920708673,-0.036156974834993784,0.03281227703412655,False,False,No determination
350027,-0.01948222274833831,-0.05600083740057965,0.01729150739836932,False,0.0027924280433547894,-0.03418180790415627,0.03984914848397627,False,False,No determination
350028,-0.03467140205137196,-0.07253160186256373,0.0017619384126098903,False,-0.012396751259678856,-0.05054082444578434,0.024234008492959484,False,False,No determination
350029,-0.009499199553602594,-0.046424564818530994,0.028046501157763262,False,0.012775451238090506,-0.024668565745611843,0.051025370246319764,False,False,No determination
350030,-0.020431879734865894,-0.05935619605953066,0.01851565708512963,False,0.0018427710568272053,-0.03750275328964555,0.0409573286675831,False,False,No determination
350031,-0.011864272863910813,-0.03915726678110189,0.015376788089727145,False,0.010410377927782287,-0.017358229982839313,0.03805630750704838,False,False,No determination
350032,-0.009362458107836973,-0.04062981521481755,0.022721242666486546,False,0.012912192683856126,-0.018857065977267363,0.04517884252351858,False,False,No determination
350033,-0.029015295017896764,-0.05904363474232035,0.0018477544668281415,False,-0.006740644226203666,-0.03688890801921934,0.024429970734201886,False,False,No determination
350034,-0.028209580072120523,-0.06401986525970006,0.006844837822830182,False,-0.005934929280427422,-0.041589208571979536,0.029450008766564322,False,False,No determination
350035,-0.014347513465007667,-0.0516963681877088,0.022563555617723885,False,0.007927137326685433,-0.029208897777882055,0.044918484439137,False,False,No determination
350036,-0.012084775665998134,-0.04201977901321627,0.018350897074767523,False,0.010189875125694966,-0.019968702009733982,0.0407681920356961,False,False,No determination
350037,-0.01909237282178551,-0.05107933838656944,0.012445743239503626,False,0.0031822779699075916,-0.02886044620663043,0.035234398370573065,False,False,No determination
350038,-0.010346904619842483,-0.03492647729656927,0.014501150143264814,False,0.011927746171850615,-0.012928048583141904,0.03688588161110841,False,False,No determination
350039,-0.02457375661388081,-0.051709597976170946,0.0024420545434491237,False,-0.0022991058221877125,-0.029560894790802674,0.025226671958597954,False,False,No determination
350040,-0.028005177122932805,-0.062482537960900204,0.005556366353447302,False,-0.005730526331239707,-0.03979865425392114,0.027307358631274023,False,False,No determination
350041,-0.03016826188095259,-0.06027444704024499,8.819771185161273e-05,False,-0.007893611089259494,-0.038601685183347376,0.02253730648405377,False,False,No determination
350042,-0.006601048429767669,-0.038462178318339944,0.027164026060044255,False,0.015673602361925432,-0.016598268724741034,0.049972782171835706,False,False,No determination
350043,-0.020912432636871283,-0.05498377122444592,0.013453360005124638,False,0.0013622181548218176,-0.03296256624607176,0.036267065145478845,False,False,No determination
350044,-0.016244046360601058,-0.04923569112493908,0.016713812707755772,False,0.0060306044310920424,-0.027158413908354686,0.03932195102573591,False,False,No determination
350045,-0.02536730566595879,-0.05929380813515149,0.008118629957749599,False,-0.0030926548742656913,-0.037104677048131106,0.03017649661479013,False,False,No determination
350046,-0.018373395806481025,-0.05168031926051171,0.015930972197614048,False,0.0039012549852120745,-0.029717660985307596,0.03798056993615244,False,False,No determination
350047,-0.003541165434438768,-0.03813424595579388,0.03236718167911906,False,0.01873348535725433,-0.016286429090057303,0.054491451997910535,False,False,No determination
350048,-0.013088476487281698,-0.05042445657936904,0.02422596152968324,False,0.009186174304411402,-0.028000793913132364,0.046440468649346284,False,False,No determination
350049,-0.025989218700191684,-0.054626246670305724,0.0017399144001829596,False,-0.0037145679084985843,-0.03246138582771054,0.024285998104483814,False,False,No determination
350050,-0.018278857148608864,-0.046898772531015376,0.01078478753230408,False,0.003995793643084233,-0.024834864723558395,0.03355344604082165,False,False,No determination
350051,-0.002330598217433834,-0.03343159152414284,0.030662763302909405,False,0.019944052574259262,-0.011635024856626344,0.05301644564613692,False,False,No determination
350052,-0.026525063299456038,-0.05981237374471602,0.0056165224855937515,False,-0.0042504125077629405,-0.03803515927374814,0.027959242807488693,False,False,No determination
350053,-0.017137623767141005,-0.051024261263250784,0.017713724145757025,False,0.005137027024552095,-0.029260631525828234,0.03974781269732179,False,False,No determination
410001,-0.03951864860587789,-0.06512891933515519,-0.014786066242569776,True,-0.017243997814184793,-0.04335293999113917,0.008331698423658924,False,False,"Changed, in line with the country"
410002,-0.02413006219388779,-0.05738976012222748,0.010197800632272045,False,-0.0018554114021946905,-0.035206812745047875,0.032502107711745734,False,False,No determination
410003,-0.02937122685144139,-0.06530982585285598,0.0069716647498341035,False,-0.007096576059748288,-0.0432718070619424,0.029318706312065918,False,False,No determination
410004,-0.04077374382251756,-0.07450963542484991,-0.0072148469374518605,True,-0.01849909303082446,-0.052739185360576965,0.015321782175002742,False,False,"Changed, in line with the country"
410005,-0.028246682709184116,-0.06797584191742666,0.01136151182375321,False,-0.0059720319174910155,-0.045632874811523,0.03411747771070882,False,False,No determination
410006,-0.02296508089794036,-0.05790063893477315,0.012443425188555306,False,-0.0006904301062472604,-0.03614735604061674,0.03446698200067787,False,False,No determination
410007,-0.022892526254855806,-0.055486712939701775,0.009750773814281737,False,-0.0006178754631627074,-0.033250945718134604,0.0327437542617802,False,False,No determination
410008,-0.03220308266697366,-0.06665047751788002,0.0012608125607006934,False,-0.009928431875280556,-0.04503016773943191,0.023167339374193876,False,False,No determination
410009,-0.051982857004915485,-0.08739378251665941,-0.017650719449177812,True,-0.02970820621322238,-0.06538507790658328,0.004732016152778361,False,False,"Changed, in line with the country"
410010,-0.032196541550660304,-0.0663230971508071,0.0008384533130957575,False,-0.009921890758967206,-0.04416460164568661,0.02340655931021248,False,False,No determination
410011,-0.04360845248490962,-0.082528739527859,-0.006085589472571048,True,-0.021333801693216515,-0.06030838386805287,0.016743235996206068,False,False,"Changed, in line with the country"
410012,-0.03874427210320113,-0.07864004873387556,-8.064578721227403e-05,True,-0.016469621311508035,-0.056267079951397604,0.022107449490132446,False,False,"Changed, in line with the country"
410013,-0.02903054666087371,-0.06813163736358831,0.009151273372890905,False,-0.0067558958691806125,-0.04616482799089156,0.031161251499826112,False,False,No determination
410014,-0.017735301925087564,-0.051259811395561246,0.017218576269487834,False,0.004539348866605533,-0.02913481471926935,0.03924907206718303,False,False,No determination
410015,-0.027507441663380372,-0.05985207497879586,0.0051102771105354,False,-0.005232790871687273,-0.03777302571793717,0.027913510175147902,False,False,No determination
410016,-0.03799082304322394,-0.07321485590246295,-0.0025617136865716907,True,-0.015716172251530842,-0.05129208328011068,0.020330760874847417,False,False,"Changed, in line with the country"
410017,-0.037614909611382294,-0.07448150623485754,-0.0013476903745428702,True,-0.015340258819689194,-0.052321672338310775,0.02088956427770355,False,False,"Changed, in line with the country"
410018,-0.03440005930247126,-0.07291342415531374,0.0034633403652882906,False,-0.01212540851077816,-0.050498094210738295,0.02580435127093412,False,False,No determination
410019,-0.025670722799172038,-0.06592591434794566,0.01388132058585064,False,-0.0033960720074789367,-0.04410934678088823,0.036190061935768215,False,False,No determination
410020,-0.03228766134892797,-0.07238683670104641,0.007881769682067495,False,-0.01001301055723486,-0.05072907980382254,0.029798394265738118,False,False,No determination
410021,-0.029461086565898513,-0.06113060781756854,0.002248476525011022,False,-0.007186435774205414,-0.03939553678949456,0.024652793357459304,False,False,No determination
410022,-0.037361581514751295,-0.0705817778953368,-0.0032740865862265953,True,-0.015086930723058192,-0.0488715397670751,0.018704094755248552,False,False,"Changed, in line with the country"
410023,-0.036957322252777446,-0.07340682912343703,-0.0009819198714063697,True,-0.014682671461084339,-0.050771485256438376,0.02132018835828808,False,False,"Changed, in line with the country"
410024,-0.01041694170110555,-0.047726303280237345,0.028508257668873067,False,0.011857709090587549,-0.02534816147226816,0.051363947760748145,False,False,No determination
410025,-0.026870131381477026,-0.06394793076261358,0.009574424799578395,False,-0.0045954805897839264,-0.041856275047699266,0.0317841664857929,False,False,No determination
410026,-0.020561346126874113,-0.0600927436707872,0.02026591247411983,False,0.001713304664818983,-0.03766992398012174,0.04269154148743089,False,False,No determination
410027,-0.04252323198352869,-0.07386110041891646,-0.012822324153222042,True,-0.02024858119183558,-0.051674259300608455,0.009819200790779338,False,False,"Changed, in line with the country"
410028,-0.03188952286395667,-0.06798645053230637,0.0034827252901211986,False,-0.00961487207226357,-0.0461010060652203,0.02595775443654842,False,False,No determination
410029,-0.029465436346338213,-0.06819194163068533,0.009196639931480574,False,-0.007190785554645112,-0.046138643734904075,0.03201346225870132,False,False,No determination
420001,-0.020736668432660782,-0.047805420882934505,0.006817807905434716,False,0.0015379823590323184,-0.025632059866306102,0.02973796197415322,False,False,No determination
420002,-0.018617395541007668,-0.05042754621189549,0.013485887732384471,False,0.0036572552506854332,-0.028181857557432532,0.03627849648139231,False,False,No determination
420003,0.0007146759457319877,-0.03290690687621103,0.034751177107643395,False,0.022989326737425087,-0.010595661757758895,0.056638313087153114,False,False,No determination
420004,-0.02323559456843325,-0.058016044672668146,0.011316819253957375,False,-0.0009609437767401501,-0.035705311546493826,0.03361930377785484,False,False,No determination
420005,-0.02903084555219748,-0.060729065155595334,0.0015102575227121003,False,-0.00675619476050438,-0.038530609376847165,0.02359895263571945,False,False,No determination
420006,-0.037009717457590775,-0.07644291581997659,0.0009131324857788445,False,-0.014735066665897675,-0.053504264084594334,0.023428387446218144,False,False,No determination
420007,-0.029045165318770983,-0.06284632425478667,0.0041483432341538114,False,-0.006770514527077883,-0.040492684051598046,0.02683526969940756,False,False,No determination
420008,-0.007165351476327017,-0.04272889206069439,0.028809558982421428,False,0.015109299315366082,-0.020828919511916788,0.051053533928974736,False,False,No determination
420009,-0.03428893475612423,-0.06994188751146606,0.0004666030893073669,False,-0.012014283964431138,-0.04751293056967428,0.022445176810549607,False,False,No determination
420010,-0.008325898096963267,-0.045611071104813855,0.028214517363665235,False,0.013948752694729833,-0.0231446013928702,0.05037154607264486,False,False,No determination
420011,-0.013923190371088445,-0.049968441034519,0.022387825522064232,False,0.008351460420604657,-0.027497789451571317,0.044765545406527336,False,False,No determination
420012,-0.01929497186610325,-0.0585365887308099,0.020214750199833566,False,0.002979678925589849,-0.03598978681990562,0.04192861557549024,False,False,No determination
420013,-0.010592340304302362,-0.04952924163733191,0.029105315047378077,False,0.011682310487390738,-0.027226073214578518,0.0518294048035495,False,False,No determination
420014,-0.00900283813507423,-0.045741628370228486,0.028526123311479152,False,0.013271812656618868,-0.02392336116030105,0.05077317372450555,False,False,No determination
420015,-0.019547275030228902,-0.05667661030721581,0.01690258611022905,False,0.0027273757614641944,-0.034881048606382754,0.03937154633563346,False,False,No determination
420016,-0.03920068361764046,-0.06897393217198264,-0.010225904170189896,True,-0.01692603282594736,-0.046773924095091825,0.012673031000990046,False,False,"Changed, in line with the country"
420017,-0.022879005896771106,-0.05783525145225739,0.012115841277968728,False,-0.0006043551050780054,-0.03560826594108076,0.03445720041194396,False,False,No determination
420018,-0.02320079476220592,-0.06029328393643698,0.014485262106733668,False,-0.0009261439705128193,-0.03771906807689748,0.03669217134706758,False,False,No determination
420019,-0.022024357864614964,-0.05126061586888293,0.006938049544699238,False,0.00025029292707813745,-0.028929752556157057,0.029569853359054665,False,False,No determination
420020,-0.014535038485859447,-0.04220474162313036,0.0139895643702121,False,0.007739612305833651,-0.019955722759281622,0.03665090082667919,False,False,No determination
420021,-0.04311607501881808,-0.07825095378708166,-0.008112823608212234,True,-0.02084142422712499,-0.05645448895025225,0.01423555384985043,False,False,"Changed, in line with the country"
420022,-0.01822052282258327,-0.053428952948101134,0.017566344276175188,False,0.004054127969109827,-0.03127698277535105,0.0399668746530296,False,False,No determination
420023,-0.020088472603164525,-0.05756718879317542,0.01845629023011362,False,0.0021861781885285704,-0.03520240614685033,0.04124482259669773,False,False,No determination
420024,-0.008482644163772325,-0.04644193819769228,0.03164115861004205,False,0.013792006627920775,-0.024446889175465267,0.05393085762767245,False,False,No determination
430001,-0.021028944148023025,-0.047289474990847624,0.00490621286861852,False,0.0012457066436700735,-0.025655117798584565,0.02783128961012097,False,False,No determination
430002,-0.024024808164479473,-0.05193413183103175,0.003860881125809655,False,-0.0017501573727863727,-0.03042048680121058,0.026156914549488066,False,False,No determination
430003,-0.005210956236905495,-0.03828780840285634,0.028848373006518647,False,0.017063694554787602,-0.015388122611673674,0.05133982572929402,False,False,No determination
430004,-0.024623692451927654,-0.06000885190917259,0.010770616086720562,False,-0.002349041660234551,-0.03834140629804665,0.03324115191599957,False,False,No determination
430005,-0.022783188138038087,-0.06056641207828619,0.014197845614087242,False,-0.0005085373463449876,-0.03821259804519457,0.03688859243480933,False,False,No determination
430006,-0.01583005759076419,-0.05428255988744834,0.021840629579290467,False,0.00644459320092891,-0.03191424921436562,0.044349148852006436,False,False,No determination
430007,-0.028583710067650942,-0.06705100648786828,0.009358759058480924,False,-0.00630905927595784,-0.045419936381971185,0.03196956077559902,False,False,No determination
430008,-0.021370708341703945,-0.059930749979972955,0.01756445538754492,False,0.0009039424499891518,-0.03801704215249928,0.04039142752154964,False,False,No determination
430009,-0.028699283061432733,-0.05759753385109857,-8.723766958265572e-05,True,-0.006424632269739636,-0.035773670507764685,0.022183788888340498,False,False,"Changed, in line with the country"
430010,-0.02713787918886549,-0.06305813564523302,0.008032117101665242,False,-0.004863228397172393,-0.04059057944523225,0.030393572696144854,False,False,No determination
430011,-0.027342104463946613,-0.06114005547188865,0.00700632981802729,False,-0.005067453672253512,-0.03881521522824406,0.02924112476895602,False,False,No determination
430012,-0.028127775098295726,-0.06522262798754583,0.008770613396594696,False,-0.005853124306602627,-0.04289658209090951,0.030718575092162578,False,False,No determination
430013,-0.027056604695859455,-0.06460172483041557,0.012134847819435137,False,-0.0047819539041663575,-0.042553420959892126,0.03467340772355617,False,False,No determination
430014,-0.031746620633718366,-0.07146831047589455,0.006904279367565991,False,-0.009471969842025267,-0.049773198965215565,0.02910740415228949,False,False,No determination
430015,-0.0236248114327703,-0.05682756492749933,0.011349612160370412,False,-0.001350160641077201,-0.034547355324552304,0.03361764680580801,False,False,No determination
430016,-0.010090313319438984,-0.04415891428973113,0.024645601760638135,False,0.012184337472254118,-0.022342986529310056,0.047565050128064675,False,False,No determination
430017,-0.04225531972416091,-0.07966975739306449,-0.0058161769580864645,True,-0.019980668932467815,-0.05760036569766612,0.016276216050758935,False,False,"Changed, in line with the country"
430018,-0.02376254649656747,-0.05841161168588435,0.01271981658441913,False,-0.0014878957048743728,-0.03657994747899268,0.03484271221364744,False,False,No determination
430019,-0.042131320432235,-0.08140056548348415,-0.003822410793859938,True,-0.0198566696405419,-0.058835385888533445,0.018506509221969336,False,False,"Changed, in line with the country"
430020,-0.020683999782242227,-0.05680903653075018,0.016084988183852827,False,0.0015906510094508702,-0.03472113040639051,0.038504381932728926,False,False,No determination
430021,-0.020517880250833655,-0.056851510937094556,0.016536687247755297,False,0.0017567705408594442,-0.03406823302320098,0.03836646890381629,False,False,No determination
430022,-0.021908202746840407,-0.060475657007090025,0.01682004656399287,False,0.00036644804485269243,-0.03775375410288859,0.039098828393577964,False,False,No determination
430023,-0.02658178981914815,-0.06541585604498026,0.011772413952399417,False,-0.0043071390274550475,-0.0430012302510623,0.03445284030063022,False,False,No determination
430024,-0.025374699577455778,-0.06427527240218786,0.014795621147672609,False,-0.0031000487857626804,-0.04218035669306405,0.036936679808895395,False,False,No determination
430025,-0.021721448149313368,-0.057301597651706275,0.01529435001598665,False,0.0005532026423797329,-0.03522628848188245,0.03733381880694537,False,False,No determination
430026,-0.023151816124813342,-0.058112848756261264,0.011647402391994445,False,-0.0008771653331202417,-0.03562512741168728,0.03396325427692931,False,False,No determination
430027,-0.02434433714159828,-0.06025667553643704,0.012269778200638168,False,-0.0020696863499051776,-0.03809511001028536,0.03460528595202298,False,False,No determination
430028,-0.03315811891252355,-0.07051919124414949,0.004453419730021523,False,-0.010883468120830457,-0.048768320916351304,0.02647914498825612,False,False,No determination
430029,-0.020922984948284103,-0.05864025625822797,0.017257219926954157,False,0.001351665843408998,-0.03637983420916391,0.039689701556579145,False,False,No determination
430030,-0.03373334431954576,-0.07396191913116239,0.0048482735673210705,False,-0.011458693527852662,-0.051471992615271585,0.027209655239451996,False,False,No determination
430031,-0.024519057140639747,-0.06468445607036952,0.014901170747650376,False,-0.002244406348946642,-0.04225392705438569,0.037533043828869,False,False,No determination
430032,-0.029835627915641944,-0.06958054929275709,0.008797129796077063,False,-0.007560977123948843,-0.04726461454203783,0.030995856790404237,False,False,No determination
430033,-0.02840220204398471,-0.06828585771509611,0.009988035066410994,False,-0.0061275512522916105,-0.045793835636142415,0.032666493896383576,False,False,No determination
430034,-0.03537751827704834,-0.07530691344940363,0.003646727755220399,False,-0.01310286748535524,-0.0531921569678313,0.025791374429580134,False,False,No determination
430035,-0.015982866547951783,-0.05441315129936455,0.02290405305735999,False,0.006291784243741317,-0.03229473072992234,0.045121086955036055,False,False,No determination
430036,-0.0270977697924177,-0.059713915736927546,0.005325574594696969,False,-0.004823119000724601,-0.03754846633111096,0.027733677412736267,False,False,No determination
430037,-0.024978911287737274,-0.061688556968152876,0.012126122208883967,False,-0.0027042604960441762,-0.039818950390537344,0.03408295409673747,False,False,No determination
430038,-0.028782738808136466,-0.06685704315532319,0.009171572778144853,False,-0.0065080880164433644,-0.04429199055744651,0.0317080729745282,False,False,No determination
430039,-0.008556632365305995,-0.046377915368240895,0.029904852574787893,False,0.013718018426387105,-0.02395003232869089,0.05191411503176618,False,False,No determination
430040,-0.019391306324255963,-0.05246989979115014,0.014195319098331851,False,0.002883344467437134,-0.030334140132560323,0.036818081190840964,False,False,No determination
430041,-0.049769105915547285,-0.08562787078272532,-0.01584511911054933,True,-0.02749445512385419,-0.06329276776197659,0.006815981921110305,False,False,"Changed, in line with the country"
430042,-0.02792909102992292,-0.06693869271500998,0.010856446497442876,False,-0.005654440238229824,-0.044896048317407095,0.03314794140773356,False,False,No determination
430043,-0.01948187984715416,-0.0593174343270814,0.020392913360999358,False,0.0027927709445389392,-0.03707199979109995,0.042760601412669026,False,False,No determination
500001,-0.021937797248185682,-0.04990268197815355,0.006398563982827646,False,0.0003368535435074175,-0.027948794320997065,0.02893350182791413,False,False,No determination
500002,-0.021430896358757386,-0.05572185804457878,0.013020591351246296,False,0.0008437544329357145,-0.033132761093662894,0.035088887103668885,False,False,No determination
500003,-0.02225998854535583,-0.05839102062584131,0.013108570118246185,False,1.466224633726826e-05,-0.036509243607766986,0.035437036508327364,False,False,No determination
500004,-0.023042058358309022,-0.060024009107951165,0.014136015585693476,False,-0.0007674075666159186,-0.03767046638280136,0.03634211533632927,False,False,No determination
500005,-0.018585590419324796,-0.049123492384628015,0.012715419481149317,False,0.003689060372368303,-0.026808664803699218,0.035007339284572954,False,False,No determination
500006,-0.009894956398330585,-0.04578863267810782,0.026418561411269935,False,0.012379694393362513,-0.023597841494920235,0.04912128227119319,False,False,No determination
500007,-0.016440796340378334,-0.05476457995185952,0.020997533781258522,False,0.005833854451314767,-0.03215086475824573,0.04385884959286418,False,False,No determination
500008,-0.020079463278969804,-0.055353267789050524,0.015322064983539604,False,0.002195187512723297,-0.03342665846450089,0.037527496753484296,False,False,No determination
500009,-0.014340167598349768,-0.04896087721412675,0.020887743460288877,False,0.00793448319334333,-0.026620705935287554,0.042788146532701084,False,False,No determination
500010,-0.02651986933499145,-0.0613248460742663,0.008112794762179718,False,-0.004245218543298347,-0.0391831874622012,0.030326630167653097,False,False,No determination
500011,-0.031273783223224605,-0.06684364265255413,0.00430984521000617,False,-0.008999132431531505,-0.045015983188132165,0.02695665835924311,False,False,No determination
500012,-0.039201320976753294,-0.07549503548628424,-0.0034253099228397192,True,-0.0169266701850602,-0.05282710421507235,0.018876022906225816,False,False,"Changed, in line with the country"
510001,-0.013499107184579081,-0.03996708146983754,0.012900917567710411,False,0.008775543607114019,-0.018330494599053962,0.035678081148679465,False,False,No determination
510002,-0.013166177842910727,-0.0457184542117211,0.018592788203174254,False,0.009108472948782372,-0.023392472985064673,0.04102600366768051,False,False,No determination
510003,-0.015252071567144634,-0.053647436539683985,0.02412805994626218,False,0.007022579224548465,-0.03136190077098077,0.04578223693195191,False,False,No determination
510004,-0.015787606705672537,-0.0525458754899206,0.020396662180692738,False,0.006487044086020561,-0.030431803122526312,0.04304941147777002,False,False,No determination
510005,-0.008438647143168033,-0.044546878371725634,0.02700811966324696,False,0.013836003648525065,-0.021902028908430647,0.04910134471382594,False,False,No determination
510006,-0.0151683144728207,-0.05236134695311372,0.02258562941862117,False,0.0071063363188723985,-0.030134456478281783,0.044427571702596654,False,False,No determination
510007,-0.025478337726211928,-0.05717969622901742,0.005539057390773482,False,-0.0032036869345188224,-0.03447292052879159,0.027923611494255183,False,False,No determination
510008,-0.005268315284724908,-0.03688313170689968,0.027649149613169378,False,0.01700633550696819,-0.014871473273598244,0.0495495668666526,False,False,No determination
510009,-0.012862904518853175,-0.04828899584626927,0.023285609385021916,False,0.009411746272839925,-0.02609129885536045,0.045665360831328904,False,False,No determination
510010,-0.009099760256941047,-0.04549339019147489,0.02772967873861194,False,0.013174890534752052,-0.022989989087526818,0.049731599058813095,False,False,No determination
510011,-0.020333026724745767,-0.05708571738167424,0.015337882356592442,False,0.001941624066947333,-0.034859473055323394,0.03749611653269197,False,False,No determination
510012,-0.01269572002067109,-0.0506270654968989,0.024689691279364597,False,0.009578930771022008,-0.028445521987332828,0.046904541618128306,False,False,No determination
510013,-0.01120032387336263,-0.04661693408574265,0.02475232600092022,False,0.011074326918330468,-0.02440618655695041,0.04722136018061066,False,False,No determination
510014,-0.016085808874330716,-0.05202170382226755,0.01979804483937076,False,0.006188841917362384,-0.029911893148512947,0.04225836303052646,False,False,No determination
510015,-0.006008634643128798,-0.03952722906914152,0.02807234764201133,False,0.0162660161485643,-0.016979249584881395,0.05021389938269184,False,False,No determination
510016,-0.011785618381337038,-0.045172945550736976,0.022540202122492293,False,0.010489032410356064,-0.0234184446118966,0.0448667299792049,False,False,No determination
510017,-0.026391797577016696,-0.0629261500898388,0.010231610364068972,False,-0.004117146785323597,-0.04043166554621196,0.03231968087211377,False,False,No determination
510018,-0.015764935293781698,-0.054964143761132414,0.02354677730728088,False,0.006509715497911403,-0.03352419552458248,0.04567834443255624,False,False,No determination
520001,-0.03123085828735126,-0.05592746240693968,-0.0068324210515804985,True,-0.008956207495658161,-0.033960676337837524,0.015620090756996293,False,False,"Changed, in line with the country"
520002,-0.03851185107458209,-0.06744501602877317,-0.01022743556100834,True,-0.01623720028288899,-0.04511989484323281,0.01195069805713031,False,False,"Changed, in line with the country"
520003,-0.018272263288875108,-0.052804018668142765,0.01720462970316924,False,0.004002387502817993,-0.030933085995468047,0.03965821916351897,False,False,No determination
520004,-0.03444971350884046,-0.07024298260495448,0.0011750831824831112,False,-0.012175062717147363,-0.047654779702209445,0.023710660511472782,False,False,No determination
520005,-0.038223122139359376,-0.07516698470825936,-0.0026040364363117035,True,-0.015948471347666273,-0.05306613511190323,0.02014366173118703,False,False,"Changed, in line with the country"
520006,-0.02535222199885896,-0.06408877789590157,0.014209670865691698,False,-0.003077571207165859,-0.041906277204969214,0.03694772449358076,False,False,No determination
520007,-0.03191473348944599,-0.06639722058173948,0.0023228284451830145,False,-0.009640082697752893,-0.043709728775202315,0.024504044997247478,False,False,No determination
520008,-0.021427235180687235,-0.05594050046525818,0.01392747796175109,False,0.000847415611005862,-0.034227597705233655,0.03649888618371816,False,False,No determination
520009,-0.03562729241710615,-0.07399158257986213,0.0023962001623220887,False,-0.013352641625413055,-0.05227874962064598,0.025050853673890806,False,False,No determination
520010,-0.023164792430196476,-0.05491533201178565,0.008439687555742363,False,-0.0008901416385033779,-0.03281885794705699,0.03135802226349316,False,False,No determination
520011,-0.02719399284381998,-0.060039709763726745,0.005933766669014327,False,-0.004919342052126883,-0.03808615349092567,0.0283636321452685,False,False,No determination
520012,-0.03752989439751998,-0.07374023904255651,-0.0016247222729439239,True,-0.015255243605826876,-0.05138158660088537,0.02030543981127108,False,False,"Changed, in line with the country"
520013,-0.030536672584981727,-0.07121235637026838,0.008994150220271174,False,-0.008262021793288629,-0.04897421424250543,0.031186663227538474,False,False,No determination
520014,-0.02516700986848476,-0.062057679986438734,0.01207122272236798,False,-0.002892359076791663,-0.04036956535092544,0.03441093193418564,False,False,No determination
520015,-0.046159732599730295,-0.08277569933559159,-0.011311498800175793,True,-0.023885081808037202,-0.06047669762498641,0.010531361777170232,False,False,"Changed, in line with the country"
520016,-0.024963993044215635,-0.06019229632197696,0.010720522105800993,False,-0.0026893422525225362,-0.03798929735443771,0.03270492881493336,False,False,No determination
520017,-0.03787364311306365,-0.07399957098071784,-0.0015224674249899818,True,-0.015598992321370547,-0.05183655226800917,0.02108013865463226,False,False,"Changed, in line with the country"
520018,-0.019242976426466014,-0.05183442012975513,0.014395636099753636,False,0.003031674365227084,-0.03009343711559283,0.036509068929691156,False,False,No determination
520019,-0.0028820471393209424,-0.03189027725317319,0.02666558522053174,False,0.01939260365237215,-0.010007390987610623,0.04921601783217729,False,False,No determination
520020,-0.0266267976978058,-0.05787660490344141,0.004036086562255307,False,-0.0043521469061127025,-0.03586527360657551,0.02648776848711889,False,False,No determination
520021,-0.023807513587887335,-0.059427748641310375,0.012626334115836958,False,-0.0015328627961942347,-0.036606527594120246,0.03483629738557557,False,False,No determination
520022,-0.03585199024778393,-0.07491894545411718,0.002750131540409291,False,-0.013577339456090826,-0.052484401701753565,0.02520443101900757,False,False,No determination
530001,-0.056565664669305134,-0.08263589026698112,-0.030375299503568032,True,-0.034291013877612034,-0.060447708256400196,-0.008149672537143555,False,True,Ahead of the country
